dep_julian,arr_julian,dep_iso,arr_iso,tof_days,dv_total_kms,dv_dep_kms,dv_arr_kms
2462502.5,2463186.4322033897,2030-01-01 00:00:00.000,2031-11-15 22:22:22.373,683.9322033898305,19.42443562897137,7.938115022056245,11.486320606915124
2462502.5,2463204.8898305083,2030-01-01 00:00:00.000,2031-12-04 09:21:21.356,702.3898305084747,18.472155929390315,6.867151016873221,11.605004912517094
2462502.5,2463223.3474576278,2030-01-01 00:00:00.000,2031-12-22 20:20:20.339,720.8474576271187,17.87755774042291,6.038712563108802,11.838845177314106
2462502.5,2463241.805084746,2030-01-01 00:00:00.000,2032-01-10 07:19:19.322,739.3050847457628,17.914696805233163,5.696378238404832,12.218318566828332
2462502.5,2463260.2627118644,2030-01-01 00:00:00.000,2032-01-28 18:18:18.305,757.7627118644068,18.9266359502142,6.139006945887703,12.787629004326496
2462503.5,2463187.4322033897,2030-01-02 00:00:00.000,2031-11-16 22:22:22.373,683.9322033898305,19.50799791356396,7.975221644123257,11.532776269440705
2462503.5,2463205.8898305083,2030-01-02 00:00:00.000,2031-12-05 09:21:21.356,702.3898305084747,18.541357838445663,6.895612598687994,11.645745239757671
2462503.5,2463224.3474576278,2030-01-02 00:00:00.000,2031-12-23 20:20:20.339,720.8474576271187,17.928442742062686,6.055765120441169,11.872677621621518
2462503.5,2463242.805084746,2030-01-02 00:00:00.000,2032-01-11 07:19:19.322,739.3050847457628,17.940321133547943,5.696936220568288,12.243384912979655
2462503.5,2463261.2627118644,2030-01-02 00:00:00.000,2032-01-29 18:18:18.305,757.7627118644068,18.91894528517277,6.117879129111907,12.801066156060864
2462504.5,2463188.4322033897,2030-01-03 00:00:00.000,2031-11-17 22:22:22.373,683.9322033898305,19.592269855148864,8.013001151024442,11.579268704124424
2462504.5,2463206.8898305083,2030-01-03 00:00:00.000,2031-12-06 09:21:21.356,702.3898305084747,18.611400021988427,6.9249245795256185,11.68647544246281
2462504.5,2463225.3474576278,2030-01-03 00:00:00.000,2031-12-24 20:20:20.339,720.8474576271187,17.980335847578484,6.0738686511682,11.906467196410285
2462504.5,2463243.805084746,2030-01-03 00:00:00.000,2032-01-12 07:19:19.322,739.3050847457628,17.96706964600506,5.698671058955859,12.268398587049203
2462504.5,2463262.2627118644,2030-01-03 00:00:00.000,2032-01-30 18:18:18.305,757.7627118644068,18.912319695623108,6.097835890773633,12.814483804849475
2462505.5,2463189.4322033897,2030-01-04 00:00:00.000,2031-11-18 22:22:22.373,683.9322033898305,19.67714385830736,8.051351724081112,11.62579213422625
2462505.5,2463207.8898305083,2030-01-04 00:00:00.000,2031-12-07 09:21:21.356,702.3898305084747,18.68220888126959,6.955018413746759,11.727190467522831
2462505.5,2463226.3474576278,2030-01-04 00:00:00.000,2031-12-25 20:20:20.339,720.8474576271187,18.033216720781983,6.093006902687441,11.940209818094544
2462505.5,2463244.805084746,2030-01-04 00:00:00.000,2032-01-13 07:19:19.322,739.3050847457628,17.99499872739279,5.701642089790187,12.293356637602605
2462505.5,2463263.2627118644,2030-01-04 00:00:00.000,2032-01-31 18:18:18.305,757.7627118644068,18.906893931283378,6.079013922831185,12.827880008452192
2462506.5,2463190.4322033897,2030-01-05 00:00:00.000,2031-11-19 22:22:22.373,683.9322033898305,19.76246808999413,8.090128755252143,11.672339334741986
2462506.5,2463208.8898305083,2030-01-05 00:00:00.000,2031-12-08 09:21:21.356,702.3898305084747,18.753656496581463,6.985772744530138,11.767883752051326
2462506.5,2463227.3474576278,2030-01-05 00:00:00.000,2031-12-26 20:20:20.339,720.8474576271187,18.087000002971934,6.113100193762023,11.97389980920991
2462506.5,2463245.805084746,2030-01-05 00:00:00.000,2032-01-14 07:19:19.322,739.3050847457628,18.02409351786064,5.705839105776995,12.318254412083643
2462506.5,2463264.2627118644,2030-01-05 00:00:00.000,2032-02-01 18:18:18.305,757.7627118644068,18.902737283796995,6.06148629562639,12.841250988170604
2462507.5,2463191.4322033897,2030-01-06 00:00:00.000,2031-11-20 22:22:22.373,683.9322033898305,19.848069861422424,8.129168030155828,11.718901831266596
2462507.5,2463209.8898305083,2030-01-06 00:00:00.000,2031-12-09 09:21:21.356,702.3898305084747,18.82558176245685,7.0170343558769215,11.808547406579924
2462507.5,2463228.3474576278,2030-01-06 00:00:00.000,2031-12-27 20:20:20.339,720.8474576271187,18.14155171929168,6.13402165457311,12.007530064718566
2462507.5,2463246.805084746,2030-01-06 00:00:00.000,2032-01-15 07:19:19.322,739.3050847457628,18.05427559891305,5.711189896758561,12.343085702154497
2462507.5,2463265.2627118644,2030-01-06 00:00:00.000,2032-02-02 18:18:18.305,757.7627118644068,18.899849877287004,6.045258630200779,12.854591247086224
2462508.5,2463192.4322033897,2030-01-07 00:00:00.000,2031-11-21 22:22:22.373,683.9322033898305,19.93377967537578,8.168309434978992,11.76547024039679
2462508.5,2463210.8898305083,2030-01-07 00:00:00.000,2031-12-10 09:21:21.356,702.3898305084747,18.89781496947974,7.048642413689621,11.849172555790116
2462508.5,2463229.3474576278,2030-01-07 00:00:00.000,2031-12-28 20:20:20.339,720.8474576271187,18.196712877444625,6.155620482979764,12.041092394464863
2462508.5,2463247.805084746,2030-01-07 00:00:00.000,2032-01-16 07:19:19.322,739.3050847457628,18.085422069322757,5.717578982000802,12.367843087321951
2462508.5,2463266.2627118644,2030-01-07 00:00:00.000,2032-02-03 18:18:18.305,757.7627118644068,18.89817305567848,6.030279142121121,12.86789391355736
2462509.5,2463211.8898305083,2030-01-08 00:00:00.000,2031-12-11 09:21:21.356,702.3898305084747,18.97019815787157,7.080448417285983,11.889749740585588
2462509.5,2463230.3474576278,2030-01-08 00:00:00.000,2031-12-29 20:20:20.339,720.8474576271187,18.252322230821235,6.177744288987598,12.074577941833637
2462509.5,2463248.805084746,2030-01-08 00:00:00.000,2032-01-17 07:19:19.322,739.3050847457628,18.11738857295757,5.724870200402256,12.39251837255531
2462509.5,2463267.2627118644,2030-01-08 00:00:00.000,2032-02-04 18:18:18.305,757.7627118644068,18.897608484648217,6.016457283885154,12.88115120076306
2462510.5,2463212.8898305083,2030-01-09 00:00:00.000,2031-12-12 09:21:21.356,702.3898305084747,19.04259671023064,7.112327422230345,11.930269288000291
2462510.5,2463231.3474576278,2030-01-09 00:00:00.000,2031-12-30 20:20:20.339,720.8474576271187,18.308232142867716,6.200254564977942,12.10797757788977
2462510.5,2463249.805084746,2030-01-09 00:00:00.000,2032-01-18 07:19:19.322,739.3050847457628,18.15002891432262,5.732925903644658,12.41710301067796
2462510.5,2463268.2627118644,2030-01-09 00:00:00.000,2032-02-05 18:18:18.305,757.7627118644068,18.89803847037743,6.003683607452671,12.89435486292476
2462511.5,2463213.8898305083,2030-01-10 00:00:00.000,2031-12-13 09:21:21.356,702.3898305084747,19.114902048457147,7.144180457252327,11.97072159120482
2462511.5,2463232.3474576278,2030-01-10 00:00:00.000,2031-12-31 20:20:20.339,720.8474576271187,18.36431566574838,6.223033459760485,12.141282205987896
2462511.5,2463250.805084746,2030-01-10 00:00:00.000,2032-01-19 07:19:19.322,739.3050847457628,18.183207210194887,5.741618774304293,12.441588435890592
2462511.5,2463269.2627118644,2030-01-10 00:00:00.000,2032-02-06 18:18:18.305,757.7627118644068,18.89934169685224,5.991845132819358,12.907496564032884
2462512.5,2463214.8898305083,2030-01-11 00:00:00.000,2031-12-14 09:21:21.356,702.3898305084747,19.18702834135112,7.175931055040008,12.011097286311111
2462512.5,2463233.3474576278,2030-01-11 00:00:00.000,2032-01-01 20:20:20.339,720.8474576271187,18.420466576820974,6.245983618105786,12.17448295871519
2462512.5,2463251.805084746,2030-01-11 00:00:00.000,2032-01-20 07:19:19.322,739.3050847457628,18.216802487654583,5.750836203136311,12.465966284518272
2462512.5,2463270.2627118644,2030-01-11 00:00:00.000,2032-02-07 18:18:18.305,757.7627118644068,18.901402193631004,5.980834065658318,12.920568127972686
2462513.5,2463215.8898305083,2030-01-12 00:00:00.000,2031-12-15 09:21:21.356,702.3898305084747,19.2589067614636,7.207519417105336,12.051387344358265
2462513.5,2463234.3474576278,2030-01-12 00:00:00.000,2032-01-02 20:20:20.339,720.8474576271187,18.476595569592977,6.269024265811965,12.207571303781013
2462513.5,2463252.805084746,2030-01-12 00:00:00.000,2032-01-21 07:19:19.322,739.3050847457628,18.25070803210692,5.760479514656093,12.490228517450824
2462513.5,2463271.2627118644,2030-01-12 00:00:00.000,2032-02-08 18:18:18.305,757.7627118644068,18.904112384133253,5.970550702435013,12.93356168169824
2462514.5,2463216.8898305083,2030-01-13 00:00:00.000,2031-12-16 09:21:21.356,702.3898305084747,19.33047980146319,7.238896692477201,12.09158310898599
2462514.5,2463235.3474576278,2030-01-13 00:00:00.000,2032-01-03 20:20:20.339,720.8474576271187,18.53262531602457,6.292086226212345,12.240539089812229
2462514.5,2463253.805084746,2030-01-13 00:00:00.000,2032-01-22 07:19:19.322,739.3050847457628,18.28482812780809,5.770460652083308,12.51436747572478
2462514.5,2463272.2627118644,2030-01-13 00:00:00.000,2032-02-09 18:18:18.305,757.7627118644068,18.90737228656566,5.9609025632395225,12.946469723326135
2462515.5,2463217.8898305083,2030-01-14 00:00:00.000,2031-12-17 09:21:21.356,702.3898305084747,19.401696892814645,7.270020583864469,12.131676308950176
2462515.5,2463236.3474576278,2030-01-14 00:00:00.000,2032-01-04 20:20:20.339,720.8474576271187,18.5884860018581,6.3151074391849935,12.27337856267311
2462515.5,2463254.805084746,2030-01-14 00:00:00.000,2032-01-23 07:19:19.322,739.3050847457628,18.31907407749052,5.780698175920019,12.5383759015705
2462515.5,2463273.2627118644,2030-01-14 00:00:00.000,2032-02-10 18:18:18.305,757.7627118644068,18.91108673726458,5.951801587830947,12.959285149433631
2462516.5,2463218.8898305083,2030-01-15 00:00:00.000,2031-12-18 09:21:21.356,702.3898305084747,19.472511902974013,7.3008528338805,12.171659069093511
2462516.5,2463237.3474576278,2030-01-15 00:00:00.000,2032-01-05 20:20:20.339,720.8474576271187,18.64411221193179,6.338029834283771,12.30608237764802
2462516.5,2463255.805084746,2030-01-15 00:00:00.000,2032-01-24 07:19:19.322,739.3050847457628,18.353360686429863,5.791113734162775,12.56224695226709
2462516.5,2463274.2627118644,2030-01-15 00:00:00.000,2032-02-11 18:18:18.305,757.7627118644068,18.91516196571729,5.943160694441182,12.972001271276111
2462517.5,2463219.8898305083,2030-01-16 00:00:00.000,2031-12-19 09:21:21.356,702.3898305084747,19.542882928624284,7.331358990332636,12.211523938291649
2462517.5,2463238.3474576278,2030-01-16 00:00:00.000,2032-01-06 20:20:20.339,720.8474576271187,18.69944183608488,6.360798208310093,12.338643627774788
2462517.5,2463256.805084746,2030-01-16 00:00:00.000,2032-01-25 07:19:19.322,739.3050847457628,18.387604161043505,5.801629931898727,12.585974229144776
2462517.5,2463275.2627118644,2030-01-16 00:00:00.000,2032-02-12 18:18:18.305,757.7627118644068,18.9195026383168,5.934890793608038,12.984611844708764
2462518.5,2463220.8898305083,2030-01-17 00:00:00.000,2031-12-20 09:21:21.356,702.3898305084747,19.61277464838191,7.361510700870456,12.251263947511456
2462518.5,2463239.3474576278,2030-01-17 00:00:00.000,2032-01-07 20:20:20.339,720.8474576271187,18.754417542906918,6.383361639672523,12.371055903234392
2462518.5,2463257.805084746,2030-01-17 00:00:00.000,2032-01-26 07:19:19.322,739.3050847457628,18.42172231010821,5.812170471431135,12.609551838677076
2462518.5,2463276.2627118644,2030-01-17 00:00:00.000,2032-02-13 18:18:18.305,757.7627118644068,18.924010524339003,5.926899391136949,12.997111133202052
2462519.5,2463221.8898305083,2030-01-18 00:00:00.000,2031-12-21 09:21:21.356,702.3898305084747,19.682163068884325,7.391290365571899,12.290872703312424
2462519.5,2463240.3474576278,2030-01-18 00:00:00.000,2032-01-08 20:20:20.339,720.8474576271187,18.808990981556263,6.405677592826684,12.40331338872958
2462519.5,2463258.805084746,2030-01-18 00:00:00.000,2032-01-27 07:19:19.322,739.3050847457628,18.455637650346887,5.822663155915543,12.632974494431345
2462519.5,2463277.2627118644,2030-01-18 00:00:00.000,2032-02-14 18:18:18.305,757.7627118644068,18.928585828936757,5.919091814002338,13.009494014934416
2462520.5,2463222.8898305083,2030-01-19 00:00:00.000,2031-12-22 09:21:21.356,702.3898305084747,19.7510418915918,7.420697379870627,12.330344511721172
2462520.5,2463241.3474576278,2030-01-19 00:00:00.000,2032-01-09 20:20:20.339,720.8474576271187,18.86312924078692,6.427718245893763,12.43541099489316
2462520.5,2463259.805084746,2030-01-19 00:00:00.000,2032-01-28 07:19:19.322,739.3050847457628,18.48928341799316,5.833045760815252,12.656237657177904
2462520.5,2463278.2627118644,2030-01-19 00:00:00.000,2032-02-15 18:18:18.305,757.7627118644068,18.933131777872077,5.911375645064767,13.021756132807306
2462521.5,2463223.8898305083,2030-01-20 00:00:00.000,2031-12-23 09:21:21.356,702.3898305084747,19.81942917842272,7.449754662033252,12.369674516389468
2462521.5,2463242.3474576278,2030-01-20 00:00:00.000,2032-01-10 20:20:20.339,720.8474576271187,18.916822433382187,6.449477925449887,12.4673445079323
2462521.5,2463260.805084746,2030-01-20 00:00:00.000,2032-01-29 07:19:19.322,739.3050847457628,18.52261173796044,5.843274040282783,12.679337697677656
2462521.5,2463279.2627118644,2030-01-20 00:00:00.000,2032-02-16 18:18:18.305,757.7627118644068,18.93756230227637,5.903668229934934,13.033894072341436
2462522.5,2463224.8898305083,2030-01-21 00:00:00.000,2031-12-24 09:21:21.356,702.3898305084747,19.88737266907512,7.478513843018467,12.40885882605665
2462522.5,2463243.3474576278,2030-01-21 00:00:00.000,2032-01-11 20:20:20.339,720.8474576271187,18.97009077011914,6.470980038313253,12.499110731805883
2462522.5,2463261.805084746,2030-01-21 00:00:00.000,2032-01-30 07:19:19.322,739.3050847457628,18.55560249798693,5.853330442384037,12.702272055602895
2462522.5,2463280.2627118644,2030-01-21 00:00:00.000,2032-02-17 18:18:18.305,757.7627118644068,18.941811832076738,5.89590629209556,13.04590553998118
2462523.5,2463225.8898305083,2030-01-22 00:00:00.000,2031-12-25 09:21:21.356,702.3898305084747,19.954952127509745,7.507057525335684,12.447894602174056
2462523.5,2463244.3474576278,2030-01-22 00:00:00.000,2032-01-12 20:20:20.339,720.8474576271187,19.02298929468056,6.492281702617132,12.530707592063424
2462523.5,2463262.805084746,2030-01-22 00:00:00.000,2032-01-31 07:19:19.322,739.3050847457628,18.588270996416224,5.86323163467968,12.725039361736544
2462523.5,2463281.2627118644,2030-01-22 00:00:00.000,2032-02-18 18:18:18.305,757.7627118644068,18.945845446727134,5.888055940042071,13.057789506685063
2462524.5,2463245.3474576278,2030-01-23 00:00:00.000,2032-01-13 20:20:20.339,720.8474576271187,19.07560875459574,6.513474582110998,12.562134172484743
2462524.5,2463263.805084746,2030-01-23 00:00:00.000,2032-02-01 07:19:19.322,739.3050847457628,18.620672416001675,5.873032924198217,12.747639491803458
2462524.5,2463282.2627118644,2030-01-23 00:00:00.000,2032-02-19 18:18:18.305,757.7627118644068,18.949667217947976,5.880120936020966,13.069546281927009
2462525.5,2463246.3474576278,2030-01-24 00:00:00.000,2032-01-14 20:20:20.339,720.8474576271187,19.128071968522672,6.5346813027717845,12.593390665750889
2462525.5,2463264.805084746,2030-01-24 00:00:00.000,2032-02-02 07:19:19.322,739.3050847457628,18.65290182362052,5.882828293381582,12.770073530238935
2462525.5,2463283.2627118644,2030-01-24 00:00:00.000,2032-02-20 18:18:18.305,757.7627118644068,18.95332482746836,5.872147334470339,13.08117749299802
2462526.5,2463247.3474576278,2030-01-25 00:00:00.000,2032-01-15 20:20:20.339,720.8474576271187,19.18052624812255,6.556048013074179,12.624478235048372
2462526.5,2463265.805084746,2030-01-25 00:00:00.000,2032-02-03 07:19:19.322,739.3050847457628,18.68508958245583,5.892745943915621,12.792343638540208
2462526.5,2463284.2627118644,2030-01-25 00:00:00.000,2032-02-21 18:18:18.305,757.7627118644068,18.95690952724283,5.864223565643665,13.092685961599162
2462527.5,2463248.3474576278,2030-01-26 00:00:00.000,2032-01-16 20:20:20.339,720.8474576271187,19.23313331501712,6.577734516362057,12.655398798655066
2462527.5,2463266.805084746,2030-01-26 00:00:00.000,2032-02-04 07:19:19.322,739.3050847457628,18.717393203668596,5.902940364440277,12.814452839228316
2462527.5,2463285.2627118644,2030-01-26 00:00:00.000,2032-02-22 18:18:18.305,757.7627118644068,18.960551788222425,5.856476300687844,13.10407548753458
2462528.5,2463249.3474576278,2030-01-27 00:00:00.000,2032-01-17 20:20:20.339,720.8474576271187,19.28605817272992,6.599903414870821,12.6861547578591
2462528.5,2463267.805084746,2030-01-27 00:00:00.000,2032-02-05 07:19:19.322,739.3050847457628,18.749987057362173,5.913582321432833,12.83640473592934
2462528.5,2463286.2627118644,2030-01-27 00:00:00.000,2032-02-23 18:18:18.305,757.7627118644068,18.96441377168617,5.849063211495926,13.11535056019025
2462529.5,2463250.3474576278,2030-01-28 00:00:00.000,2032-01-18 20:20:20.339,720.8474576271187,19.339457639489,6.622708951092963,12.716748688396036
2462529.5,2463268.805084746,2030-01-28 00:00:00.000,2032-02-06 07:19:19.322,739.3050847457628,18.783050825168036,5.924847634676161,12.858203190491873
2462529.5,2463287.2627118644,2030-01-28 00:00:00.000,2032-02-24 18:18:18.305,757.7627118644068,18.968679563084827,5.842163543495927,13.1265160195889
2462530.5,2463251.3474576278,2030-01-29 00:00:00.000,2032-01-19 20:20:20.339,720.8474576271187,19.39346851843953,6.646285506317151,12.74718301212238
2462530.5,2463269.805084746,2030-01-29 00:00:00.000,2032-02-07 07:19:19.322,739.3050847457628,18.816756748557115,5.936904774060565,12.87985197449655
2462530.5,2463288.2627118644,2030-01-29 00:00:00.000,2032-02-25 18:18:18.305,757.7627118644068,18.973543278126307,5.83596659296234,13.137576685163967
2462531.5,2463252.3474576278,2030-01-30 00:00:00.000,2032-01-20 20:20:20.339,720.8474576271187,19.44819555205921,6.670735885315322,12.777459666743887
2462531.5,2463270.805084746,2030-01-30 00:00:00.000,2032-02-08 07:19:19.322,739.3050847457628,18.85125561338356,5.949901199932115,12.901354413451449
2462531.5,2463289.2627118644,2030-01-30 00:00:00.000,2032-02-26 18:18:18.305,757.7627118644068,18.97919470063482,5.830657729512166,13.148536971122654
2462532.5,2463253.3474576278,2030-01-31 00:00:00.000,2032-01-21 20:20:20.339,720.8474576271187,19.50370048825909,6.69612068780054,12.80757980045855
2462532.5,2463271.805084746,2030-01-31 00:00:00.000,2032-02-09 07:19:19.322,739.3050847457628,18.88666246674078,5.963949415261535,12.922713051479244
2462532.5,2463290.2627118644,2030-01-31 00:00:00.000,2032-02-27 18:18:18.305,757.7627118644068,18.98580285922393,5.826402341936638,13.159400517287295
2462533.5,2463254.3474576278,2030-02-01 00:00:00.000,2032-01-22 20:20:20.339,720.8474576271187,19.5599948728488,6.722451343001934,12.837543529846863
2462533.5,2463272.805084746,2030-02-01 00:00:00.000,2032-02-10 07:19:19.322,739.3050847457628,18.92304464426208,5.979115267171133,12.943929377090946
2462533.5,2463291.2627118644,2030-02-01 00:00:00.000,2032-02-28 18:18:18.305,757.7627118644068,18.99349968098199,5.823329802416472,13.17016987856552
2462534.5,2463255.3474576278,2030-02-02 00:00:00.000,2032-01-23 20:20:20.339,720.8474576271187,19.61703932146557,6.749689519335654,12.86734980212992
2462534.5,2463273.805084746,2030-02-02 00:00:00.000,2032-02-11 07:19:19.322,739.3050847457628,18.960415457874497,5.995411802920428,12.96500365495407
2462534.5,2463292.2627118644,2030-02-02 00:00:00.000,2032-02-29 18:18:18.305,757.7627118644068,19.002367339812167,5.821521017547932,13.180846322264234
2462534.5,2463310.720338983,2030-02-02 00:00:00.000,2032-03-19 05:17:17.288,776.2203389830509,19.975717553786723,6.4324056384222486,13.543311915364471
2462535.5,2463256.3474576278,2030-02-03 00:00:00.000,2032-01-24 20:20:20.339,720.8474576271187,19.67475046138281,6.777754072395589,12.896996388987224
2462535.5,2463274.805084746,2030-02-03 00:00:00.000,2032-02-12 07:19:19.322,739.3050847457628,18.99873590229734,6.0128010069827145,12.985934895314625
2462535.5,2463293.2627118644,2030-02-03 00:00:00.000,2032-03-01 18:18:18.305,757.7627118644068,19.01243282319467,5.821003053194577,13.191429770000092
2462535.5,2463311.720338983,2030-02-03 00:00:00.000,2032-03-20 05:17:17.288,776.2203389830509,19.94867466787234,6.407474006927349,13.541200660944993
2462536.5,2463257.3474576278,2030-02-04 00:00:00.000,2032-01-25 20:20:20.339,720.8474576271187,19.73301414796829,6.8065341373496215,12.926480010618668
2462536.5,2463275.805084746,2030-02-04 00:00:00.000,2032-02-13 07:19:19.322,739.3050847457628,19.03792424341407,6.031203280090683,13.006720963323389
2462536.5,2463294.2627118644,2030-02-04 00:00:00.000,2032-03-02 18:18:18.305,757.7627118644068,19.02367125188968,5.821752361334719,13.20191889055496
2462536.5,2463312.720338983,2030-02-04 00:00:00.000,2032-03-21 05:17:17.288,776.2203389830509,19.922965935514934,6.383868603780702,13.539097331734236
2462537.5,2463258.3474576278,2030-02-05 00:00:00.000,2032-01-26 20:20:20.339,720.8474576271187,19.79170139736132,6.83590483982651,12.955796557534809
2462537.5,2463276.805084746,2030-02-05 00:00:00.000,2032-02-14 07:19:19.322,739.3050847457628,19.077870688515823,6.05051189148261,13.027358797033218
2462537.5,2463295.2627118644,2030-02-05 00:00:00.000,2032-03-03 18:18:18.305,757.7627118644068,19.03601658429712,5.823705270360568,13.21231131393655
2462537.5,2463313.720338983,2030-02-05 00:00:00.000,2032-03-22 05:17:17.288,776.2203389830509,19.898583495821114,6.361584031723565,13.536999464097551
2462538.5,2463259.3474576278,2030-02-06 00:00:00.000,2032-01-27 20:20:20.339,720.8474576271187,19.85068290035194,6.865741542675385,12.984941357676556
2462538.5,2463277.805084746,2030-02-06 00:00:00.000,2032-02-15 07:19:19.322,739.3050847457628,19.118452944888137,6.070608264627937,13.0478446802602
2462538.5,2463296.2627118644,2030-02-06 00:00:00.000,2032-03-04 18:18:18.305,757.7627118644068,19.049376088759985,5.826772177512236,13.222603911247749
2462538.5,2463314.720338983,2030-02-06 00:00:00.000,2032-03-23 05:17:17.288,776.2203389830509,19.87548268889504,6.340578973225195,13.534903715669843
2462539.5,2463260.3474576278,2030-02-07 00:00:00.000,2032-01-28 20:20:20.339,720.8474576271187,19.909839116390792,6.895929681032904,13.013909435357888
2462539.5,2463278.805084746,2030-02-07 00:00:00.000,2032-02-16 07:19:19.322,739.3050847457628,19.15954891260745,6.091374399163374,13.068174513444074
2462539.5,2463297.2627118644,2030-02-07 00:00:00.000,2032-03-05 18:18:18.305,757.7627118644068,19.06364442471624,5.830851345056384,13.232793079659858
2462539.5,2463315.720338983,2030-02-07 00:00:00.000,2032-03-24 05:17:17.288,776.2203389830509,19.85359510010042,6.32078893357431,13.532806166526113
2462540.5,2463261.3474576278,2030-02-08 00:00:00.000,2032-01-29 20:20:20.339,720.8474576271187,19.96906495067767,6.926369227056494,13.042695723621176
2462540.5,2463279.805084746,2030-02-08 00:00:00.000,2032-02-17 07:19:19.322,739.3050847457628,19.20104448889852,6.112700448740245,13.088344040158272
2462540.5,2463298.2627118644,2030-02-08 00:00:00.000,2032-03-06 18:18:18.305,757.7627118644068,19.07871427681316,5.835839291198774,13.242874985614383
2462540.5,2463316.720338983,2030-02-08 00:00:00.000,2032-03-25 05:17:17.288,776.2203389830509,19.832840258526257,6.302137676456823,13.530702582069434
2462541.5,2463280.805084746,2030-02-09 00:00:00.000,2032-02-18 07:19:19.322,739.3050847457628,19.24283639994229,6.134487390272295,13.10834900967
2462541.5,2463299.2627118644,2030-02-09 00:00:00.000,2032-03-07 18:18:18.305,757.7627118644068,19.09448233116134,5.841636588276668,13.252845742884674
2462541.5,2463317.720338983,2030-02-09 00:00:00.000,2032-03-26 05:17:17.288,776.2203389830509,19.813133806720447,6.284545196949931,13.528588609770518
2462542.5,2463281.805084746,2030-02-10 00:00:00.000,2032-02-19 07:19:19.322,739.3050847457628,19.28483126658006,6.156645989713707,13.128185276866354
2462542.5,2463300.2627118644,2030-02-10 00:00:00.000,2032-03-08 18:18:18.305,757.7627118644068,19.110850973486706,5.848149448940988,13.26270152454572
2462542.5,2463318.720338983,2030-02-10 00:00:00.000,2032-03-27 05:17:17.288,776.2203389830509,19.79439158058488,6.267931674540424,13.526459906044456
2462543.5,2463282.805084746,2030-02-11 00:00:00.000,2032-02-20 07:19:19.322,739.3050847457628,19.326942526557268,6.179093672201021,13.147848854356246
2462543.5,2463301.2627118644,2030-02-11 00:00:00.000,2032-03-09 18:18:18.305,757.7627118644068,19.127726920156817,5.85528829724994,13.272438622906876
2462543.5,2463319.720338983,2030-02-11 00:00:00.000,2032-03-28 05:17:17.288,776.2203389830509,19.77653015900404,6.252217952677093,13.524312206326943
2462544.5,2463283.805084746,2030-02-12 00:00:00.000,2032-02-21 07:19:19.322,739.3050847457628,19.369086667447647,6.201750730070192,13.167335937377452
2462544.5,2463302.2627118644,2030-02-12 00:00:00.000,2032-03-10 18:18:18.305,757.7627118644068,19.145018140455804,5.862964662069309,13.282053478386493
2462544.5,2463320.720338983,2030-02-12 00:00:00.000,2032-03-29 05:17:17.288,776.2203389830509,19.759464898399788,6.237323538749735,13.522141359650051
2462545.5,2463284.805084746,2030-02-13 00:00:00.000,2032-02-22 07:19:19.322,739.3050847457628,19.41117992320056,6.224536999984868,13.186642923215688
2462545.5,2463303.2627118644,2030-02-13 00:00:00.000,2032-03-11 18:18:18.305,757.7627118644068,19.1626302809668,5.871087580911169,13.291542700055633
2462545.5,2463321.720338983,2030-02-13 00:00:00.000,2032-03-30 05:17:17.288,776.2203389830509,19.74310651259117,6.223163161032172,13.519943351558998
2462546.5,2463285.805084746,2030-02-14 00:00:00.000,2032-02-23 07:19:19.322,739.3050847457628,19.453136469626187,6.247370023453824,13.205766446172362
2462546.5,2463304.2627118644,2030-02-14 00:00:00.000,2032-03-12 18:18:18.305,757.7627118644068,19.18046374088508,5.879560640550123,13.30090310033496
2462546.5,2463322.720338983,2030-02-14 00:00:00.000,2032-03-31 05:17:17.288,776.2203389830509,19.727357278051887,6.209642938566077,13.51771433948581
2462547.5,2463286.805084746,2030-02-15 00:00:00.000,2032-02-24 07:19:19.322,739.3050847457628,19.49486924981122,6.270165802145494,13.224703447665728
2462547.5,2463305.2627118644,2030-02-15 00:00:00.000,2032-03-13 18:18:18.305,757.7627118644068,19.198412721714742,5.888280956439032,13.310131765275717
2462547.5,2463323.720338983,2030-02-15 00:00:00.000,2032-04-01 05:17:17.288,776.2203389830509,19.71210819586335,6.196657471777034,13.515450724086318
2462548.5,2463287.805084746,2030-02-16 00:00:00.000,2032-02-25 07:19:19.322,739.3050847457628,19.53629458515838,6.292843288161496,13.243451296996884
2462548.5,2463306.2627118644,2030-02-16 00:00:00.000,2032-03-14 18:18:18.305,757.7627118644068,19.216367797970342,5.8971416198082665,13.319226178162076
2462548.5,2463324.720338983,2030-02-16 00:00:00.000,2032-04-02 05:17:17.288,776.2203389830509,19.69723886908265,6.184089592291782,13.513149276790868
2462549.5,2463288.805084746,2030-02-17 00:00:00.000,2032-02-26 07:19:19.322,739.3050847457628,19.57734121537216,6.315333247100855,13.262007968271302
2462549.5,2463307.2627118644,2030-02-17 00:00:00.000,2032-03-15 18:18:18.305,757.7627118644068,19.234223345833307,5.906038941615397,13.32818440421791
2462549.5,2463325.720338983,2030-02-17 00:00:00.000,2032-04-03 05:17:17.288,776.2203389830509,19.682622029308245,6.171814695345768,13.510807333962475
2462550.5,2463289.805084746,2030-02-18 00:00:00.000,2032-02-27 07:19:19.322,739.3050847457628,19.617963057863328,6.337590796871552,13.280372260991776
2462550.5,2463308.2627118644,2030-02-18 00:00:00.000,2032-03-16 18:18:18.305,757.7627118644068,19.25189004764868,5.914884722060603,13.337005325588075
2462550.5,2463326.720338983,2030-02-18 00:00:00.000,2032-04-04 05:17:17.288,776.2203389830509,19.66813396519188,6.159710916440714,13.508423048751164
2462551.5,2463290.805084746,2030-02-19 00:00:00.000,2032-02-28 07:19:19.322,739.3050847457628,19.658153056264645,6.3596090272320005,13.298544029032644
2462551.5,2463309.2627118644,2030-02-19 00:00:00.000,2032-03-17 18:18:18.305,757.7627118644068,19.26931067274086,5.923621781399329,13.345688891341531
2462551.5,2463327.720338983,2030-02-19 00:00:00.000,2032-04-05 05:17:17.288,776.2203389830509,19.65367027737056,6.14767461187939,13.50599566549117
2462552.5,2463291.805084746,2030-02-20 00:00:00.000,2032-02-29 07:19:19.322,739.3050847457628,19.697953952509828,6.381429588299323,13.316524364210505
2462552.5,2463310.2627118644,2030-02-20 00:00:00.000,2032-03-18 18:18:18.305,757.7627118644068,19.28647521824349,5.93223889182455,13.354236326418938
2462552.5,2463328.720338983,2030-02-20 00:00:00.000,2032-04-06 05:17:17.288,776.2203389830509,19.639163910745967,6.135638152741,13.503525758004969
2462553.5,2463292.805084746,2030-02-21 00:00:00.000,2032-03-01 07:19:19.322,739.3050847457628,19.737461815061828,6.403146137232033,13.334315677829794
2462553.5,2463311.2627118644,2030-02-21 00:00:00.000,2032-03-19 18:18:18.305,757.7627118644068,19.303430571104585,5.940780332668595,13.36265023843599
2462553.5,2463329.720338983,2030-02-21 00:00:00.000,2032-04-07 05:17:17.288,776.2203389830509,19.624600566087416,6.123585200410824,13.501015365676592
2462554.5,2463293.805084746,2030-02-22 00:00:00.000,2032-03-02 07:19:19.322,739.3050847457628,19.77682015932069,6.424898516940647,13.351921642380043
2462554.5,2463312.2627118644,2030-02-22 00:00:00.000,2032-03-20 18:18:18.305,757.7627118644068,19.32028104274297,5.949346463575081,13.37093457916789
2462554.5,2463330.720338983,2030-02-22 00:00:00.000,2032-04-08 05:17:17.288,776.2203389830509,19.61002666720008,6.111558689191261,13.498467978008817
2462555.5,2463294.805084746,2030-02-23 00:00:00.000,2032-03-03 07:19:19.322,739.3050847457628,19.81620573169788,6.446858740874129,13.36934699082375
2462555.5,2463313.2627118644,2030-02-23 00:00:00.000,2032-03-21 18:18:18.305,757.7627118644068,19.337179143960697,5.958084690140732,13.379094453819963
2462555.5,2463331.720338983,2030-02-23 00:00:00.000,2032-04-09 05:17:17.288,776.2203389830509,19.59554737488912,6.0996590191056175,13.495888355783505
2462556.5,2463295.805084746,2030-02-24 00:00:00.000,2032-03-04 07:19:19.322,739.3050847457628,19.85580980646805,6.469212598976507,13.38659720749154
2462556.5,2463314.2627118644,2030-02-24 00:00:00.000,2032-03-22 18:18:18.305,757.7627118644068,19.354309289728143,5.967173479365068,13.387135810363077
2462556.5,2463332.720338983,2030-02-24 00:00:00.000,2032-04-10 05:17:17.288,776.2203389830509,19.581315594887663,6.088033375840219,13.493282219047444
2462557.5,2463296.805084746,2030-02-25 00:00:00.000,2032-03-05 07:19:19.322,739.3050847457628,19.89581967819385,6.492141511968657,13.403678166225191
2462557.5,2463315.2627118644,2030-02-25 00:00:00.000,2032-03-23 18:18:18.305,757.7627118644068,19.371868958593097,5.9768038928248775,13.395065065768222
2462557.5,2463333.720338983,2030-02-25 00:00:00.000,2032-04-11 05:17:17.288,776.2203389830509,19.56751564128491,6.076859781227205,13.490655860057704
2462558.5,2463297.805084746,2030-02-26 00:00:00.000,2032-03-06 07:19:19.322,739.3050847457628,19.936403703426148,6.515807932620141,13.420595770806008
2462558.5,2463316.2627118644,2030-02-26 00:00:00.000,2032-03-24 18:18:18.305,757.7627118644068,19.390051376545596,5.987162649200979,13.402888727344614
2462558.5,2463334.720338983,2030-02-26 00:00:00.000,2032-04-12 05:17:17.288,776.2203389830509,19.554345831656107,6.066330088682772,13.488015742973335
2462559.5,2463298.805084746,2030-02-27 00:00:00.000,2032-03-07 07:19:19.322,739.3050847457628,19.97770091770525,6.540345282025222,13.437355635680028
2462559.5,2463317.2627118644,2030-02-27 00:00:00.000,2032-03-25 18:18:18.305,757.7627118644068,19.409031771080556,5.998418720339971,13.41061305074058
2462559.5,2463335.720338983,2030-02-27 00:00:00.000,2032-04-13 05:17:17.288,776.2203389830509,19.542002910555,6.056634774644272,13.485368135910727
2462560.5,2463318.2627118644,2030-02-28 00:00:00.000,2032-03-26 18:18:18.305,757.7627118644068,19.42895724268332,6.010713487442204,13.418243755241116
2462560.5,2463336.720338983,2030-02-28 00:00:00.000,2032-04-14 05:17:17.288,776.2203389830509,19.53066918396946,6.047950384811481,13.48271879915798
2462561.5,2463319.2627118644,2030-03-01 00:00:00.000,2032-03-27 18:18:18.305,757.7627118644068,19.449939526426256,6.024153722800817,13.42578580362544
2462561.5,2463337.720338983,2030-03-01 00:00:00.000,2032-04-15 05:17:17.288,776.2203389830509,19.520502056184785,6.040429317428697,13.480072738756087
2462562.5,2463320.2627118644,2030-03-02 00:00:00.000,2032-03-28 18:18:18.305,757.7627118644068,19.472050362567774,6.038807112034947,13.43324325053283
2462562.5,2463338.720338983,2030-03-02 00:00:00.000,2032-04-16 05:17:17.288,776.2203389830509,19.51162575794331,6.034191727292617,13.477434030650691
2462563.5,2463321.2627118644,2030-03-03 00:00:00.000,2032-03-29 18:18:18.305,757.7627118644068,19.49531992847273,6.054700764310648,13.44061916416208
2462563.5,2463339.720338983,2030-03-03 00:00:00.000,2032-04-17 05:17:17.288,776.2203389830509,19.50412578189012,6.029320060446007,13.47480572144411
2462564.5,2463322.2627118644,2030-03-04 00:00:00.000,2032-03-30 18:18:18.305,757.7627118644068,19.51973890258845,6.0718232786476,13.44791562394085
2462564.5,2463340.720338983,2030-03-04 00:00:00.000,2032-04-18 05:17:17.288,776.2203389830509,19.498046907118724,6.025857097415238,13.472189809703483
2462565.5,2463323.2627118644,2030-03-05 00:00:00.000,2032-03-31 18:18:18.305,757.7627118644068,19.545264080477533,6.090130291358834,13.4551337891187
2462565.5,2463341.720338983,2030-03-05 00:00:00.000,2032-04-19 05:17:17.288,776.2203389830509,19.49339525933234,6.023807955459377,13.46958730387296
2462566.5,2463324.2627118644,2030-03-06 00:00:00.000,2032-04-01 18:18:18.305,757.7627118644068,19.571826553324613,6.109552530181087,13.462274023143523
2462566.5,2463342.720338983,2030-03-06 00:00:00.000,2032-04-20 05:17:17.288,776.2203389830509,19.490143930217958,6.023145588171617,13.466998342046336
2462567.5,2463325.2627118644,2030-03-07 00:00:00.000,2032-04-02 18:18:18.305,757.7627118644068,19.599340862034367,6.130004811084231,13.469336050950137
2462567.5,2463343.720338983,2030-03-07 00:00:00.000,2032-04-21 05:17:17.288,776.2203389830509,19.48824085902303,6.023818508813636,13.464422350209396
2462568.5,2463326.2627118644,2030-03-08 00:00:00.000,2032-04-03 18:18:18.305,757.7627118644068,19.627713451922244,6.151394328216712,13.476319123705531
2462568.5,2463344.720338983,2030-03-08 00:00:00.000,2032-04-22 05:17:17.288,776.2203389830509,19.48761729664296,6.025759084466754,13.4618582121762
2462569.5,2463327.2627118644,2030-03-09 00:00:00.000,2032-04-04 18:18:18.305,757.7627118644068,19.656849061049535,6.173626892767657,13.483222168281882
2462569.5,2463345.720338983,2030-03-09 00:00:00.000,2032-04-23 05:17:17.288,776.2203389830509,19.488195222572017,6.028890795890435,13.459304426681584
2462570.5,2463328.2627118644,2030-03-10 00:00:00.000,2032-04-05 18:18:18.305,757.7627118644068,19.686654239435477,6.1966103337457845,13.490043905689689
2462570.5,2463346.720338983,2030-03-10 00:00:00.000,2032-04-24 05:17:17.288,776.2203389830509,19.4898924670232,6.033133233062963,13.456759233960238
2462571.5,2463329.2627118644,2030-03-11 00:00:00.000,2032-04-06 18:18:18.305,757.7627118644068,19.717037925897525,6.220254993483869,13.496782932413655
2462571.5,2463347.720338983,2030-03-11 00:00:00.000,2032-04-25 05:17:17.288,776.2203389830509,19.492624942187472,6.0384042380536895,13.454220704133784
2462571.5,2463366.1779661016,2030-03-11 00:00:00.000,2032-05-13 16:16:16.271,794.677966101695,19.988804109280142,6.474299430565259,13.514504678714884
2462572.5,2463330.2627118644,2030-03-12 00:00:00.000,2032-04-07 18:18:18.305,757.7627118644068,19.74790971939428,6.244471950603106,13.503437768791173
2462572.5,2463348.720338983,2030-03-12 00:00:00.000,2032-04-26 05:17:17.288,776.2203389830509,19.49630615909734,6.044619368573859,13.451686790523482
2462572.5,2463367.1779661016,2030-03-12 00:00:00.000,2032-05-14 16:16:16.271,794.677966101695,19.956986050351595,6.45553369273954,13.501452357612054
2462573.5,2463331.2627118644,2030-03-13 00:00:00.000,2032-04-08 18:18:18.305,757.7627118644068,19.779176889027603,6.26917000250169,13.510006886525913
2462573.5,2463349.720338983,2030-03-13 00:00:00.000,2032-04-27 05:17:17.288,776.2203389830509,19.50084479145433,6.051689431783427,13.449155359670906
2462573.5,2463368.1779661016,2030-03-13 00:00:00.000,2032-05-15 16:16:16.271,794.677966101695,19.926445401892156,6.437919836957591,13.488525564934562
2462574.5,2463332.2627118644,2030-03-14 00:00:00.000,2032-04-09 18:18:18.305,757.7627118644068,19.81074118520636,6.294252453378856,13.516488731827504
2462574.5,2463350.720338983,2030-03-14 00:00:00.000,2032-04-28 05:17:17.288,776.2203389830509,19.50614123710083,6.059517022227445,13.446624214873385
2462574.5,2463369.1779661016,2030-03-14 00:00:00.000,2032-05-16 16:16:16.271,794.677966101695,19.897097128176984,6.421376511239567,13.475720616937418
2462575.5,2463333.2627118644,2030-03-15 00:00:00.000,2032-04-10 18:18:18.305,757.7627118644068,19.84249649075108,6.31961472768185,13.52288176306923
2462575.5,2463351.720338983,2030-03-15 00:00:00.000,2032-04-29 05:17:17.288,776.2203389830509,19.51208415863848,6.067993025725524,13.444091132912956
2462575.5,2463370.1779661016,2030-03-15 00:00:00.000,2032-05-17 16:16:16.271,794.677966101695,19.868841505733887,6.405807730126573,13.463033775607316
2462576.5,2463334.2627118644,2030-03-16 00:00:00.000,2032-04-11 18:18:18.305,757.7627118644068,19.874328761287504,6.345144236591894,13.52918452469561
2462576.5,2463352.720338983,2030-03-16 00:00:00.000,2032-04-30 05:17:17.288,776.2203389830509,19.518548404624728,6.076994467596517,13.44155393702821
2462576.5,2463371.1779661016,2030-03-16 00:00:00.000,2032-05-18 16:16:16.271,794.677966101695,19.841560004661567,6.391098684460593,13.450461320200976
2462577.5,2463335.2627118644,2030-03-17 00:00:00.000,2032-04-12 18:18:18.305,757.7627118644068,19.906120434049956,6.370724652991887,13.535395781058067
2462577.5,2463353.720338983,2030-03-17 00:00:00.000,2032-05-01 05:17:17.288,776.2203389830509,19.5253966552388,6.086386023333644,13.439010631905155
2462577.5,2463372.1779661016,2030-03-17 00:00:00.000,2032-05-19 16:16:16.271,794.677966101695,19.815113650063424,6.377113966925409,13.437999683138012
2462578.5,2463336.2627118644,2030-03-18 00:00:00.000,2032-04-13 18:18:18.305,757.7627118644068,19.93776150347648,6.396246775782807,13.541514727693672
2462578.5,2463354.720338983,2030-03-18 00:00:00.000,2032-05-02 05:17:17.288,776.2203389830509,19.532487726294782,6.096028105228792,13.43645962106599
2462578.5,2463373.1779661016,2030-03-18 00:00:00.000,2032-05-20 16:16:16.271,794.677966101695,19.78934725460671,6.363701580748371,13.42564567385834
2462579.5,2463337.2627118644,2030-03-19 00:00:00.000,2032-04-14 18:18:18.305,757.7627118644068,19.96916757320677,6.42162629792919,13.547541275277585
2462579.5,2463355.720338983,2030-03-19 00:00:00.000,2032-05-03 05:17:17.288,776.2203389830509,19.53969325999614,6.10579325528297,13.433900004713172
2462579.5,2463374.1779661016,2030-03-19 00:00:00.000,2032-05-21 16:16:16.271,794.677966101695,19.764102608194055,6.35070581629944,13.413396791894616
2462580.5,2463356.720338983,2030-03-20 00:00:00.000,2032-05-04 05:17:17.288,776.2203389830509,19.54692095860706,6.115589041348974,13.431331917258088
2462580.5,2463375.1779661016,2030-03-20 00:00:00.000,2032-05-22 16:16:16.271,794.677966101695,19.739240778405197,6.337989188703873,13.40125158970132
2462581.5,2463357.720338983,2030-03-21 00:00:00.000,2032-05-05 05:17:17.288,776.2203389830509,19.55413804387662,6.125381219331008,13.42875682454561
2462581.5,2463376.1779661016,2030-03-21 00:00:00.000,2032-05-23 16:16:16.271,794.677966101695,19.714668849016505,6.32545884615153,13.389210002864976
2462582.5,2463358.720338983,2030-03-22 00:00:00.000,2032-05-06 05:17:17.288,776.2203389830509,19.56138623677982,6.135208550381621,13.4261776863982
2462582.5,2463377.1779661016,2030-03-22 00:00:00.000,2032-05-24 16:16:16.271,794.677966101695,19.69036250222645,6.313088955287829,13.37727354693862
2462583.5,2463359.720338983,2030-03-23 00:00:00.000,2032-05-07 05:17:17.288,776.2203389830509,19.568781565406,6.145182648196725,13.423598917209274
2462583.5,2463378.1779661016,2030-03-23 00:00:00.000,2032-05-25 16:16:16.271,794.677966101695,19.66637586266891,6.300930557415267,13.365445305253644
2462584.5,2463360.720338983,2030-03-24 00:00:00.000,2032-05-08 05:17:17.288,776.2203389830509,19.57649824372073,6.1554721049647165,13.421026138756018
2462584.5,2463379.1779661016,2030-03-24 00:00:00.000,2032-05-26 16:16:16.271,794.677966101695,19.64283471094092,6.289105015947862,13.353729694993058
2462585.5,2463361.720338983,2030-03-25 00:00:00.000,2032-05-09 05:17:17.288,776.2203389830509,19.58474238246717,6.16627659711764,13.41846578534953
2462585.5,2463380.1779661016,2030-03-25 00:00:00.000,2032-05-27 16:16:16.271,794.677966101695,19.61991603586099,6.277783966619575,13.342132069241416
2462586.5,2463362.720338983,2030-03-26 00:00:00.000,2032-05-10 05:17:17.288,776.2203389830509,19.593724523302704,6.177799864906111,13.415924658396596
2462586.5,2463381.1779661016,2030-03-26 00:00:00.000,2032-05-28 16:16:16.271,794.677966101695,19.597821832541168,6.2671635777190655,13.330658254822104
2462587.5,2463363.720338983,2030-03-27 00:00:00.000,2032-05-11 05:17:17.288,776.2203389830509,19.60363838728768,6.190228866671273,13.413409520616405
2462587.5,2463382.1779661016,2030-03-27 00:00:00.000,2032-05-29 16:16:16.271,794.677966101695,19.576755407390117,6.257441285257886,13.319314122132226
2462588.5,2463364.720338983,2030-03-28 00:00:00.000,2032-05-12 05:17:17.288,776.2203389830509,19.614648573254268,6.2037217915974,13.410926781656867
2462588.5,2463383.1779661016,2030-03-28 00:00:00.000,2032-05-30 16:16:16.271,794.677966101695,19.55690484497092,6.24879960011595,13.308105244854968
2462589.5,2463365.720338983,2030-03-29 00:00:00.000,2032-05-13 05:17:17.288,776.2203389830509,19.62688564387763,6.218403359977924,13.408482283899705
2462589.5,2463384.1779661016,2030-03-29 00:00:00.000,2032-05-31 16:16:16.271,794.677966101695,19.538433785819123,6.241397123432206,13.297036662386915
2462590.5,2463366.720338983,2030-03-30 00:00:00.000,2032-05-14 05:17:17.288,776.2203389830509,19.64044540395966,6.234364232444089,13.40608117151557
2462590.5,2463385.1779661016,2030-03-30 00:00:00.000,2032-06-01 16:16:16.271,794.677966101695,19.52147711624025,6.235364386684244,13.286112729556006
2462591.5,2463367.720338983,2030-03-31 00:00:00.000,2032-05-15 05:17:17.288,776.2203389830509,19.655390009109254,6.251662187958352,13.403727821150907
2462591.5,2463386.1779661016,2030-03-31 00:00:00.000,2032-06-02 16:16:16.271,794.677966101695,19.506139217400587,6.230802185469443,13.275337031931144
2462591.5,2463404.63559322,2030-03-31 00:00:00.000,2032-06-21 03:15:15.254,813.135593220339,19.979508530647973,6.738506707060659,13.241001823587313
2462592.5,2463368.720338983,2030-04-01 00:00:00.000,2032-05-16 05:17:17.288,776.2203389830509,19.67175005138049,6.270324232528652,13.401425818851838
2462592.5,2463387.1779661016,2030-04-01 00:00:00.000,2032-06-03 16:16:16.271,794.677966101695,19.49249368243336,6.227781331614958,13.264712350818396
2462592.5,2463405.63559322,2030-04-01 00:00:00.000,2032-06-22 03:15:15.254,813.135593220339,19.929826501213512,6.708853230131352,13.220973271082158
2462593.5,2463369.720338983,2030-04-02 00:00:00.000,2032-05-17 05:17:17.288,776.2203389830509,19.68952752350073,6.290349549774504,13.399177973726228
2462593.5,2463388.1779661016,2030-04-02 00:00:00.000,2032-06-04 16:16:16.271,794.677966101695,19.480584287713796,6.226343619654101,13.25424066805969
2462593.5,2463406.63559322,2030-04-02 00:00:00.000,2032-06-23 03:15:15.254,813.135593220339,19.88205924183405,6.680833913126321,13.201225328707723
2462594.5,2463370.720338983,2030-04-03 00:00:00.000,2032-05-18 05:17:17.288,776.2203389830509,19.70869951674763,6.311713155984243,13.396986360763384
2462594.5,2463389.1779661016,2030-04-03 00:00:00.000,2032-06-05 16:16:16.271,794.677966101695,19.47042708422383,6.2265038814466935,13.243923202777136
2462594.5,2463407.63559322,2030-04-03 00:00:00.000,2032-06-24 03:15:15.254,813.135593220339,19.836262144931805,6.654504486236925,13.18175765869488
2462595.5,2463371.720338983,2030-04-04 00:00:00.000,2032-05-19 05:17:17.288,776.2203389830509,19.72922237679046,6.334369991227767,13.394852385562691
2462595.5,2463390.1779661016,2030-04-04 00:00:00.000,2032-06-06 16:16:16.271,794.677966101695,19.462013339394293,6.228252866884376,13.233760472509918
2462595.5,2463408.63559322,2030-04-04 00:00:00.000,2032-06-25 03:15:15.254,813.135593220339,19.792465322696422,6.629896124134015,13.16256919856241
2462596.5,2463372.720338983,2030-04-05 00:00:00.000,2032-05-20 05:17:17.288,776.2203389830509,19.75103615468265,6.358259290293745,13.392776864388903
2462596.5,2463391.1779661016,2030-04-05 00:00:00.000,2032-06-07 16:16:16.271,794.677966101695,19.455313156933567,6.231560785088242,13.223752371845324
2462596.5,2463409.63559322,2030-04-05 00:00:00.000,2032-06-26 03:15:15.254,813.135593220339,19.75067588712426,6.607017649273844,13.143658237850415
2462597.5,2463373.720338983,2030-04-06 00:00:00.000,2032-05-21 05:17:17.288,776.2203389830509,19.774069202242902,6.383309089475763,13.390760112767138
2462597.5,2463392.1779661016,2030-04-06 00:00:00.000,2032-06-08 16:16:16.271,794.677966101695,19.45027967931909,6.236381417871424,13.213898261447673
2462597.5,2463410.63559322,2030-04-06 00:00:00.000,2032-06-27 03:15:15.254,813.135593220339,19.710881159438458,6.585858651900572,13.125022507537883
2462598.5,2463374.720338983,2030-04-07 00:00:00.000,2032-05-22 05:17:17.288,776.2203389830509,19.79824237822816,6.4094403446128165,13.388802033615342
2462598.5,2463393.1779661016,2030-04-07 00:00:00.000,2032-06-09 16:16:16.271,794.677966101695,19.446853435325576,6.242656377273682,13.204197058051893
2462598.5,2463411.63559322,2030-04-07 00:00:00.000,2032-06-28 03:15:15.254,813.135593220339,19.67305253401324,6.566393261812347,13.10665927220089
2462599.5,2463375.720338983,2030-04-08 00:00:00.000,2032-05-23 05:17:17.288,776.2203389830509,19.823471917027156,6.436569722944395,13.386902194082758
2462599.5,2463394.1779661016,2030-04-08 00:00:00.000,2032-06-10 16:16:16.271,794.677966101695,19.444965849747103,6.250318535886858,13.194647313860246
2462599.5,2463412.63559322,2030-04-08 00:00:00.000,2032-06-29 03:15:15.254,813.135593220339,19.63714909648343,6.548583683989579,13.088565412493852
2462600.5,2463376.720338983,2030-04-09 00:00:00.000,2032-05-24 05:17:17.288,776.2203389830509,19.8496702033422,6.464610320501446,13.385059882840755
2462600.5,2463395.1779661016,2030-04-09 00:00:00.000,2032-06-11 16:16:16.271,794.677966101695,19.444540878383005,6.259293602267458,13.185247276115549
2462600.5,2463413.63559322,2030-04-09 00:00:00.000,2032-06-30 03:15:15.254,813.135593220339,19.60311978730513,6.532382299694295,13.070737487610833
2462601.5,2463377.720338983,2030-04-10 00:00:00.000,2032-05-25 05:17:17.288,776.2203389830509,19.876744527790198,6.493470380633126,13.383274147157069
2462601.5,2463396.1779661016,2030-04-10 00:00:00.000,2032-06-12 16:16:16.271,794.677966101695,19.44549443511979,6.269499509783191,13.1759949253366
2462601.5,2463414.63559322,2030-04-10 00:00:00.000,2032-07-01 03:15:15.254,813.135593220339,19.57090339079715,6.517731615569545,13.053171775227604
2462602.5,2463378.720338983,2030-04-11 00:00:00.000,2032-05-26 05:17:17.288,776.2203389830509,19.90459464192609,6.523050824480587,13.381543817445504
2462602.5,2463397.1779661016,2030-04-11 00:00:00.000,2032-06-13 16:16:16.271,794.677966101695,19.447732133047094,6.280844133537561,13.166887999509534
2462602.5,2463415.63559322,2030-04-11 00:00:00.000,2032-07-02 03:15:15.254,813.135593220339,19.54042650218965,6.504562206427539,13.035864295762112
2462603.5,2463379.720338983,2030-04-12 00:00:00.000,2032-05-27 05:17:17.288,776.2203389830509,19.93311001419071,6.553242482219167,13.379867531971543
2462603.5,2463398.1779661016,2030-04-12 00:00:00.000,2032-06-14 16:16:16.271,794.677966101695,19.45114612695722,6.293222109944329,13.157924017012892
2462603.5,2463416.63559322,2030-04-12 00:00:00.000,2032-07-03 03:15:15.254,813.135593220339,19.511600046825823,6.492789213007794,13.018810833818028
2462604.5,2463380.720338983,2030-04-13 00:00:00.000,2032-05-28 05:17:17.288,776.2203389830509,19.962167565886094,6.583923788536705,13.378243777349391
2462604.5,2463399.1779661016,2030-04-13 00:00:00.000,2032-06-15 16:16:16.271,794.677966101695,19.45561172932631,6.306511414986727,13.149100314339584
2462604.5,2463417.63559322,2030-04-13 00:00:00.000,2032-07-04 03:15:15.254,813.135593220339,19.484314830132707,6.482307856788418,13.002006973344288
2462605.5,2463381.720338983,2030-04-14 00:00:00.000,2032-05-29 05:17:17.288,776.2203389830509,19.9916313555656,6.614960389407625,13.376670966157976
2462605.5,2463400.1779661016,2030-04-14 00:00:00.000,2032-06-16 16:16:16.271,794.677966101695,19.460985052158087,6.320570931342894,13.140414120815192
2462605.5,2463418.63559322,2030-04-14 00:00:00.000,2032-07-05 03:15:15.254,813.135593220339,19.458437017099925,6.472988847432205,12.98544816966772
2462606.5,2463401.1779661016,2030-04-15 00:00:00.000,2032-06-17 16:16:16.271,794.677966101695,19.467104641394204,6.335241940292479,13.131862701101726
2462606.5,2463419.63559322,2030-04-15 00:00:00.000,2032-07-06 03:15:15.254,813.135593220339,19.433806209214364,6.464676318016163,12.9691298911982
2462606.5,2463438.093220339,2030-04-15 00:00:00.000,2032-07-24 14:14:14.237,831.5932203389831,19.949539771729263,7.051298127886037,12.898241643843226
2462607.5,2463402.1779661016,2030-04-16 00:00:00.000,2032-06-18 16:16:16.271,794.677966101695,19.473801445236017,6.350357849613565,13.123443595622453
2462607.5,2463420.63559322,2030-04-16 00:00:00.000,2032-07-07 03:15:15.254,813.135593220339,19.41024088696398,6.457193022660534,12.953047864303445
2462607.5,2463439.093220339,2030-04-16 00:00:00.000,2032-07-25 14:14:14.237,831.5932203389831,19.891076197231296,7.017583195626762,12.873493001604537
2462608.5,2463403.1779661016,2030-04-17 00:00:00.000,2032-06-19 16:16:16.271,794.677966101695,19.48091993380412,6.365764970098804,13.115154963705317
2462608.5,2463421.63559322,2030-04-17 00:00:00.000,2032-07-08 03:15:15.254,813.135593220339,19.387555711688357,6.450357281741768,12.937198429946584
2462608.5,2463440.093220339,2030-04-17 00:00:00.000,2032-07-26 14:14:14.237,831.5932203389831,19.833897918397867,6.984792922495208,12.84910499590266
2462609.5,2463404.1779661016,2030-04-18 00:00:00.000,2032-06-20 16:16:16.271,794.677966101695,19.48834780873345,6.381351825812124,13.106995982921326
2462609.5,2463422.63559322,2030-04-18 00:00:00.000,2032-07-09 03:15:15.254,813.135593220339,19.36559063882602,6.444011671373759,12.921578967452264
2462609.5,2463441.093220339,2030-04-18 00:00:00.000,2032-07-27 14:14:14.237,831.5932203389831,19.77781306680617,6.952740582196802,12.825072484609374
2462610.5,2463405.1779661016,2030-04-19 00:00:00.000,2032-06-21 16:16:16.271,794.677966101695,19.496045102106734,6.397077897841794,13.098967204264945
2462610.5,2463423.63559322,2030-04-19 00:00:00.000,2032-07-10 03:15:15.254,813.135593220339,19.34424453913921,6.438056256504827,12.906188282634384
2462610.5,2463442.093220339,2030-04-19 00:00:00.000,2032-07-28 14:14:14.237,831.5932203389831,19.722670422856847,6.921278592678799,12.801391830178048
2462611.5,2463406.1779661016,2030-04-20 00:00:00.000,2032-06-22 16:16:16.271,794.677966101695,19.504060469324845,6.412989725505299,13.091070743819548
2462611.5,2463424.63559322,2030-04-20 00:00:00.000,2032-07-11 03:15:15.254,813.135593220339,19.323500853385504,6.432474019601581,12.891026833783924
2462611.5,2463443.093220339,2030-04-20 00:00:00.000,2032-07-29 14:14:14.237,831.5932203389831,19.668391851956823,6.890330687544664,12.77806116441216
2462612.5,2463407.1779661016,2030-04-21 00:00:00.000,2032-06-23 16:16:16.271,794.677966101695,19.51252640919675,6.4292161787104485,13.0833102304863
2462612.5,2463425.63559322,2030-04-21 00:00:00.000,2032-07-12 03:15:15.254,813.135593220339,19.303434195506085,6.427337489785554,12.876096705720531
2462612.5,2463444.093220339,2030-04-21 00:00:00.000,2032-07-30 14:14:14.237,831.5932203389831,19.61498945933504,6.859909067308001,12.75508039202704
2462613.5,2463408.1779661016,2030-04-22 00:00:00.000,2032-06-24 16:16:16.271,794.677966101695,19.521634430361612,6.445943917344636,13.075690513016978
2462613.5,2463426.63559322,2030-04-22 00:00:00.000,2032-07-13 03:15:15.254,813.135593220339,19.284194911000668,6.422793583129238,12.861401327871432
2462613.5,2463445.093220339,2030-04-22 00:00:00.000,2032-07-31 14:14:14.237,831.5932203389831,19.562560816693505,6.830109895970451,12.732450920723052
2462614.5,2463409.1779661016,2030-04-23 00:00:00.000,2032-06-25 16:16:16.271,794.677966101695,19.53160009194982,6.463382878501511,13.068217213448309
2462614.5,2463427.63559322,2030-04-23 00:00:00.000,2032-07-14 03:15:15.254,813.135593220339,19.26597852268157,6.4190335009786335,12.846945021702942
2462614.5,2463446.093220339,2030-04-23 00:00:00.000,2032-08-01 14:14:14.237,831.5932203389831,19.511265608673995,6.801090407508016,12.710175201165978
2462615.5,2463410.1779661016,2030-04-24 00:00:00.000,2032-06-26 16:16:16.271,794.677966101695,19.54263079671284,6.481734543960309,13.060896252752531
2462615.5,2463428.63559322,2030-04-24 00:00:00.000,2032-07-15 03:15:15.254,813.135593220339,19.248992474562677,6.416259967177614,12.832732507385058
2462615.5,2463447.093220339,2030-04-24 00:00:00.000,2032-08-02 14:14:14.237,831.5932203389831,19.46129449449546,6.773038283025927,12.68825621146953
2462616.5,2463411.1779661016,2030-04-25 00:00:00.000,2032-06-27 16:16:16.271,794.677966101695,19.55490506445373,6.501171610920329,13.053733453533406
2462616.5,2463429.63559322,2030-04-25 00:00:00.000,2032-07-16 03:15:15.254,813.135593220339,19.233430772116684,6.4146622904192,12.818768481697484
2462616.5,2463448.093220339,2030-04-25 00:00:00.000,2032-08-03 14:14:14.237,831.5932203389831,19.412841628980523,6.746144622583935,12.666697006396587
2462617.5,2463412.1779661016,2030-04-26 00:00:00.000,2032-06-28 16:16:16.271,794.677966101695,19.56856457974149,6.521830312681857,13.046734267059636
2462617.5,2463430.63559322,2030-04-26 00:00:00.000,2032-07-17 03:15:15.254,813.135593220339,19.21946048099841,6.414403159966804,12.805057321031606
2462617.5,2463449.093220339,2030-04-26 00:00:00.000,2032-08-04 14:14:14.237,831.5932203389831,19.36608704723268,6.720586654635989,12.645500392596691
2462618.5,2463413.1779661016,2030-04-27 00:00:00.000,2032-06-29 16:16:16.271,794.677966101695,19.583714846076848,6.543811229024552,13.039903617052296
2462618.5,2463431.63559322,2030-04-27 00:00:00.000,2032-07-18 03:15:15.254,813.135593220339,19.207217794666377,6.415614889138358,12.79160290552802
2462618.5,2463450.093220339,2030-04-27 00:00:00.000,2032-08-05 14:14:14.237,831.5932203389831,19.321188664874185,6.696519934863075,12.624668730011113
2462618.5,2463468.5508474577,2030-04-27 00:00:00.000,2032-08-24 01:13:13.220,850.0508474576272,19.93090404332805,7.380059306086462,12.550844737241588
2462619.5,2463414.1779661016,2030-04-28 00:00:00.000,2032-06-30 16:16:16.271,794.677966101695,19.600429296737317,6.56718347067244,13.033245826064874
2462619.5,2463432.63559322,2030-04-28 00:00:00.000,2032-07-19 03:15:15.254,813.135593220339,19.19680904922925,6.418400518372993,12.778408530856256
2462619.5,2463451.093220339,2030-04-28 00:00:00.000,2032-08-06 14:14:14.237,831.5932203389831,19.278280201468597,6.67407637478902,12.604203826679573
2462619.5,2463469.5508474577,2030-04-28 00:00:00.000,2032-08-25 01:13:13.220,850.0508474576272,19.85271755460513,7.330631974630483,12.52208557997465
2462620.5,2463415.1779661016,2030-04-29 00:00:00.000,2032-07-01 16:16:16.271,794.677966101695,19.618753802355062,6.591989211154612,13.026764591200454
2462620.5,2463433.63559322,2030-04-29 00:00:00.000,2032-07-20 03:15:15.254,813.135593220339,19.18831329365289,6.422836420156168,12.765476873496718
2462620.5,2463452.093220339,2030-04-29 00:00:00.000,2032-08-07 14:14:14.237,831.5932203389831,19.23747161232643,6.653364720545906,12.584106891780523
2462620.5,2463470.5508474577,2030-04-29 00:00:00.000,2032-08-26 01:13:13.220,850.0508474576272,19.77670485454594,7.282879518466256,12.493825336079686
2462621.5,2463416.1779661016,2030-04-30 00:00:00.000,2032-07-02 16:16:16.271,794.677966101695,19.63871068893392,6.618247701443041,13.02046298749088
2462621.5,2463434.63559322,2030-04-30 00:00:00.000,2032-07-21 03:15:15.254,813.135593220339,19.181785086688173,6.428975099953123,12.75280998673505
2462621.5,2463453.093220339,2030-04-30 00:00:00.000,2032-08-08 14:14:14.237,831.5932203389831,19.198850389901462,6.634471867063551,12.564378522837911
2462621.5,2463471.5508474577,2030-04-30 00:00:00.000,2032-08-27 01:13:13.220,850.0508474576272,19.70297370996568,7.236911199956052,12.466062510009628
2462622.5,2463417.1779661016,2030-05-01 00:00:00.000,2032-07-03 16:16:16.271,794.677966101695,19.66030209126892,6.64595860528075,13.014343485988167
2462622.5,2463435.63559322,2030-05-01 00:00:00.000,2032-07-22 03:15:15.254,813.135593220339,19.1772571057336,6.436847792191644,12.740409313541956
2462622.5,2463454.093220339,2030-05-01 00:00:00.000,2032-08-09 14:14:14.237,831.5932203389831,19.16248312996131,6.617464417703714,12.545018712257594
2462622.5,2463472.5508474577,2030-05-01 00:00:00.000,2032-08-28 01:13:13.220,850.0508474576272,19.631614211860125,7.192819191587318,12.438795020272806
2462623.5,2463418.1779661016,2030-05-02 00:00:00.000,2032-07-04 16:16:16.271,794.677966101695,19.683512366228012,6.675104388214493,13.008407978013524
2462623.5,2463436.63559322,2030-05-02 00:00:00.000,2032-07-23 03:15:15.254,813.135593220339,19.174742123833497,6.446466416783012,12.728275707050484
2462623.5,2463455.093220339,2030-05-02 00:00:00.000,2032-08-10 14:14:14.237,831.5932203389831,19.128416794716813,6.602389931645604,12.52602686307121
2462623.5,2463473.5508474577,2030-05-02 00:00:00.000,2032-08-29 01:13:13.220,850.0508474576272,19.56269939494829,7.150679184996557,12.412020209951732
2462624.5,2463419.1779661016,2030-05-03 00:00:00.000,2032-07-05 16:16:16.271,794.677966101695,19.708309571960008,6.705651770338408,13.0026578016216
2462624.5,2463437.63559322,2030-05-03 00:00:00.000,2032-07-24 03:15:15.254,813.135593220339,19.17423413300236,6.457824678925526,12.716409454076832
2462624.5,2463456.093220339,2030-05-03 00:00:00.000,2032-08-11 14:14:14.237,831.5932203389831,19.09667924096744,6.589277432314326,12.50740180865311
2462624.5,2463474.5508474577,2030-05-03 00:00:00.000,2032-08-30 01:13:13.220,850.0508474576272,19.4962852475346,7.110550385177032,12.385734862357568
2462625.5,2463420.1779661016,2030-05-04 00:00:00.000,2032-07-06 16:16:16.271,794.677966101695,19.73464670796006,6.737552936152408,12.99709377180765
2462625.5,2463438.63559322,2030-05-04 00:00:00.000,2032-07-25 03:15:15.254,813.135593220339,19.17570914526792,6.470898842343745,12.70481030292417
2462625.5,2463457.093220339,2030-05-04 00:00:00.000,2032-08-12 14:14:14.237,831.5932203389831,19.067279337728102,6.578137500394807,12.4891418373333
2462625.5,2463475.5508474577,2030-05-04 00:00:00.000,2032-08-31 01:13:13.220,850.0508474576272,19.432410217884268,7.072474995523487,12.35993522236078
2462626.5,2463421.1779661016,2030-05-05 00:00:00.000,2032-07-07 16:16:16.271,794.677966101695,19.762463541771016,6.770747323928964,12.991716217842052
2462626.5,2463439.63559322,2030-05-05 00:00:00.000,2032-07-26 03:15:15.254,813.135593220339,19.17912657744907,6.485649078502505,12.693477498946564
2462626.5,2463458.093220339,2030-05-05 00:00:00.000,2032-08-13 14:14:14.237,831.5932203389831,19.0402075986377,6.568962873136398,12.471244725501302
2462626.5,2463476.5508474577,2030-05-05 00:00:00.000,2032-09-01 01:13:13.220,850.0508474576272,19.37109509249456,7.036478065405466,12.334617027089095
2462627.5,2463422.1779661016,2030-05-06 00:00:00.000,2032-07-08 16:16:16.271,794.677966101695,19.791688984831215,6.805163958009251,12.986525026821967
2462627.5,2463440.63559322,2030-05-06 00:00:00.000,2032-07-27 03:15:15.254,813.135593220339,19.18443143158144,6.50202160446064,12.682409827120798
2462627.5,2463459.093220339,2030-05-06 00:00:00.000,2032-08-14 14:14:14.237,831.5932203389831,19.015437796755748,6.561730018119326,12.453707778636424
2462627.5,2463477.5508474577,2030-05-06 00:00:00.000,2032-09-02 01:13:13.220,850.0508474576272,19.312343925036718,7.002568379426866,12.309775545609847
2462628.5,2463423.1779661016,2030-05-07 00:00:00.000,2032-07-09 16:16:16.271,794.677966101695,19.822242976118,6.840723289642559,12.981519686475435
2462628.5,2463441.63559322,2030-05-07 00:00:00.000,2032-07-28 03:15:15.254,813.135593220339,19.19155634919817,6.519950694720183,12.671605654477984
2462628.5,2463460.093220339,2030-05-07 00:00:00.000,2032-08-15 14:14:14.237,831.5932203389831,18.992928847879327,6.556400974969775,12.436527872909553
2462628.5,2463478.5508474577,2030-05-07 00:00:00.000,2032-09-03 01:13:13.220,850.0508474576272,19.256145559532182,6.970739939563003,12.28540561996918
2462628.5,2463497.0084745763,2030-05-07 00:00:00.000,2032-09-21 12:12:12.203,868.5084745762713,19.977437607468225,7.745959928017956,12.23147767945027
2462629.5,2463424.1779661016,2030-05-08 00:00:00.000,2032-07-10 16:16:16.271,794.677966101695,19.8540368386489,6.877337519067299,12.9766993195816
2462629.5,2463442.63559322,2030-05-08 00:00:00.000,2032-07-29 03:15:15.254,813.135593220339,19.200422316023417,6.539359351864184,12.661062964159234
2462629.5,2463461.093220339,2030-05-08 00:00:00.000,2032-08-16 14:14:14.237,831.5932203389831,18.972625637255945,6.552924148788925,12.41970148846702
2462629.5,2463479.5508474577,2030-05-08 00:00:00.000,2032-09-04 01:13:13.220,850.0508474576272,19.202474428851744,6.9409727309281575,12.261501697923588
2462629.5,2463498.0084745763,2030-05-08 00:00:00.000,2032-09-22 12:12:12.203,868.5084745762713,19.88835161090202,7.688966233036013,12.199385377866006
2462630.5,2463425.1779661016,2030-05-09 00:00:00.000,2032-07-11 16:16:16.271,794.677966101695,19.88697208453576,6.914909375842795,12.97206270869296
2462630.5,2463443.63559322,2030-05-09 00:00:00.000,2032-07-30 03:15:15.254,813.135593220339,19.210937651373587,6.56015827222298,12.650779379150608
2462630.5,2463462.093220339,2030-05-09 00:00:00.000,2032-08-17 14:14:14.237,831.5932203389831,18.95445808421403,6.551233352438971,12.403224731775056
2462630.5,2463480.5508474577,2030-05-09 00:00:00.000,2032-09-05 01:13:13.220,850.0508474576272,19.151289648318937,6.91323179436666,12.238057853952276
2462630.5,2463499.0084745763,2030-05-09 00:00:00.000,2032-09-23 12:12:12.203,868.5084745762713,19.80198954842009,7.634098447998676,12.167891100421413
2462631.5,2463426.1779661016,2030-05-10 00:00:00.000,2032-07-12 16:16:16.271,794.677966101695,19.9209384980026,6.953330180342688,12.96760831765991
2462631.5,2463444.63559322,2030-05-10 00:00:00.000,2032-07-31 03:15:15.254,813.135593220339,19.2229958990979,6.582243717184619,12.64075218191328
2462631.5,2463463.093220339,2030-05-10 00:00:00.000,2032-08-18 14:14:14.237,831.5932203389831,18.93833877909997,6.551245426142136,12.387093352957832
2462631.5,2463481.5508474577,2030-05-10 00:00:00.000,2032-09-06 01:13:13.220,850.0508474576272,19.102532434862407,6.887464630696681,12.215067804165727
2462631.5,2463500.0084745763,2030-05-10 00:00:00.000,2032-09-24 12:12:12.203,868.5084745762713,19.718317479429828,7.581331644033383,12.136985835396446
2462632.5,2463427.1779661016,2030-05-11 00:00:00.000,2032-07-13 16:16:16.271,794.677966101695,19.955812259302057,6.992477938805759,12.963334320496298
2462632.5,2463445.63559322,2030-05-11 00:00:00.000,2032-08-01 03:15:15.254,813.135593220339,19.23647334109289,6.605495000566887,12.630978340526
2462632.5,2463464.093220339,2030-05-11 00:00:00.000,2032-08-19 14:14:14.237,831.5932203389831,18.92415980606456,6.552857037188533,12.371302768876026
2462632.5,2463482.5508474577,2030-05-11 00:00:00.000,2032-09-07 01:13:13.220,850.0508474576272,19.05612230448985,6.863597378475588,12.192524926014263
2462632.5,2463501.0084745763,2030-05-11 00:00:00.000,2032-09-25 12:12:12.203,868.5084745762713,19.63728088554645,7.53062065010169,12.106660235444757
2462633.5,2463428.1779661016,2030-05-12 00:00:00.000,2032-07-14 16:16:16.271,794.677966101695,19.991454655745848,7.032216005147183,12.959238650598664
2462633.5,2463446.63559322,2030-05-12 00:00:00.000,2032-08-02 03:15:15.254,813.135593220339,19.25122658237408,6.629772027753646,12.621454554620437
2462633.5,2463465.093220339,2030-05-12 00:00:00.000,2032-08-20 14:14:14.237,831.5932203389831,18.91178905710444,6.555940951534283,12.355848105570152
2462633.5,2463483.5508474577,2030-05-12 00:00:00.000,2032-09-08 01:13:13.220,850.0508474576272,19.011952174429663,6.841529877603536,12.17042229682613
2462633.5,2463502.0084745763,2030-05-12 00:00:00.000,2032-09-26 12:12:12.203,868.5084745762713,19.55879895126864,7.481894299543762,12.076904651724876
2462634.5,2463447.63559322,2030-05-13 00:00:00.000,2032-08-03 03:15:15.254,813.135593220339,19.26709150104951,6.654914159236454,12.612177341813055
2462634.5,2463466.093220339,2030-05-13 00:00:00.000,2032-08-21 14:14:14.237,831.5932203389831,18.90106698018662,6.560342698679145,12.340724281507477
2462634.5,2463484.5508474577,2030-05-13 00:00:00.000,2032-09-09 01:13:13.220,850.0508474576272,18.96988288105447,6.82113010756145,12.14875277349302
2462634.5,2463503.0084745763,2030-05-13 00:00:00.000,2032-09-27 12:12:12.203,868.5084745762713,19.482757303986524,7.435048094190854,12.047709209795672
2462635.5,2463448.63559322,2030-05-14 00:00:00.000,2032-08-04 03:15:15.254,813.135593220339,19.283887072584115,6.6807438762127305,12.603143196371382
2462635.5,2463467.093220339,2030-05-14 00:00:00.000,2032-08-22 14:14:14.237,831.5932203389831,18.891807052599138,6.5658808873997945,12.325926165199345
2462635.5,2463485.5508474577,2030-05-14 00:00:00.000,2032-09-10 01:13:13.220,850.0508474576272,18.929739946053974,6.80223079707974,12.12750914897424
2462635.5,2463504.0084745763,2030-05-14 00:00:00.000,2032-09-28 12:12:12.203,868.5084745762713,19.40900141646988,7.389937451069532,12.019063965400347
2462636.5,2463449.63559322,2030-05-15 00:00:00.000,2032-08-05 03:15:15.254,813.135593220339,19.301428899402172,6.707080047843737,12.59434885155844
2462636.5,2463468.093220339,2030-05-15 00:00:00.000,2032-08-23 14:14:14.237,831.5932203389831,18.88380546433341,6.5723566224622605,12.311448841871146
2462636.5,2463486.5508474577,2030-05-15 00:00:00.000,2032-09-11 01:13:13.220,850.0508474576272,18.89131836825014,6.784633944265998,12.10668442398414
2462636.5,2463505.0084745763,2030-05-15 00:00:00.000,2032-09-29 12:12:12.203,868.5084745762713,19.337336332890064,7.34637715013542,11.990959182754644
2462637.5,2463450.63559322,2030-05-16 00:00:00.000,2032-08-06 03:15:15.254,813.135593220339,19.31955465500838,6.733763007229722,12.585791647778656
2462637.5,2463469.093220339,2030-05-16 00:00:00.000,2032-08-24 14:14:14.237,831.5932203389831,18.876864098451826,6.579576103548357,12.297287994903469
2462637.5,2463487.5508474577,2030-05-16 00:00:00.000,2032-09-12 01:13:13.220,850.0508474576272,18.8544012099436,6.768129006355509,12.086272203588086
2462637.5,2463506.0084745763,2030-05-16 00:00:00.000,2032-09-30 12:12:12.203,868.5084745762713,19.267539692912862,7.304153943295866,11.963385749616997
2462638.5,2463451.63559322,2030-05-17 00:00:00.000,2032-08-07 03:15:15.254,813.135593220339,19.3381567896363,6.760686838262605,12.577469951373695
2462638.5,2463470.093220339,2030-05-17 00:00:00.000,2032-08-25 14:14:14.237,831.5932203389831,18.870824504064068,6.587384155670288,12.283440348393778
2462638.5,2463488.5508474577,2030-05-17 00:00:00.000,2032-09-13 01:13:13.220,850.0508474576272,18.818792332736077,6.752525166161376,12.066267166574695
2462638.5,2463507.0084745763,2030-05-17 00:00:00.000,2032-10-01 12:12:12.203,868.5084745762713,19.199390927298747,7.263055248708047,11.936335678590702
2462639.5,2463452.63559322,2030-05-18 00:00:00.000,2032-08-08 03:15:15.254,813.135593220339,19.35721081247896,6.787827299232701,12.569383513246258
2462639.5,2463471.093220339,2030-05-18 00:00:00.000,2032-08-26 14:14:14.237,831.5932203389831,18.865602375880943,6.595698318761343,12.2699040571196
2462639.5,2463489.5508474577,2030-05-18 00:00:00.000,2032-09-14 01:13:13.220,850.0508474576272,18.78435485809808,6.7376893677134,12.04666549038468
2462639.5,2463508.0084745763,2030-05-18 00:00:00.000,2032-10-02 12:12:12.203,868.5084745762713,19.13271077172575,7.222908198565991,11.90980257315976
2462639.5,2463526.466101695,2030-05-18 00:00:00.000,2032-10-20 23:11:11.186,886.9661016949153,19.91024396933418,8.035848071349971,11.874395897984208
2462640.5,2463453.63559322,2030-05-19 00:00:00.000,2032-08-09 03:15:15.254,813.135593220339,19.37678605414256,6.815252410285992,12.561533643856569
2462640.5,2463472.093220339,2030-05-19 00:00:00.000,2032-08-27 14:14:14.237,831.5932203389831,18.861208220903293,6.60452930779366,12.256678913109631
2462640.5,2463490.5508474577,2030-05-19 00:00:00.000,2032-09-15 01:13:13.220,850.0508474576272,18.751040814184964,6.723575721847809,12.027465092337156
2462640.5,2463509.0084745763,2030-05-19 00:00:00.000,2032-10-03 12:12:12.203,868.5084745762713,19.067397387447304,7.18361547823288,11.883781909214424
2462640.5,2463527.466101695,2030-05-19 00:00:00.000,2032-10-21 23:11:11.186,886.9661016949153,19.811238904467068,7.9708713543438,11.840367550123268
2462641.5,2463454.63559322,2030-05-20 00:00:00.000,2032-08-10 03:15:15.254,813.135593220339,19.3970325021509,6.843109370210067,12.553923131940833
2462641.5,2463473.093220339,2030-05-20 00:00:00.000,2032-08-28 14:14:14.237,831.5932203389831,18.857744419010213,6.613978131727087,12.243766287283126
2462641.5,2463491.5508474577,2030-05-20 00:00:00.000,2032-09-16 01:13:13.220,850.0508474576272,18.718899312617378,6.710233717047507,12.008665595569871
2462641.5,2463510.0084745763,2030-05-20 00:00:00.000,2032-10-04 12:12:12.203,868.5084745762713,19.003444593421303,7.145173564605915,11.85827102881539
2462641.5,2463528.466101695,2030-05-20 00:00:00.000,2032-10-22 23:11:11.186,886.9661016949153,19.713781108285144,7.906795077082519,11.806986031202625
2462642.5,2463455.63559322,2030-05-21 00:00:00.000,2032-08-11 03:15:15.254,813.135593220339,19.41814849881061,6.87159257183974,12.546555926970868
2462642.5,2463474.093220339,2030-05-21 00:00:00.000,2032-08-29 14:14:14.237,831.5932203389831,18.855379734522565,6.62421091450608,12.231168820016483
2462642.5,2463492.5508474577,2030-05-21 00:00:00.000,2032-09-17 01:13:13.220,850.0508474576272,18.688060257921475,6.697792231120686,11.99026802680079
2462642.5,2463511.0084745763,2030-05-21 00:00:00.000,2032-10-05 12:12:12.203,868.5084745762713,18.94093554193225,7.107666696316045,11.833268845616212
2462642.5,2463529.466101695,2030-05-21 00:00:00.000,2032-10-23 23:11:11.186,886.9661016949153,19.617901677437462,7.8436542308816195,11.774247446555846
2462643.5,2463456.63559322,2030-05-22 00:00:00.000,2032-08-12 03:15:15.254,813.135593220339,19.44034253073438,6.900905842426118,12.539436688308262
2462643.5,2463475.093220339,2030-05-22 00:00:00.000,2032-08-30 14:14:14.237,831.5932203389831,18.854312539936885,6.6354225768941255,12.21888996304276
2462643.5,2463493.5508474577,2030-05-22 00:00:00.000,2032-09-18 01:13:13.220,850.0508474576272,18.658701902835805,6.686427554809399,11.972274348026405
2462643.5,2463512.0084745763,2030-05-22 00:00:00.000,2032-10-06 12:12:12.203,868.5084745762713,18.8800167348786,7.071241370925323,11.80877536395328
2462643.5,2463530.466101695,2030-05-22 00:00:00.000,2032-10-24 23:11:11.186,886.9661016949153,19.52370496730135,7.781555779221911,11.742149188079436
2462644.5,2463457.63559322,2030-05-23 00:00:00.000,2032-08-13 03:15:15.254,813.135593220339,19.46380278953244,6.931232457275403,12.532570332257036
2462644.5,2463476.093220339,2030-05-23 00:00:00.000,2032-08-31 14:14:14.237,831.5932203389831,18.854737108885107,6.64780360027068,12.206933508614428
2462644.5,2463494.5508474577,2030-05-23 00:00:00.000,2032-09-19 01:13:13.220,850.0508474576272,18.63101624218899,6.676329278463301,11.954686963725688
2462644.5,2463513.0084745763,2030-05-23 00:00:00.000,2032-10-07 12:12:12.203,868.5084745762713,18.820865032170587,7.036073872259003,11.784791159911585
2462644.5,2463531.466101695,2030-05-23 00:00:00.000,2032-10-25 23:11:11.186,886.9661016949153,19.43133886646496,7.720649482939246,11.710689383525718
2462645.5,2463458.63559322,2030-05-24 00:00:00.000,2032-08-14 03:15:15.254,813.135593220339,19.488681420074784,6.962719745242954,12.52596167483183
2462645.5,2463477.093220339,2030-05-24 00:00:00.000,2032-09-01 14:14:14.237,831.5932203389831,18.856822359398183,6.66151914873348,12.195303210664704
2462645.5,2463495.5508474577,2030-05-24 00:00:00.000,2032-09-20 01:13:13.220,850.0508474576272,18.60518353872488,6.667675222438752,11.937508316286124
2462645.5,2463514.0084745763,2030-05-24 00:00:00.000,2032-10-08 12:12:12.203,868.5084745762713,18.763659980626848,7.002343034196317,11.761316946430531
2462645.5,2463532.466101695,2030-05-24 00:00:00.000,2032-10-26 23:11:11.186,886.9661016949153,19.340966752455973,7.66110032739518,11.679866425060794
2462646.5,2463459.63559322,2030-05-25 00:00:00.000,2032-08-15 03:15:15.254,813.135593220339,19.515091999462577,6.9954767952058585,12.519615204256718
2462646.5,2463478.093220339,2030-05-25 00:00:00.000,2032-09-02 14:14:14.237,831.5932203389831,18.86070409791596,6.676701560286454,12.1840025376295
2462646.5,2463496.5508474577,2030-05-25 00:00:00.000,2032-09-21 01:13:13.220,850.0508474576272,18.58135961185421,6.660618996154444,11.920740615699764
2462646.5,2463515.0084745763,2030-05-25 00:00:00.000,2032-10-09 12:12:12.203,868.5084745762713,18.70856731097689,6.970214035105443,11.738353275871445
2462646.5,2463533.466101695,2030-05-25 00:00:00.000,2032-10-27 23:11:11.186,886.9661016949153,19.252748610143108,7.603069970878979,11.649678639264131
2462647.5,2463460.63559322,2030-05-26 00:00:00.000,2032-08-16 03:15:15.254,813.135593220339,19.543114260762117,7.029579296301305,12.513534964460808
2462647.5,2463479.093220339,2030-05-26 00:00:00.000,2032-09-03 14:14:14.237,831.5932203389831,18.86648607302364,6.693451532212304,12.173034540811331
2462647.5,2463497.5508474577,2030-05-26 00:00:00.000,2032-09-22 01:13:13.220,850.0508474576272,18.559672916344297,6.655287226060612,11.904385690283688
2462647.5,2463516.0084745763,2030-05-26 00:00:00.000,2032-10-10 12:12:12.203,868.5084745762713,18.65573247949197,6.939832109433065,11.715900370058904
2462647.5,2463534.466101695,2030-05-26 00:00:00.000,2032-10-28 23:11:11.186,886.9661016949153,19.16683188673067,7.546707794330947,11.62012409239972
2462648.5,2463461.63559322,2030-05-27 00:00:00.000,2032-08-17 03:15:15.254,813.135593220339,19.57280063047701,7.0650761200066015,12.50772451047041
2462648.5,2463480.093220339,2030-05-27 00:00:00.000,2032-09-04 14:14:14.237,831.5932203389831,18.87424442724904,6.7118426280346295,12.162401799214411
2462648.5,2463498.5508474577,2030-05-27 00:00:00.000,2032-09-23 01:13:13.220,850.0508474576272,18.54022641777039,6.65178149847503,11.88844491929536
2462648.5,2463517.0084745763,2030-05-27 00:00:00.000,2032-10-11 12:12:12.203,868.5084745762713,18.605280001013178,6.911321962497647,11.693958038515532
2462648.5,2463535.466101695,2030-05-27 00:00:00.000,2032-10-29 23:11:11.186,886.9661016949153,19.08334871480816,7.492148223349406,11.591200491458755
2462648.5,2463553.9237288134,2030-05-27 00:00:00.000,2032-11-17 10:10:10.169,905.4237288135594,19.98050585870759,8.381895863874172,11.59860999483342
2462649.5,2463462.63559322,2030-05-28 00:00:00.000,2032-08-18 03:15:15.254,813.135593220339,19.604182038400456,7.101995136406351,12.502186901994106
2462649.5,2463481.093220339,2030-05-28 00:00:00.000,2032-09-05 14:14:14.237,831.5932203389831,18.88403247953313,6.731926073485953,12.152106406047173
2462649.5,2463499.5508474577,2030-05-28 00:00:00.000,2032-09-24 01:13:13.220,850.0508474576272,18.523100871156448,6.650181659817146,11.872919211339305
2462649.5,2463518.0084745763,2030-05-28 00:00:00.000,2032-10-12 12:12:12.203,868.5084745762713,18.557315096194564,6.884789448957283,11.672525647237284
2462649.5,2463536.466101695,2030-05-28 00:00:00.000,2032-10-30 23:11:11.186,886.9661016949153,19.00241613501833,7.439510993580621,11.562905141437705
2462649.5,2463554.9237288134,2030-05-28 00:00:00.000,2032-11-18 10:10:10.169,905.4237288135594,19.86527547699125,8.303176623488602,11.562098853502649
2462650.5,2463463.63559322,2030-05-29 00:00:00.000,2032-08-19 03:15:15.254,813.135593220339,19.63727244947673,7.140347735732793,12.496924713743937
2462650.5,2463482.093220339,2030-05-29 00:00:00.000,2032-09-06 14:14:14.237,831.5932203389831,18.8958848602098,6.753734885913376,12.14214997429642
2462650.5,2463500.5508474577,2030-05-29 00:00:00.000,2032-09-25 01:13:13.220,850.0508474576272,18.5083581535438,6.6505491489021855,11.857809004641611
2462650.5,2463519.0084745763,2030-05-29 00:00:00.000,2032-10-13 12:12:12.203,868.5084745762713,18.511926043114123,6.860323930581777,11.651602112532348
2462650.5,2463537.466101695,2030-05-29 00:00:00.000,2032-10-31 23:11:11.186,886.9661016949153,18.92413756119004,7.388902629684206,11.535234931505832
2462650.5,2463555.9237288134,2030-05-29 00:00:00.000,2032-11-19 10:10:10.169,905.4237288135594,19.75276632571662,8.226405040094647,11.526361285621972
2462651.5,2463464.63559322,2030-05-30 00:00:00.000,2032-08-20 03:15:15.254,813.135593220339,19.67207184409232,7.180131795375024,12.4919400487173
2462651.5,2463483.093220339,2030-05-30 00:00:00.000,2032-09-07 14:14:14.237,831.5932203389831,18.90982049531679,6.777286848672214,12.132533646644577
2462651.5,2463501.5508474577,2030-05-30 00:00:00.000,2032-09-26 01:13:13.220,850.0508474576272,18.496043943517364,6.652929670143919,11.843114273373445
2462651.5,2463520.0084745763,2030-05-30 00:00:00.000,2032-10-14 12:12:12.203,868.5084745762713,18.46918638355264,6.838000480707664,11.631185902844976
2462651.5,2463538.466101695,2030-05-30 00:00:00.000,2032-11-01 23:11:11.186,886.9661016949153,18.84860456062291,7.34041822916575,11.50818633145716
2462651.5,2463556.9237288134,2030-05-30 00:00:00.000,2032-11-20 10:10:10.169,905.4237288135594,19.64307328234413,8.15168223895275,11.491391043391376
2462652.5,2463465.63559322,2030-05-31 00:00:00.000,2032-08-21 03:15:15.254,813.135593220339,19.70856727465334,7.221332729364887,12.487234545288452
2462652.5,2463484.093220339,2030-05-31 00:00:00.000,2032-09-08 14:14:14.237,831.5932203389831,18.92584383299753,6.802585733284419,12.123258099713109
2462652.5,2463502.5508474577,2030-05-31 00:00:00.000,2032-09-27 01:13:13.220,850.0508474576272,18.486188923517297,6.657354394500727,11.82883452901657
2462652.5,2463521.0084745763,2030-05-31 00:00:00.000,2032-10-15 12:12:12.203,868.5084745762713,18.429156000933645,6.817880964513108,11.611275036420537
2462652.5,2463539.466101695,2030-05-31 00:00:00.000,2032-11-02 23:11:11.186,886.9661016949153,18.775897879587944,7.294142494642909,11.481755384945036
2462652.5,2463557.9237288134,2030-05-31 00:00:00.000,2032-11-21 10:10:10.169,905.4237288135594,19.53628351364001,8.079102025629048,11.457181488010963
2462653.5,2463466.63559322,2030-06-01 00:00:00.000,2032-08-22 03:15:15.254,813.135593220339,19.74673229554377,7.263922919858259,12.482809375685513
2462653.5,2463485.093220339,2030-06-01 00:00:00.000,2032-09-09 14:14:14.237,831.5932203389831,18.9439443150264,6.829620775517833,12.114323539508565
2462653.5,2463503.5508474577,2030-06-01 00:00:00.000,2032-09-28 01:13:13.220,850.0508474576272,18.478808182011164,6.663839369148182,11.814968812862984
2462653.5,2463522.0084745763,2030-06-01 00:00:00.000,2032-10-16 12:12:12.203,868.5084745762713,18.39188043636159,6.800013366335985,11.591867070025602
2462653.5,2463540.466101695,2030-06-01 00:00:00.000,2032-11-03 23:11:11.186,886.9661016949153,18.706086825543768,7.250149131878433,11.455937693665334
2462653.5,2463558.9237288134,2030-06-01 00:00:00.000,2032-11-22 10:10:10.169,905.4237288135594,19.432476086358072,8.008750518178442,11.423725568179632
2462654.5,2463467.63559322,2030-06-02 00:00:00.000,2032-08-23 03:15:15.254,813.135593220339,19.786526008678337,7.3078607674359315,12.478665241242409
2462654.5,2463486.093220339,2030-06-02 00:00:00.000,2032-09-10 14:14:14.237,831.5932203389831,18.96409517465722,6.858365481437195,12.105729693220026
2462654.5,2463504.5508474577,2030-06-02 00:00:00.000,2032-09-29 01:13:13.220,850.0508474576272,18.47389965253553,6.672383968013417,11.80151568452211
2462654.5,2463523.0084745763,2030-06-02 00:00:00.000,2032-10-17 12:12:12.203,868.5084745762713,18.35738897385339,6.784429890533692,11.572959083319695
2462654.5,2463541.466101695,2030-06-02 00:00:00.000,2032-11-04 23:11:11.186,886.9661016949153,18.63922721264119,7.208498815890111,11.43072839675108
2462654.5,2463559.9237288134,2030-06-02 00:00:00.000,2032-11-23 10:10:10.169,905.4237288135594,19.33172002990297,7.940704236436656,11.391015793466316
2462655.5,2463468.63559322,2030-06-03 00:00:00.000,2032-08-24 03:15:15.254,813.135593220339,19.827892962077332,7.353090589338034,12.474802372739305
2462655.5,2463487.093220339,2030-06-03 00:00:00.000,2032-09-11 14:14:14.237,831.5932203389831,18.986252915664547,6.888777109748156,12.09747580591639
2462655.5,2463505.5508474577,2030-06-03 00:00:00.000,2032-09-30 01:13:13.220,850.0508474576272,18.471442997120064,6.682969781858544,11.788473215261522
2462655.5,2463524.0084745763,2030-06-03 00:00:00.000,2032-10-18 12:12:12.203,868.5084745762713,18.325692866083585,6.771145198039314,11.554547668044274
2462655.5,2463542.466101695,2030-06-03 00:00:00.000,2032-11-05 23:11:11.186,886.9661016949153,18.57535912072053,7.169236965770636,11.406122154949896
2462655.5,2463560.9237288134,2030-06-03 00:00:00.000,2032-11-24 10:10:10.169,905.4237288135594,19.23407192823435,7.87502771563684,11.35904421259751
2462656.5,2463469.63559322,2030-06-04 00:00:00.000,2032-08-25 03:15:15.254,813.135593220339,19.87076400000309,7.399543460355998,12.471220539647096
2462656.5,2463488.093220339,2030-06-04 00:00:00.000,2032-09-12 14:14:14.237,831.5932203389831,19.01035782956677,6.920797183230463,12.089560646336311
2462656.5,2463506.5508474577,2030-06-04 00:00:00.000,2032-10-01 01:13:13.220,850.0508474576272,18.471399562787177,6.695560572023394,11.775838990763782
2462656.5,2463525.0084745763,2030-06-04 00:00:00.000,2032-10-19 12:12:12.203,868.5084745762713,18.29678457305827,6.760155645970571,11.5366289270877
2462656.5,2463543.466101695,2030-06-04 00:00:00.000,2032-11-06 23:11:11.186,886.9661016949153,18.514505516881268,7.132392371688543,11.382113145192724
2462656.5,2463561.9237288134,2030-06-04 00:00:00.000,2032-11-25 10:10:10.169,905.4237288135594,19.13957419192125,7.811771788996469,11.32780240292478
2462657.5,2463470.63559322,2030-06-05 00:00:00.000,2032-08-26 03:15:15.254,813.135593220339,19.915057086915105,7.44713802149945,12.467919065415652
2462657.5,2463489.093220339,2030-06-05 00:00:00.000,2032-09-13 14:14:14.237,831.5932203389831,19.03633468795905,6.954352168992086,12.081982518966964
2462657.5,2463507.5508474577,2030-06-05 00:00:00.000,2032-10-02 01:13:13.220,850.0508474576272,18.47371272903778,6.710102608485815,11.763610120551965
2462657.5,2463526.0084745763,2030-06-05 00:00:00.000,2032-10-20 12:12:12.203,868.5084745762713,18.270637565917752,6.751439085174054,11.5191984807437
2462657.5,2463544.466101695,2030-06-05 00:00:00.000,2032-11-07 23:11:11.186,886.9661016949153,18.456671540608426,7.097976477669619,11.358695062938809
2462657.5,2463562.9237288134,2030-06-05 00:00:00.000,2032-11-26 10:10:10.169,905.4237288135594,19.04825404018535,7.750972571661635,11.297281468523712
2462658.5,2463471.63559322,2030-06-06 00:00:00.000,2032-08-27 03:15:15.254,813.135593220339,19.96067723850901,7.49578039414728,12.464896844361734
2462658.5,2463490.093220339,2030-06-06 00:00:00.000,2032-09-14 14:14:14.237,831.5932203389831,19.06409260781598,6.989353330131138,12.07473927768484
2462658.5,2463508.5508474577,2030-06-06 00:00:00.000,2032-10-03 01:13:13.220,850.0508474576272,18.478307549394135,6.726524300385446,11.751783249008692
2462658.5,2463527.0084745763,2030-06-06 00:00:00.000,2032-10-21 12:12:12.203,868.5084745762713,18.2472055695498,6.744954094845227,11.502251474704574
2462658.5,2463545.466101695,2030-06-06 00:00:00.000,2032-11-08 23:11:11.186,886.9661016949153,18.401843361477585,7.065982235081351,11.335861126396235
2462658.5,2463563.9237288134,2030-06-06 00:00:00.000,2032-11-27 10:10:10.169,905.4237288135594,18.960122182963463,7.692650142495372,11.26747204046809
2462658.5,2463582.381355932,2030-06-06 00:00:00.000,2032-12-15 21:09:09.153,923.8813559322034,19.94092993894932,8.62123799959681,11.31969193935251
2462659.5,2463491.093220339,2030-06-07 00:00:00.000,2032-09-15 14:14:14.237,831.5932203389831,19.0935240085902,7.02569566761087,12.067828340979332
2462659.5,2463509.5508474577,2030-06-07 00:00:00.000,2032-10-04 01:13:13.220,850.0508474576272,18.485089367921525,6.744734800273894,11.74035456764763
2462659.5,2463528.0084745763,2030-06-07 00:00:00.000,2032-10-22 12:12:12.203,868.5084745762713,18.22642069428277,6.740638105226508,11.485782589056262
2462659.5,2463546.466101695,2030-06-07 00:00:00.000,2032-11-09 23:11:11.186,886.9661016949153,18.349985863355204,7.036381781921285,11.31360408143392
2462659.5,2463564.9237288134,2030-06-07 00:00:00.000,2032-11-28 10:10:10.169,905.4237288135594,18.875170308789947,7.6368060312444355,11.238364277545513
2462659.5,2463583.381355932,2030-06-07 00:00:00.000,2032-12-16 21:09:09.153,923.8813559322034,19.821248187179844,8.539040653758235,11.282207533421609
2462660.5,2463492.093220339,2030-06-08 00:00:00.000,2032-09-16 14:14:14.237,831.5932203389831,19.12450334979331,7.063256634916431,12.061246714876882
2462660.5,2463510.5508474577,2030-06-08 00:00:00.000,2032-10-05 01:13:13.220,850.0508474576272,18.49394195789733,6.764622123200155,11.72931983469718
2462660.5,2463529.0084745763,2030-06-08 00:00:00.000,2032-10-23 12:12:12.203,868.5084745762713,18.20819082063973,6.738404766347687,11.469786054292046
2462660.5,2463547.466101695,2030-06-08 00:00:00.000,2032-11-10 23:11:11.186,886.9661016949153,18.30103931216036,7.009123098976541,11.291916213183812
2462660.5,2463565.9237288134,2030-06-08 00:00:00.000,2032-11-29 10:10:10.169,905.4237288135594,18.793367329051744,7.583419455681988,11.209947873369757
2462660.5,2463584.381355932,2030-06-08 00:00:00.000,2032-12-17 21:09:09.153,923.8813559322034,19.70493270868716,8.45935985321224,11.24557285547492
2462661.5,2463493.093220339,2030-06-09 00:00:00.000,2032-09-17 14:14:14.237,831.5932203389831,19.156886244632563,7.101895211973406,12.054991032659157
2462661.5,2463511.5508474577,2030-06-09 00:00:00.000,2032-10-06 01:13:13.220,850.0508474576272,18.50472575356304,6.786051342264708,11.718674411298329
2462661.5,2463530.0084745763,2030-06-09 00:00:00.000,2032-10-24 12:12:12.203,868.5084745762713,18.19239674755898,6.738141063641582,11.4542556839174
2462661.5,2463548.466101695,2030-06-09 00:00:00.000,2032-11-11 23:11:11.186,886.9661016949153,18.254915419926817,6.984126045673515,11.270789374253305
2462661.5,2463566.9237288134,2030-06-09 00:00:00.000,2032-11-30 10:10:10.169,905.4237288135594,18.71465466785518,7.532442587640267,11.182212080214912
2462661.5,2463585.381355932,2030-06-09 00:00:00.000,2032-12-18 21:09:09.153,923.8813559322034,19.59194542888049,8.382171738492021,11.209773690388465
2462662.5,2463494.093220339,2030-06-10 00:00:00.000,2032-09-18 14:14:14.237,831.5932203389831,19.19050942369237,7.141451800823214,12.049057622869157
2462662.5,2463512.5508474577,2030-06-10 00:00:00.000,2032-10-07 01:13:13.220,850.0508474576272,18.51727655273029,6.808863226554944,11.708413326175348
2462662.5,2463531.0084745763,2030-06-10 00:00:00.000,2032-10-25 12:12:12.203,868.5084745762713,18.17888935816146,6.739704422212431,11.439184935949028
2462662.5,2463549.466101695,2030-06-10 00:00:00.000,2032-11-12 23:11:11.186,886.9661016949153,18.211492910793236,6.961277868381861,11.250215042411371
2462662.5,2463567.9237288134,2030-06-10 00:00:00.000,2032-12-01 10:10:10.169,905.4237288135594,18.638940541163706,7.483794778069493,11.155145763094216
2462662.5,2463586.381355932,2030-06-10 00:00:00.000,2032-12-19 21:09:09.153,923.8813559322034,19.48221688282693,8.307421454623038,11.17479542820389
2462663.5,2463495.093220339,2030-06-11 00:00:00.000,2032-09-19 14:14:14.237,831.5932203389831,19.22519312494029,7.181750500945948,12.04344262399434
2462663.5,2463513.5508474577,2030-06-11 00:00:00.000,2032-10-08 01:13:13.220,850.0508474576272,18.531406070922912,6.832874682981808,11.698531387941106
2462663.5,2463532.0084745763,2030-06-11 00:00:00.000,2032-10-26 12:12:12.203,868.5084745762713,18.1674879038886,6.742920880504735,11.424567023383863
2462663.5,2463550.466101695,2030-06-11 00:00:00.000,2032-11-13 23:11:11.186,886.9661016949153,18.17061333550336,6.9404289065655,11.230184428937864
2462663.5,2463568.9237288134,2030-06-11 00:00:00.000,2032-12-02 10:10:10.169,905.4237288135594,18.56609357474176,7.437356068146999,11.128737506594762
2462663.5,2463587.381355932,2030-06-11 00:00:00.000,2032-12-20 21:09:09.153,923.8813559322034,19.37563822709526,8.235015058412802,11.140623168682458
2462664.5,2463496.093220339,2030-06-12 00:00:00.000,2032-09-20 14:14:14.237,831.5932203389831,19.26074936232293,7.222607190029056,12.038142172293874
2462664.5,2463514.5508474577,2030-06-12 00:00:00.000,2032-10-09 01:13:13.220,850.0508474576272,18.54690788312681,6.857884509864872,11.689023373261938
2462664.5,2463533.0084745763,2030-06-12 00:00:00.000,2032-10-27 12:12:12.203,868.5084745762713,18.157982864250688,6.74758776037751,11.410395103873178
2462664.5,2463551.466101695,2030-06-12 00:00:00.000,2032-11-14 23:11:11.186,886.9661016949153,18.13208031494805,6.9213916447047765,11.210688670243274
2462664.5,2463569.9237288134,2030-06-12 00:00:00.000,2032-12-03 10:10:10.169,905.4237288135594,18.495938484885915,7.392962675005232,11.102975809880682
2462664.5,2463588.381355932,2030-06-12 00:00:00.000,2032-12-21 21:09:09.153,923.8813559322034,19.272053928880755,8.164812008711346,11.10724192016941
2462665.5,2463497.093220339,2030-06-13 00:00:00.000,2032-09-21 14:14:14.237,831.5932203389831,19.296999645362742,7.263846961362677,12.033152684000068
2462665.5,2463515.5508474577,2030-06-13 00:00:00.000,2032-10-10 01:13:13.220,850.0508474576272,18.56357317252632,6.8836888576072495,11.679884314919072
2462665.5,2463534.0084745763,2030-06-13 00:00:00.000,2032-10-28 12:12:12.203,868.5084745762713,18.15014853498409,6.753485959224581,11.39666257575951
2462665.5,2463552.466101695,2030-06-13 00:00:00.000,2032-11-15 23:11:11.186,886.9661016949153,18.095667847499307,6.9039487139795055,11.1917191335198
2462665.5,2463570.9237288134,2030-06-13 00:00:00.000,2032-12-04 10:10:10.169,905.4237288135594,18.42825960264503,7.350410197787448,11.077849404857584
2462665.5,2463589.381355932,2030-06-13 00:00:00.000,2032-12-22 21:09:09.153,923.8813559322034,19.171260749119647,8.09662381620496,11.074636932914684
2462666.5,2463498.093220339,2030-06-14 00:00:00.000,2032-09-22 14:14:14.237,831.5932203389831,19.333801897765188,7.3053306763654735,12.028471221399714
2462666.5,2463516.5508474577,2030-06-14 00:00:00.000,2032-10-11 01:13:13.220,850.0508474576272,18.581217588067485,6.91010770612532,11.671109881942163
2462666.5,2463535.0084745763,2030-06-14 00:00:00.000,2032-10-29 12:12:12.203,868.5084745762713,18.14376834845599,6.760404872967287,11.383363475488702
2462666.5,2463553.466101695,2030-06-14 00:00:00.000,2032-11-16 23:11:11.186,886.9661016949153,18.0611423262098,6.887874491611985,11.173267834597816
2462666.5,2463571.9237288134,2030-06-14 00:00:00.000,2032-12-05 10:10:10.169,905.4237288135594,18.36281823342692,7.309470534129622,11.053347699297294
2462666.5,2463590.381355932,2030-06-14 00:00:00.000,2032-12-23 21:09:09.153,923.8813559322034,19.073019937065773,8.030225764044653,11.04279417302112
2462667.5,2463499.093220339,2030-06-15 00:00:00.000,2032-09-23 14:14:14.237,831.5932203389831,19.371079697474094,7.346983816960564,12.024095880513531
2462667.5,2463517.5508474577,2030-06-15 00:00:00.000,2032-10-12 01:13:13.220,850.0508474576272,18.599713712316003,6.937016922399172,11.662696789916833
2462667.5,2463536.0084745763,2030-06-15 00:00:00.000,2032-10-30 12:12:12.203,868.5084745762713,18.13866929855809,6.768176383928696,11.370492914629397
2462667.5,2463554.466101695,2030-06-15 00:00:00.000,2032-11-17 23:11:11.186,886.9661016949153,18.028296869261343,6.872968963101704,11.15532790615964
2462667.5,2463572.9237288134,2030-06-15 00:00:00.000,2032-12-06 10:10:10.169,905.4237288135594,18.299384747382177,7.269923464607117,11.02946128277506
2462667.5,2463591.381355932,2030-06-15 00:00:00.000,2032-12-24 21:09:09.153,923.8813559322034,18.97708558865865,7.965384714235754,11.011700874422894
2462668.5,2463500.093220339,2030-06-16 00:00:00.000,2032-09-24 14:14:14.237,831.5932203389831,19.40884215950748,7.388816063522975,12.020026095984504
2462668.5,2463518.5508474577,2030-06-16 00:00:00.000,2032-10-13 01:13:13.220,850.0508474576272,18.6190174889334,6.964374355323209,11.654643133610191
2462668.5,2463537.0084745763,2030-06-16 00:00:00.000,2032-10-31 12:12:12.203,868.5084745762713,18.13475447848848,6.776707034090163,11.358047444398318
2462668.5,2463555.466101695,2030-06-16 00:00:00.000,2032-11-18 23:11:11.186,886.9661016949153,17.99698836293252,6.859094363889215,11.137893999043303
2462668.5,2463573.9237288134,2030-06-16 00:00:00.000,2032-12-07 10:10:10.169,905.4237288135594,18.23777776528208,7.231595393483069,11.00618237179901
2462668.5,2463592.381355932,2030-06-16 00:00:00.000,2032-12-25 21:09:09.153,923.8813559322034,18.88324373768469,7.901897700258013,10.981346037426675
2462669.5,2463501.093220339,2030-06-17 00:00:00.000,2032-09-25 14:14:14.237,831.5932203389831,19.447184366349852,7.430921605883313,12.016262760466542
2462669.5,2463519.5508474577,2030-06-17 00:00:00.000,2032-10-14 01:13:13.220,850.0508474576272,18.639176713611192,6.992228181162855,11.646948532448336
2462669.5,2463538.0084745763,2030-06-17 00:00:00.000,2032-11-01 12:12:12.203,868.5084745762713,18.132020409089407,6.785995178685508,11.346025230403898
2462669.5,2463556.466101695,2030-06-17 00:00:00.000,2032-11-19 23:11:11.186,886.9661016949153,17.96716319189725,6.846200701743285,11.120962490153964
2462669.5,2463574.9237288134,2030-06-17 00:00:00.000,2032-12-08 10:10:10.169,905.4237288135594,18.177896584601623,7.194391527993241,10.983505056608385
2462670.5,2463502.093220339,2030-06-18 00:00:00.000,2032-09-26 14:14:14.237,831.5932203389831,19.486266463187143,7.473458351850274,12.012808111336868
2462670.5,2463520.5508474577,2030-06-18 00:00:00.000,2032-10-15 01:13:13.220,850.0508474576272,18.660316855884744,7.020702821434414,11.639614034450332
2462670.5,2463539.0084745763,2030-06-18 00:00:00.000,2032-11-02 12:12:12.203,868.5084745762713,18.130551403335627,6.796125428199946,11.33442597513568
2462670.5,2463557.466101695,2030-06-18 00:00:00.000,2032-11-20 23:11:11.186,886.9661016949153,17.938861135047052,6.834329709803599,11.104531425243453
2462670.5,2463575.9237288134,2030-06-18 00:00:00.000,2032-12-09 10:10:10.169,905.4237288135594,18.119734236597527,7.158308969660434,10.961425266937091
2462671.5,2463503.093220339,2030-06-19 00:00:00.000,2032-09-27 14:14:14.237,831.5932203389831,19.52627945435035,7.516614033775898,12.009665420574454
2462671.5,2463521.5508474577,2030-06-19 00:00:00.000,2032-10-16 01:13:13.220,850.0508474576272,18.68260993626948,7.049968126012743,11.632641810256732
2462671.5,2463540.0084745763,2030-06-19 00:00:00.000,2032-11-03 12:12:12.203,868.5084745762713,18.130493719066287,6.807243103667596,11.32325061539869
2462671.5,2463558.466101695,2030-06-19 00:00:00.000,2032-11-21 23:11:11.186,886.9661016949153,17.912196807372055,6.823596588468634,11.088600218903425
2462671.5,2463576.9237288134,2030-06-19 00:00:00.000,2032-12-10 10:10:10.169,905.4237288135594,18.06336725904191,7.123426785493638,10.939940473548273
2462672.5,2463504.093220339,2030-06-20 00:00:00.000,2032-09-28 14:14:14.237,831.5932203389831,19.567410933349443,7.56057234528674,12.006838588062704
2462672.5,2463522.5508474577,2030-06-20 00:00:00.000,2032-10-17 01:13:13.220,850.0508474576272,18.70623917296393,7.080204434819401,11.626034738144524
2462672.5,2463541.0084745763,2030-06-20 00:00:00.000,2032-11-04 12:12:12.203,868.5084745762713,18.132020924938296,6.819520028234173,11.312500896704124
2462672.5,2463559.466101695,2030-06-20 00:00:00.000,2032-11-22 23:11:11.186,886.9661016949153,17.88732797126019,6.814158755819208,11.073169215440984
2462672.5,2463577.9237288134,2030-06-20 00:00:00.000,2032-12-11 10:10:10.169,905.4237288135594,18.00892885693792,7.089879625484772,10.91904923145315
2462673.5,2463505.093220339,2030-06-21 00:00:00.000,2032-09-29 14:14:14.237,831.5932203389831,19.609821564279805,7.60548981291042,12.004331751369383
2462673.5,2463523.5508474577,2030-06-21 00:00:00.000,2032-10-18 01:13:13.220,850.0508474576272,18.731371541003234,7.111575543341846,11.619795997661386
2462673.5,2463542.0084745763,2030-06-21 00:00:00.000,2032-11-05 12:12:12.203,868.5084745762713,18.13530348301452,6.833124535286147,11.302178947728374
2462673.5,2463560.466101695,2030-06-21 00:00:00.000,2032-11-23 23:11:11.186,886.9661016949153,17.864423834381633,6.806184594012045,11.058239240369586
2462673.5,2463578.9237288134,2030-06-21 00:00:00.000,2032-12-12 10:10:10.169,905.4237288135594,17.956577878197226,7.057827175563507,10.898750702633718
2462674.5,2463506.093220339,2030-06-22 00:00:00.000,2032-09-30 14:14:14.237,831.5932203389831,19.65363574946508,7.651486761255039,12.002148988210042
2462674.5,2463524.5508474577,2030-06-22 00:00:00.000,2032-10-19 01:13:13.220,850.0508474576272,18.758143785683423,7.144215031834353,11.613928753849072
2462674.5,2463543.0084745763,2030-06-22 00:00:00.000,2032-11-06 12:12:12.203,868.5084745762713,18.14049020491316,6.848203261484563,11.292286943428593
2462674.5,2463561.466101695,2030-06-22 00:00:00.000,2032-11-24 23:11:11.186,886.9661016949153,17.843642786111527,6.799831547271543,11.043811238839984
2462674.5,2463579.9237288134,2030-06-22 00:00:00.000,2032-12-13 10:10:10.169,905.4237288135594,17.906474255791096,7.027429991899748,10.87904426389135
2462675.5,2463507.093220339,2030-06-23 00:00:00.000,2032-10-01 14:14:14.237,831.5932203389831,19.698943088545292,7.6986489564376095,12.000294132107683
2462675.5,2463525.5508474577,2030-06-23 00:00:00.000,2032-10-20 01:13:13.220,850.0508474576272,18.786660118991403,7.178224162122123,11.60843595686928
2462675.5,2463544.0084745763,2030-06-23 00:00:00.000,2032-11-07 12:12:12.203,868.5084745762713,18.14770176407392,6.864874877681739,11.28282688639218
2462675.5,2463562.466101695,2030-06-23 00:00:00.000,2032-11-25 23:11:11.186,886.9661016949153,17.825121837661893,6.7952358016116285,11.029886036050264
2462675.5,2463580.9237288134,2030-06-23 00:00:00.000,2032-12-14 10:10:10.169,905.4237288135594,17.85876510307053,6.998835861765965,10.859929241304563
2462676.5,2463508.093220339,2030-06-24 00:00:00.000,2032-10-02 14:14:14.237,831.5932203389831,19.745804748586774,7.747034068045296,11.998770680541485
2462676.5,2463526.5508474577,2030-06-24 00:00:00.000,2032-10-21 01:13:13.220,850.0508474576272,18.816996275478036,7.213676037382402,11.603320238095629
2462676.5,2463545.0084745763,2030-06-24 00:00:00.000,2032-11-08 12:12:12.203,868.5084745762713,18.157031863712287,6.883231374370221,11.273800489342069
2462676.5,2463563.466101695,2030-06-24 00:00:00.000,2032-11-26 23:11:11.186,886.9661016949153,17.80897462204437,6.79251041750562,11.016464204538751
2462676.5,2463581.9237288134,2030-06-24 00:00:00.000,2032-12-15 10:10:10.169,905.4237288135594,17.813579747117984,6.972174988615434,10.841404758502549
2462677.5,2463509.093220339,2030-06-25 00:00:00.000,2032-10-03 14:14:14.237,831.5932203389831,19.79426039380976,7.796678632458776,11.99758176135098
2462677.5,2463527.5508474577,2030-06-25 00:00:00.000,2032-10-22 01:13:13.220,850.0508474576272,18.84920533114946,7.25062146286571,11.59858386828375
2462677.5,2463546.0084745763,2030-06-25 00:00:00.000,2032-11-09 12:12:12.203,868.5084745762713,18.16855143441814,6.903342310327466,11.265209124090674
2462677.5,2463564.466101695,2030-06-25 00:00:00.000,2032-11-27 23:11:11.186,886.9661016949153,17.79529357821333,6.7917475750566725,11.003546003156655
2462677.5,2463582.9237288134,2030-06-25 00:00:00.000,2032-12-16 10:10:10.169,905.4237288135594,17.771029829587384,6.947560166699754,10.823469662887632
2462678.5,2463510.093220339,2030-06-26 00:00:00.000,2032-10-04 14:14:14.237,831.5932203389831,19.84433390764676,7.847603778949774,11.996730128696989
2462678.5,2463528.5508474577,2030-06-26 00:00:00.000,2032-10-23 01:13:13.220,850.0508474576272,18.88332306829098,7.289094320114655,11.594228748176326
2462678.5,2463547.0084745763,2030-06-26 00:00:00.000,2032-11-10 12:12:12.203,868.5084745762713,18.182313256932677,6.9252594507709695,11.257053806161704
2462678.5,2463565.466101695,2030-06-26 00:00:00.000,2032-11-28 23:11:11.186,886.9661016949153,17.784153463736516,6.793022108205777,10.991131355530737
2462678.5,2463583.9237288134,2030-06-26 00:00:00.000,2032-12-17 10:10:10.169,905.4237288135594,17.73121154022353,6.925089044301743,10.806122495921787
2462679.5,2463511.093220339,2030-06-27 00:00:00.000,2032-10-05 14:14:14.237,831.5932203389831,19.896037451754832,7.899819282669496,11.996218169085337
2462679.5,2463529.5508474577,2030-06-27 00:00:00.000,2032-10-24 01:13:13.220,850.0508474576272,18.91937212412874,7.329115713076631,11.590256411052108
2462679.5,2463548.0084745763,2030-06-27 00:00:00.000,2032-11-11 12:12:12.203,868.5084745762713,18.198355942125023,6.949020748675139,11.249335193449884
2462679.5,2463566.466101695,2030-06-27 00:00:00.000,2032-11-29 23:11:11.186,886.9661016949153,17.77561487128657,6.7963950262844,10.97921984500217
2462679.5,2463584.9237288134,2030-06-27 00:00:00.000,2032-12-18 10:10:10.169,905.4237288135594,17.69420848751221,6.904847004691575,10.789361482820636
2462680.5,2463512.093220339,2030-06-28 00:00:00.000,2032-10-06 14:14:14.237,831.5932203389831,19.949373456349747,7.95332555274169,11.99604790360806
2462680.5,2463530.5508474577,2030-06-28 00:00:00.000,2032-10-25 01:13:13.220,850.0508474576272,18.95736431991171,7.3706962974547325,11.58666802245698
2462680.5,2463549.0084745763,2030-06-28 00:00:00.000,2032-11-12 12:12:12.203,868.5084745762713,18.21670646293169,6.97465287982001,11.242053583111678
2462680.5,2463567.466101695,2030-06-28 00:00:00.000,2032-11-30 23:11:11.186,886.9661016949153,17.76972677238508,6.801916063387437,10.967810708997645
2462680.5,2463585.9237288134,2030-06-28 00:00:00.000,2032-12-19 10:10:10.169,905.4237288135594,17.66009411996796,6.88690959681088,10.77318452315708
2462681.5,2463531.5508474577,2030-06-29 00:00:00.000,2032-10-26 01:13:13.220,850.0508474576272,18.99730065062264,7.413836283638723,11.583464366983916
2462681.5,2463550.0084745763,2030-06-29 00:00:00.000,2032-11-13 12:12:12.203,868.5084745762713,18.237380469564457,7.002171573989186,11.23520889557527
2462681.5,2463568.466101695,2030-06-29 00:00:00.000,2032-12-01 23:11:11.186,886.9661016949153,17.766527082480273,6.809624261922114,10.95690282055816
2462681.5,2463586.9237288134,2030-06-29 00:00:00.000,2032-12-20 10:10:10.169,905.4237288135594,17.62893250505457,6.871343336313128,10.757589168741443
2462682.5,2462960.36440678,2030-06-30 00:00:00.000,2031-04-03 20:44:44.746,277.86440677966107,19.984065013996265,14.202862718996483,5.7812022949997806
2462682.5,2463532.5508474577,2030-06-30 00:00:00.000,2032-10-27 01:13:13.220,850.0508474576272,19.03916922075236,7.458523401274753,11.580645819477605
2462682.5,2463551.0084745763,2030-06-30 00:00:00.000,2032-11-14 12:12:12.203,868.5084745762713,18.260380376224436,7.031579733945958,11.228800642278475
2462682.5,2463569.466101695,2030-06-30 00:00:00.000,2032-12-02 23:11:11.186,886.9661016949153,17.7660409004366,6.819546247683388,10.946494652753216
2462682.5,2463587.9237288134,2030-06-30 00:00:00.000,2032-12-21 10:10:10.169,905.4237288135594,17.600776783818944,6.858204200320067,10.742572583498877
2462683.5,2462961.36440678,2030-07-01 00:00:00.000,2031-04-04 20:44:44.746,277.86440677966107,19.87179281816052,14.107836430289428,5.763956387871096
2462683.5,2463533.5508474577,2030-07-01 00:00:00.000,2032-10-28 01:13:13.220,850.0508474576272,19.08294236491402,7.504730058244751,11.57821230666927
2462683.5,2463552.0084745763,2030-07-01 00:00:00.000,2032-11-15 12:12:12.203,868.5084745762713,18.28569228216128,7.06286439928176,11.22282788287952
2462683.5,2463570.466101695,2030-07-01 00:00:00.000,2032-12-03 23:11:11.186,886.9661016949153,17.768277231499393,6.831693000067468,10.936584231431926
2462683.5,2463588.9237288134,2030-07-01 00:00:00.000,2032-12-22 10:10:10.169,905.4237288135594,17.57566579198351,6.8475343014830905,10.72813149050042
2462684.5,2462962.36440678,2030-07-02 00:00:00.000,2031-04-05 20:44:44.746,277.86440677966107,19.760768961689266,14.013347639193112,5.747421322496153
2462684.5,2462980.8220338984,2030-07-02 00:00:00.000,2031-04-24 07:43:43.729,296.3220338983051,19.95952380617771,14.208754132970984,5.750769673206725
2462684.5,2463534.5508474577,2030-07-02 00:00:00.000,2032-10-29 01:13:13.220,850.0508474576272,19.128574284589547,7.552411014983893,11.576163269605653
2462684.5,2463553.0084745763,2030-07-02 00:00:00.000,2032-11-16 12:12:12.203,868.5084745762713,18.31328311233544,7.095993929781717,11.217289182553722
2462684.5,2463571.466101695,2030-07-02 00:00:00.000,2032-12-04 23:11:11.186,886.9661016949153,17.773225570035134,6.846056482799368,10.927169087235766
2462684.5,2463589.9237288134,2030-07-02 00:00:00.000,2032-12-23 10:10:10.169,905.4237288135594,17.553620132622108,6.839358015158946,10.71426211746316
2462685.5,2462963.36440678,2030-07-03 00:00:00.000,2031-04-06 20:44:44.746,277.86440677966107,19.65103467970033,13.919466493331788,5.731568186368542
2462685.5,2462981.8220338984,2030-07-03 00:00:00.000,2031-04-25 07:43:43.729,296.3220338983051,19.815048127646545,14.100478683137398,5.714569444509147
2462685.5,2463535.5508474577,2030-07-03 00:00:00.000,2032-10-30 01:13:13.220,850.0508474576272,19.17599969091379,7.601502055722932,11.57449763519086
2462685.5,2463554.0084745763,2030-07-03 00:00:00.000,2032-11-17 12:12:12.203,868.5084745762713,18.34309865116751,7.130916073036304,11.212182578131204
2462685.5,2463572.466101695,2030-07-03 00:00:00.000,2032-12-05 23:11:11.186,886.9661016949153,17.780853190338444,6.862606974201074,10.91824621613737
2462685.5,2463590.9237288134,2030-07-03 00:00:00.000,2032-12-24 10:10:10.169,905.4237288135594,17.534638684122886,6.833678533495673,10.700960150627212
2462686.5,2462964.36440678,2030-07-04 00:00:00.000,2031-04-07 20:44:44.746,277.86440677966107,19.54263864274717,13.826270154568093,5.716368488179081
2462686.5,2462982.8220338984,2030-07-04 00:00:00.000,2031-04-26 07:43:43.729,296.3220338983051,19.672665150440693,13.99322547967421,5.679439670766481
2462686.5,2463536.5508474577,2030-07-04 00:00:00.000,2032-10-31 01:13:13.220,850.0508474576272,19.225133116788196,7.651919316269885,11.573213800518309
2462686.5,2463555.0084745763,2030-07-04 00:00:00.000,2032-11-18 12:12:12.203,868.5084745762713,18.375062252784637,7.167556695729821,11.207505557054814
2462686.5,2463573.466101695,2030-07-04 00:00:00.000,2032-12-06 23:11:11.186,886.9661016949153,17.791103077204184,6.881291024372411,10.909812052831771
2462686.5,2463591.9237288134,2030-07-04 00:00:00.000,2032-12-25 10:10:10.169,905.4237288135594,17.51869563507151,6.83047493332978,10.688220701741727
2462687.5,2462965.36440678,2030-07-05 00:00:00.000,2031-04-08 20:44:44.746,277.86440677966107,19.435635251665698,13.73384104511364,5.701794206552059
2462687.5,2462983.8220338984,2030-07-05 00:00:00.000,2031-04-27 07:43:43.729,296.3220338983051,19.532420994878,13.887070884022398,5.645350110855601
2462687.5,2463537.5508474577,2030-07-05 00:00:00.000,2032-11-01 01:13:13.220,850.0508474576272,19.275868541946355,7.703558910241353,11.572309631705002
2462687.5,2463556.0084745763,2030-07-05 00:00:00.000,2032-11-19 12:12:12.203,868.5084745762713,18.40907385629948,7.2058188053165155,11.203255050982966
2462687.5,2463574.466101695,2030-07-05 00:00:00.000,2032-12-07 23:11:11.186,886.9661016949153,17.803892129870317,6.902029670937286,10.90186245893303
2462688.5,2462966.36440678,2030-07-06 00:00:00.000,2031-04-09 20:44:44.746,277.86440677966107,19.33008217410851,13.642264336578094,5.687817837530418
2462688.5,2462984.8220338984,2030-07-06 00:00:00.000,2031-04-28 07:43:43.729,296.3220338983051,19.394364513814317,13.782094085155352,5.612270428658962
2462688.5,2463538.5508474577,2030-07-06 00:00:00.000,2032-11-02 01:13:13.220,850.0508474576272,19.32807951149312,7.75629703083123,11.571782480661891
2462688.5,2463557.0084745763,2030-07-06 00:00:00.000,2032-11-20 12:12:12.203,868.5084745762713,18.445009428814444,7.245581981223967,11.199427447590477
2462688.5,2463575.466101695,2030-07-06 00:00:00.000,2032-12-08 23:11:11.186,886.9661016949153,17.819109698938203,6.924716969269995,10.894392729668208
2462689.5,2462967.36440678,2030-07-07 00:00:00.000,2031-04-10 20:44:44.746,277.86440677966107,19.226036792853147,13.55162435450348,5.674412438349666
2462689.5,2462985.8220338984,2030-07-07 00:00:00.000,2031-04-29 07:43:43.729,296.3220338983051,19.258543745823136,13.678373510666514,5.580170235156621
2462689.5,2463539.5508474577,2030-07-07 00:00:00.000,2032-11-03 01:13:13.220,850.0508474576272,19.38162022275132,7.809990997211656,11.571629225539665
2462689.5,2463558.0084745763,2030-07-07 00:00:00.000,2032-11-21 12:12:12.203,868.5084745762713,18.48272130772057,7.286702681148723,11.196018626571853
2462689.5,2463576.466101695,2030-07-07 00:00:00.000,2032-12-09 23:11:11.186,886.9661016949153,17.836616913885965,6.949219288494088,10.887397625391875
2462690.5,2462968.36440678,2030-07-08 00:00:00.000,2031-04-11 20:44:44.746,277.86440677966107,19.1235514039679,13.46199973931471,5.661551664653191
2462690.5,2462986.8220338984,2030-07-08 00:00:00.000,2031-04-30 07:43:43.729,296.3220338983051,19.125001140041647,13.575981999556916,5.549019140484732
2462690.5,2463540.5508474577,2030-07-08 00:00:00.000,2032-11-04 01:13:13.220,850.0508474576272,19.4363279267282,7.86448158526795,11.57184634146025
2462690.5,2463559.0084745763,2030-07-08 00:00:00.000,2032-11-22 12:12:12.203,868.5084745762713,18.52203981128956,7.329015784448508,11.193024026841048
2462690.5,2463577.466101695,2030-07-08 00:00:00.000,2032-12-10 23:11:11.186,886.9661016949153,17.85624719207073,6.975375756703495,10.880871435367236
2462691.5,2462950.906779661,2030-07-09 00:00:00.000,2031-03-25 09:45:45.763,259.40677966101697,19.950371869954964,13.62808986296911,6.322282006985853
2462691.5,2462969.36440678,2030-07-09 00:00:00.000,2031-04-12 20:44:44.746,277.86440677966107,19.022666677067207,13.373456879620186,5.64920979744702
2462691.5,2462987.8220338984,2030-07-09 00:00:00.000,2031-05-01 07:43:43.729,296.3220338983051,18.99376707234894,13.474980255242537,5.518786817106404
2462691.5,2463541.5508474577,2030-07-09 00:00:00.000,2032-11-05 01:13:13.220,850.0508474576272,19.492027134266618,7.919597124793726,11.57243000947289
2462691.5,2463560.0084745763,2030-07-09 00:00:00.000,2032-11-23 12:12:12.203,868.5084745762713,18.562776583945197,7.372337830597395,11.1904387533478
2462691.5,2463578.466101695,2030-07-09 00:00:00.000,2032-12-11 23:11:11.186,886.9661016949153,17.877808363382915,7.003000280571621,10.874808082811294
2462692.5,2462951.906779661,2030-07-10 00:00:00.000,2031-03-26 09:45:45.763,259.40677966101697,19.872346011815807,13.549840150757396,6.322505861058411
2462692.5,2462970.36440678,2030-07-10 00:00:00.000,2031-04-13 20:44:44.746,277.86440677966107,18.923402397104137,13.286040642430134,5.637361754674003
2462692.5,2462988.8220338984,2030-07-10 00:00:00.000,2031-05-02 07:43:43.729,296.3220338983051,18.864850678611276,13.37540760202079,5.489443076590483
2462692.5,2463007.279661017,2030-07-10 00:00:00.000,2031-05-20 18:42:42.712,314.77966101694915,19.87940277979988,13.889943211517942,5.989459568281939
2462692.5,2463542.5508474577,2030-07-10 00:00:00.000,2032-11-06 01:13:13.220,850.0508474576272,19.548536997942755,7.975160722685935,11.57337627525682
2462692.5,2463561.0084745763,2030-07-10 00:00:00.000,2032-11-24 12:12:12.203,868.5084745762713,18.60473104863105,7.416473312744696,11.188257735886356
2462692.5,2463579.466101695,2030-07-10 00:00:00.000,2032-12-12 23:11:11.186,886.9661016949153,17.901087749077867,7.031886464521258,10.86920128455661
2462693.5,2462952.906779661,2030-07-11 00:00:00.000,2031-03-27 09:45:45.763,259.40677966101697,19.795364959590795,13.472503132412124,6.32286182717867
2462693.5,2462971.36440678,2030-07-11 00:00:00.000,2031-04-14 20:44:44.746,277.86440677966107,18.825745099630048,13.19976201839277,5.625983081237278
2462693.5,2462989.8220338984,2030-07-11 00:00:00.000,2031-05-03 07:43:43.729,296.3220338983051,18.738227615012864,13.27726964991088,5.4609579651019855
2462693.5,2463008.279661017,2030-07-11 00:00:00.000,2031-05-21 18:42:42.712,314.77966101694915,19.7150249789658,13.775328829385966,5.939696149579834
2462693.5,2463543.5508474577,2030-07-11 00:00:00.000,2032-11-07 01:13:13.220,850.0508474576272,19.605683980947923,8.031002710281882,11.57468127066604
2462693.5,2463562.0084745763,2030-07-11 00:00:00.000,2032-11-25 12:12:12.203,868.5084745762713,18.647702332338103,7.461226377872935,11.186475954465168
2462693.5,2463580.466101695,2030-07-11 00:00:00.000,2032-12-13 23:11:11.186,886.9661016949153,17.925862788141835,7.061818006592814,10.86404478154902
2462694.5,2462953.906779661,2030-07-12 00:00:00.000,2031-03-28 09:45:45.763,259.40677966101697,19.719380675833012,13.396046317368118,6.323334358464898
2462694.5,2462972.36440678,2030-07-12 00:00:00.000,2031-04-15 20:44:44.746,277.86440677966107,18.72963463946373,13.114584726951149,5.615049912512581
2462694.5,2462990.8220338984,2030-07-12 00:00:00.000,2031-05-04 07:43:43.729,296.3220338983051,18.61382677409012,13.180524891382689,5.433301882707434
2462694.5,2463009.279661017,2030-07-12 00:00:00.000,2031-05-22 18:42:42.712,314.77966101694915,19.55364978398552,13.66251249393236,5.891137290053162
2462694.5,2463544.5508474577,2030-07-12 00:00:00.000,2032-11-08 01:13:13.220,850.0508474576272,19.66332079612344,8.086979295102255,11.57634150102118
2462694.5,2463563.0084745763,2030-07-12 00:00:00.000,2032-11-26 12:12:12.203,868.5084745762713,18.69150828565023,7.506419549628186,11.185088736022042
2462694.5,2463581.466101695,2030-07-12 00:00:00.000,2032-12-14 23:11:11.186,886.9661016949153,17.951919533497716,7.092586886517412,10.859332646980302
2462695.5,2462954.906779661,2030-07-13 00:00:00.000,2031-03-29 09:45:45.763,259.40677966101697,19.64428882085113,13.320380562552623,6.323908258298507
2462695.5,2462973.36440678,2030-07-13 00:00:00.000,2031-04-16 20:44:44.746,277.86440677966107,18.63495483769081,13.030415926284611,5.604538911406193
2462695.5,2462991.8220338984,2030-07-13 00:00:00.000,2031-05-05 07:43:43.729,296.3220338983051,18.49152108725098,13.085075362725863,5.406445724525113
2462695.5,2463010.279661017,2030-07-13 00:00:00.000,2031-05-23 18:42:42.712,314.77966101694915,19.39513913310153,13.551389012690947,5.843750120410585
2462695.5,2463545.5508474577,2030-07-13 00:00:00.000,2032-11-09 01:13:13.220,850.0508474576272,19.721348979868665,8.142994805972267,11.5783541738964
2462695.5,2463564.0084745763,2030-07-13 00:00:00.000,2032-11-27 12:12:12.203,868.5084745762713,18.73600973279632,7.551917633376112,11.184092099420209
2462695.5,2463582.466101695,2030-07-13 00:00:00.000,2032-12-15 23:11:11.186,886.9661016949153,17.97907813119551,7.124018481063106,10.855059650132404
2462696.5,2462955.906779661,2030-07-14 00:00:00.000,2031-03-30 09:45:45.763,259.40677966101697,19.569929574434497,13.24536113524592,6.324568439188576
2462696.5,2462974.36440678,2030-07-14 00:00:00.000,2031-04-17 20:44:44.746,277.86440677966107,18.541534450930627,12.947107263664696,5.59442718726593
2462696.5,2462992.8220338984,2030-07-14 00:00:00.000,2031-05-06 07:43:43.729,296.3220338983051,18.37112864807799,12.990767620027368,5.380361028050619
2462696.5,2463011.279661017,2030-07-14 00:00:00.000,2031-05-24 18:42:42.712,314.77966101694915,19.23930027949307,13.441797633721697,5.797502645771374
2462696.5,2463546.5508474577,2030-07-14 00:00:00.000,2032-11-10 01:13:13.220,850.0508474576272,19.779738232179906,8.199020721910768,11.580717510269135
2462696.5,2463565.0084745763,2030-07-14 00:00:00.000,2032-11-28 12:12:12.203,868.5084745762713,18.781133410163875,7.597650321483134,11.18348308868074
2462696.5,2463583.466101695,2030-07-14 00:00:00.000,2032-12-16 23:11:11.186,886.9661016949153,18.007219345062303,7.155997730463865,10.85122161459844
2462697.5,2462956.906779661,2030-07-15 00:00:00.000,2031-03-31 09:45:45.763,259.40677966101697,19.49610217086142,13.170802467563536,6.325299703297885
2462697.5,2462975.36440678,2030-07-15 00:00:00.000,2031-04-18 20:44:44.746,277.86440677966107,18.449161837997732,12.864469625103858,5.584692212893879
2462697.5,2462993.8220338984,2030-07-15 00:00:00.000,2031-05-07 07:43:43.729,296.3220338983051,18.252427526475422,12.897407428345812,5.355020098129608
2462697.5,2463012.279661017,2030-07-15 00:00:00.000,2031-05-25 18:42:42.712,314.77966101694915,19.0859006896251,13.333536571382997,5.752364118242101
2462697.5,2463547.5508474577,2030-07-15 00:00:00.000,2032-11-11 01:13:13.220,850.0508474576272,19.838534205000467,8.25510324654423,11.583430958456235
2462697.5,2463566.0084745763,2030-07-15 00:00:00.000,2032-11-29 12:12:12.203,868.5084745762713,18.826884676837015,7.643624665632406,11.183260011204611
2462697.5,2463584.466101695,2030-07-15 00:00:00.000,2032-12-17 23:11:11.186,886.9661016949153,18.03630279051167,7.188487107221151,10.847815683290518
2462698.5,2462957.906779661,2030-07-16 00:00:00.000,2031-04-01 09:45:45.763,259.40677966101697,19.42259058501566,13.09650398772954,6.326086597286117
2462698.5,2462976.36440678,2030-07-16 00:00:00.000,2031-04-19 20:44:44.746,277.86440677966107,18.35761074592794,12.782298987202386,5.575311758725552
2462698.5,2462994.8220338984,2030-07-16 00:00:00.000,2031-05-08 07:43:43.729,296.3220338983051,18.13518168767311,12.80478560884284,5.33039607883027
2462698.5,2463013.279661017,2030-07-16 00:00:00.000,2031-05-26 18:42:42.712,314.77966101694915,18.93469409006015,13.22638880098692,5.708305289073231
2462698.5,2463548.5508474577,2030-07-16 00:00:00.000,2032-11-12 01:13:13.220,850.0508474576272,19.89784983803001,8.311354593136459,11.586495244893552
2462698.5,2463567.0084745763,2030-07-16 00:00:00.000,2032-11-30 12:12:12.203,868.5084745762713,18.873343652745604,7.689921143189826,11.183422509555776
2462698.5,2463585.466101695,2030-07-16 00:00:00.000,2032-12-18 23:11:11.186,886.9661016949153,18.06636901567326,7.221528603063258,10.844840412610004
2462699.5,2462958.906779661,2030-07-17 00:00:00.000,2031-04-02 09:45:45.763,259.40677966101697,19.349192324921063,13.022278950711618,6.326913374209449
2462699.5,2462977.36440678,2030-07-17 00:00:00.000,2031-04-20 20:44:44.746,277.86440677966107,18.26666915465392,12.70040529641625,5.566263858237671
2462699.5,2462995.8220338984,2030-07-17 00:00:00.000,2031-05-09 07:43:43.729,296.3220338983051,18.01916993834911,12.712706984142612,5.306462954206494
2462699.5,2463014.279661017,2030-07-17 00:00:00.000,2031-05-27 18:42:42.712,314.77966101694915,18.785449578390217,13.120151100517178,5.665298477873039
2462699.5,2463549.5508474577,2030-07-17 00:00:00.000,2032-11-13 01:13:13.220,850.0508474576272,19.95784223476805,8.367929991135803,11.589912243632249
2462699.5,2463568.0084745763,2030-07-17 00:00:00.000,2032-12-01 12:12:12.203,868.5084745762713,18.920645184669134,7.736673741031846,11.183971443637288
2462699.5,2463586.466101695,2030-07-17 00:00:00.000,2032-12-19 23:11:11.186,886.9661016949153,18.097523906025454,7.2552282388722205,10.842295667153238
2462700.5,2462959.906779661,2030-07-18 00:00:00.000,2031-04-03 09:45:45.763,259.40677966101697,19.27574088919894,12.94797682928506,6.327764059913879
2462700.5,2462978.36440678,2030-07-18 00:00:00.000,2031-04-21 20:44:44.746,277.86440677966107,18.176161728242484,12.618634920558728,5.557526807683756
2462700.5,2462996.8220338984,2030-07-18 00:00:00.000,2031-05-10 07:43:43.729,296.3220338983051,17.904208425466848,12.621012943282318,5.283195482184529
2462700.5,2463015.279661017,2030-07-18 00:00:00.000,2031-05-28 18:42:42.712,314.77966101694915,18.63797428008076,13.01465682493633,5.623317455144432
2462700.5,2463569.0084745763,2030-07-18 00:00:00.000,2032-12-02 12:12:12.203,868.5084745762713,18.96894995728879,7.784041335391215,11.184908621897574
2462700.5,2463587.466101695,2030-07-18 00:00:00.000,2032-12-20 23:11:11.186,886.9661016949153,18.129911423966146,7.289729072603425,10.84018235136272
2462701.5,2462960.906779661,2030-07-19 00:00:00.000,2031-04-04 09:45:45.763,259.40677966101697,19.20211598182777,12.873493392749094,6.328622589078679
2462701.5,2462979.36440678,2030-07-19 00:00:00.000,2031-04-22 20:44:44.746,277.86440677966107,18.085959966721497,12.536880774732971,5.549079191988525
2462701.5,2462997.8220338984,2030-07-19 00:00:00.000,2031-05-11 07:43:43.729,296.3220338983051,17.79016076699191,12.52959168119088,5.26056908580103
2462701.5,2463016.279661017,2030-07-19 00:00:00.000,2031-05-29 18:42:42.712,314.77966101694915,18.49212357367445,12.909786381062506,5.58233719261195
2462701.5,2463570.0084745763,2030-07-19 00:00:00.000,2032-12-03 12:12:12.203,868.5084745762713,19.018416904167605,7.832180441057524,11.18623646311008
2462701.5,2463588.466101695,2030-07-19 00:00:00.000,2032-12-21 23:11:11.186,886.9661016949153,18.163684794756637,7.325182733298295,10.83850206145834
2462702.5,2462961.906779661,2030-07-20 00:00:00.000,2031-04-05 09:45:45.763,259.40677966101697,19.1282415265049,12.798768563887824,6.32947296261708
2462702.5,2462980.36440678,2030-07-20 00:00:00.000,2031-04-23 20:44:44.746,277.86440677966107,17.995980116755646,12.455080194091748,5.5408999226639
2462702.5,2462998.8220338984,2030-07-20 00:00:00.000,2031-05-12 07:43:43.729,296.3220338983051,17.676935877011868,12.438376143025692,5.238559733986176
2462702.5,2463017.279661017,2030-07-20 00:00:00.000,2031-05-30 18:42:42.712,314.77966101694915,18.347798912271266,12.805465347869667,5.542333564401599
2462702.5,2463571.0084745763,2030-07-20 00:00:00.000,2032-12-04 12:12:12.203,868.5084745762713,19.069184541492803,7.881226866974094,11.187957674518708
2462702.5,2463589.466101695,2030-07-20 00:00:00.000,2032-12-22 23:11:11.186,886.9661016949153,18.198984828396892,7.361728080439651,10.837256747957245
2462703.5,2462962.906779661,2030-07-21 00:00:00.000,2031-04-06 09:45:45.763,259.40677966101697,19.05407611413795,12.723776727617333,6.330299386520616
2462703.5,2462981.36440678,2030-07-21 00:00:00.000,2031-04-24 20:44:44.746,277.86440677966107,17.90617349961746,12.373205224791668,5.532968274825793
2462703.5,2462999.8220338984,2030-07-21 00:00:00.000,2031-05-13 07:43:43.729,296.3220338983051,17.564478167458244,12.34733432908604,5.217143838372204
2462703.5,2463018.279661017,2030-07-21 00:00:00.000,2031-05-31 18:42:42.712,314.77966101694915,18.20493792968381,12.701654856904362,5.503283072779449
2462703.5,2463572.0084745763,2030-07-21 00:00:00.000,2032-12-05 12:12:12.203,868.5084745762713,19.121363317895632,7.93128831525123,11.190075002644402
2462703.5,2463590.466101695,2030-07-21 00:00:00.000,2032-12-23 23:11:11.186,886.9661016949153,18.23592889730544,7.39948044732763,10.83644844997781
2462704.5,2462963.906779661,2030-07-22 00:00:00.000,2031-04-07 09:45:45.763,259.40677966101697,18.97960156994092,12.648515197237677,6.3310863727032425
2462704.5,2462982.36440678,2030-07-22 00:00:00.000,2031-04-25 20:44:44.746,277.86440677966107,17.816514966680195,12.291251050478987,5.525263916201208
2462704.5,2463000.8220338984,2030-07-22 00:00:00.000,2031-05-14 07:43:43.729,296.3220338983051,17.452755868399187,12.256457689017214,5.196298179381975
2462704.5,2463019.279661017,2030-07-22 00:00:00.000,2031-06-01 18:42:42.712,314.77966101694915,18.06350261114187,12.59833997189526,5.465162639246612
2462704.5,2463037.737288136,2030-07-22 00:00:00.000,2031-06-20 05:41:41.695,333.23728813559325,19.85238639779736,13.43308189323677,6.41930450456059
2462704.5,2463573.0084745763,2030-07-22 00:00:00.000,2032-12-06 12:12:12.203,868.5084745762713,19.17503635739778,7.982445285073807,11.192591072323973
2462704.5,2463591.466101695,2030-07-22 00:00:00.000,2032-12-24 23:11:11.186,886.9661016949153,18.27460897777868,7.438529857504783,10.836079120273896
2462705.5,2462964.906779661,2030-07-23 00:00:00.000,2031-04-08 09:45:45.763,259.40677966101697,18.904813455972256,12.572994654470788,6.331818801501469
2462705.5,2462983.36440678,2030-07-23 00:00:00.000,2031-04-26 20:44:44.746,277.86440677966107,17.72699331248251,12.209226385428538,5.51776692705397
2462705.5,2463001.8220338984,2030-07-23 00:00:00.000,2031-05-15 07:43:43.729,296.3220338983051,17.341751321973,12.165751459548014,5.175999862424985
2462705.5,2463020.279661017,2030-07-23 00:00:00.000,2031-06-02 18:42:42.712,314.77966101694915,17.9234694271642,12.495519959171215,5.427949467992982
2462705.5,2463038.737288136,2030-07-23 00:00:00.000,2031-06-21 05:41:41.695,333.23728813559325,19.67431138997784,13.31242928809838,6.361882101879462
2462705.5,2463574.0084745763,2030-07-23 00:00:00.000,2032-12-07 12:12:12.203,868.5084745762713,19.230264334310085,8.034756034636223,11.19550829967386
2462705.5,2463592.466101695,2030-07-23 00:00:00.000,2032-12-25 23:11:11.186,886.9661016949153,18.31509484123395,7.478944313263648,10.836150527970304
2462706.5,2462965.906779661,2030-07-24 00:00:00.000,2031-04-09 09:45:45.763,259.40677966101697,18.829714777430112,12.497232821795617,6.3324819556344965
2462706.5,2462984.36440678,2030-07-24 00:00:00.000,2031-04-27 20:44:44.746,277.86440677966107,17.63760491627772,12.1271471028106,5.510457813467121
2462706.5,2463002.8220338984,2030-07-24 00:00:00.000,2031-05-16 07:43:43.729,296.3220338983051,17.231454531304813,12.07522823306214,5.156226298242673
2462706.5,2463021.279661017,2030-07-24 00:00:00.000,2031-06-03 18:42:42.712,314.77966101694915,17.784822739834315,12.393201771040555,5.391620968793759
2462706.5,2463039.737288136,2030-07-24 00:00:00.000,2031-06-22 05:41:41.695,333.23728813559325,19.49846277789653,13.192732885629498,6.305729892267038
2462706.5,2463575.0084745763,2030-07-24 00:00:00.000,2032-12-08 12:12:12.203,868.5084745762713,19.287091195944924,8.08826234236262,11.198828853582302
2462707.5,2462966.906779661,2030-07-25 00:00:00.000,2031-04-10 09:45:45.763,259.40677966101697,18.75431269522641,12.421251157675858,6.333061537550554
2462707.5,2462985.36440678,2030-07-25 00:00:00.000,2031-04-28 20:44:44.746,277.86440677966107,17.548350409409082,12.045032891901355,5.503317517507725
2462707.5,2463003.8220338984,2030-07-25 00:00:00.000,2031-05-17 07:43:43.729,296.3220338983051,17.121859759655113,11.984904559572652,5.136955200082461
2462707.5,2463022.279661017,2030-07-25 00:00:00.000,2031-06-04 18:42:42.712,314.77966101694915,17.647551284551422,12.29139656365866,5.3561547208927625
2462707.5,2463040.737288136,2030-07-25 00:00:00.000,2031-06-23 05:41:41.695,333.23728813559325,19.324819470893008,13.07399472173146,6.2508247491615485
2462707.5,2463576.0084745763,2030-07-25 00:00:00.000,2032-12-09 12:12:12.203,868.5084745762713,19.34554908309291,8.142994440914501,11.202554642178407
2462708.5,2462967.906779661,2030-07-26 00:00:00.000,2031-04-11 09:45:45.763,259.40677966101697,18.67861781429369,12.34507413318798,6.333543681105711
2462708.5,2462986.36440678,2030-07-26 00:00:00.000,2031-04-29 20:44:44.746,277.86440677966107,17.459233930541156,11.962906502538182,5.496327428002975
2462708.5,2463004.8220338984,2030-07-26 00:00:00.000,2031-05-18 07:43:43.729,296.3220338983051,17.012964734449163,11.89480014288946,5.118164591559703
2462708.5,2463023.279661017,2030-07-26 00:00:00.000,2031-06-05 18:42:42.712,314.77966101694915,17.511647278461112,12.190118817693364,5.3215284607677455
2462708.5,2463041.737288136,2030-07-26 00:00:00.000,2031-06-24 05:41:41.695,333.23728813559325,19.153364195632392,12.956220453664,6.19714374196839
2462708.5,2463577.0084745763,2030-07-26 00:00:00.000,2032-12-10 12:12:12.203,868.5084745762713,19.40566168030792,8.198974374425172,11.20668730588275
2462709.5,2462968.906779661,2030-07-27 00:00:00.000,2031-04-12 09:45:45.763,259.40677966101697,18.60264571502866,12.268730747492452,6.333914967536207
2462709.5,2462987.36440678,2030-07-27 00:00:00.000,2031-04-30 20:44:44.746,277.86440677966107,17.370264629796914,11.880795233935611,5.489469395861303
2462709.5,2463005.8220338984,2030-07-27 00:00:00.000,2031-05-19 07:43:43.729,296.3220338983051,16.904772110166654,11.804939289694698,5.099832820471957
2462709.5,2463024.279661017,2030-07-27 00:00:00.000,2031-06-06 18:42:42.712,314.77966101694915,17.3771078045231,12.089387725740746,5.287720078782355
2462709.5,2463042.737288136,2030-07-27 00:00:00.000,2031-06-25 05:41:41.695,333.23728813559325,18.98408475429244,12.83942065106632,6.144664103226114
2462709.5,2463578.0084745763,2030-07-27 00:00:00.000,2032-12-11 12:12:12.203,868.5084745762713,19.467445393594303,8.256217190944618,11.211228202649684
2462710.5,2462969.906779661,2030-07-28 00:00:00.000,2031-04-13 09:45:45.763,259.40677966101697,18.526420134468847,12.192257680252965,6.334162454215884
2462710.5,2462988.36440678,2030-07-28 00:00:00.000,2031-05-01 20:44:44.746,277.86440677966107,17.281459823508648,11.798734065883846,5.482725757624801
2462710.5,2463006.8220338984,2030-07-28 00:00:00.000,2031-05-20 07:43:43.729,296.3220338983051,16.797292586385247,11.715354011430582,5.081938574954666
2462710.5,2463025.279661017,2030-07-28 00:00:00.000,2031-06-07 18:42:42.712,314.77966101694915,17.243937863837655,11.989230251954618,5.254707611883036
2462710.5,2463043.737288136,2030-07-28 00:00:00.000,2031-06-26 05:41:41.695,333.23728813559325,18.8169769792212,12.723613793336911,6.0933631858842885
2462710.5,2463579.0084745763,2030-07-28 00:00:00.000,2032-12-12 12:12:12.203,868.5084745762713,19.53090797979325,8.314729604532422,11.216178375260828
2462711.5,2462970.906779661,2030-07-29 00:00:00.000,2031-04-14 09:45:45.763,259.40677966101697,18.449976716005363,12.11570299481709,6.334273721188274
2462711.5,2462989.36440678,2030-07-29 00:00:00.000,2031-05-02 20:44:44.746,277.86440677966107,17.192848714548806,11.71676934504812,5.476079369500685
2462711.5,2463007.8220338984,2030-07-29 00:00:00.000,2031-05-21 07:43:43.729,296.3220338983051,16.690548591375755,11.626087691729872,5.064460899645882
2462711.5,2463026.279661017,2030-07-29 00:00:00.000,2031-06-08 18:42:42.712,314.77966101694915,17.112154002498656,11.889684778890777,5.222469223607878
2462711.5,2463044.737288136,2030-07-29 00:00:00.000,2031-06-27 05:41:41.695,333.23728813559325,18.652048288920508,12.608829894404163,6.043218394516343
2462711.5,2463580.0084745763,2030-07-29 00:00:00.000,2032-12-13 12:12:12.203,868.5084745762713,19.59604491118261,8.374506413971691,11.221538497210917
2462712.5,2462971.906779661,2030-07-30 00:00:00.000,2031-04-15 09:45:45.763,259.40677966101697,18.373366057274502,12.039129122166496,6.334236935108006
2462712.5,2462990.36440678,2030-07-30 00:00:00.000,2031-05-03 20:44:44.746,277.86440677966107,17.10447540568113,11.634961754081212,5.4695136515999145
2462712.5,2463008.8220338984,2030-07-30 00:00:00.000,2031-05-22 07:43:43.729,296.3220338983051,16.584577255355924,11.537198044288376,5.047379211067548
2462712.5,2463027.279661017,2030-07-30 00:00:00.000,2031-06-09 18:42:42.712,314.77966101694915,16.981787231894916,11.790804062875251,5.190983169019663
2462712.5,2463045.737288136,2030-07-30 00:00:00.000,2031-06-28 05:41:41.695,333.23728813559325,18.48932055662877,12.495113471325674,5.994207085303094
2462712.5,2463581.0084745763,2030-07-30 00:00:00.000,2032-12-14 12:12:12.203,868.5084745762713,19.662834486997728,8.435525685144853,11.227308801852876
2462713.5,2462972.906779661,2030-07-31 00:00:00.000,2031-04-16 09:45:45.763,259.40677966101697,18.29665509283159,11.962614167849944,6.334040924981644
2462713.5,2462991.36440678,2030-07-31 00:00:00.000,2031-05-04 20:44:44.746,277.86440677966107,17.016400243301323,11.553387603868936,5.463012639432388
2462713.5,2463009.8220338984,2030-07-31 00:00:00.000,2031-05-23 07:43:43.729,296.3220338983051,16.479431710560767,11.448758397875268,5.030673312685499
2462713.5,2463028.279661017,2030-07-31 00:00:00.000,2031-06-10 18:42:42.712,314.77966101694915,16.852884276180937,11.69265652772534,5.160227748455596
2462713.5,2463046.737288136,2030-07-31 00:00:00.000,2031-06-29 05:41:41.695,333.23728813559325,18.32883131540645,12.382524874183536,5.946306441222918
2462713.5,2463582.0084745763,2030-07-31 00:00:00.000,2032-12-15 12:12:12.203,868.5084745762713,19.73123299098402,8.497743985079994,11.233489005904024
2462714.5,2462973.906779661,2030-08-01 00:00:00.000,2031-04-17 09:45:45.763,259.40677966101697,18.21992635926341,11.886251098637205,6.333675260626206
2462714.5,2462992.36440678,2030-08-01 00:00:00.000,2031-05-05 20:44:44.746,277.86440677966107,16.92869904343385,11.472138005741384,5.456561037692463
2462714.5,2463010.8220338984,2030-08-01 00:00:00.000,2031-05-24 07:43:43.729,296.3220338983051,16.375180274069233,11.360856863542208,5.014323410527024
2462714.5,2463029.279661017,2030-08-01 00:00:00.000,2031-06-11 18:42:42.712,314.77966101694915,16.725506704283802,11.59532544638922,5.130181257894583
2462714.5,2463047.737288136,2030-08-01 00:00:00.000,2031-06-30 05:41:41.695,333.23728813559325,18.170632851629804,12.271139514815584,5.899493336814221
2462714.5,2463583.0084745763,2030-08-01 00:00:00.000,2032-12-16 12:12:12.203,868.5084745762713,19.801170993883662,8.561092752710353,11.24007824117331
2462715.5,2462974.906779661,2030-08-02 00:00:00.000,2031-04-18 09:45:45.763,259.40677966101697,18.14327506056896,11.810144737348637,6.333130323220324
2462715.5,2462993.36440678,2030-08-02 00:00:00.000,2031-05-06 20:44:44.746,277.86440677966107,16.841460124026707,11.39131585389002,5.450144270136687
2462715.5,2463011.8220338984,2030-08-02 00:00:00.000,2031-05-25 07:43:43.729,296.3220338983051,16.271903444496154,11.27359331466391,4.998310129832246
2462715.5,2463030.279661017,2030-08-02 00:00:00.000,2031-06-12 18:42:42.712,314.77966101694915,16.599727883310205,11.49890593843594,5.100821944874265
2462715.5,2463048.737288136,2030-08-02 00:00:00.000,2031-07-01 05:41:41.695,333.23728813559325,18.01478912433537,12.161044914174008,5.853744210161361
2462715.5,2463584.0084745763,2030-08-02 00:00:00.000,2032-12-17 12:12:12.203,868.5084745762713,19.87255155915865,8.625476551109468,11.247075008049183
2462716.5,2462975.906779661,2030-08-03 00:00:00.000,2031-04-19 09:45:45.763,259.40677966101697,18.066804065723424,11.734406708660542,6.332397357062884
2462716.5,2462994.36440678,2030-08-03 00:00:00.000,2031-05-07 20:44:44.746,277.86440677966107,16.75477928145648,11.31103076265643,5.44374851880005
2462716.5,2463012.8220338984,2030-08-03 00:00:00.000,2031-05-26 07:43:43.729,296.3220338983051,16.16968885754791,11.187074325078258,4.982614532469652
2462716.5,2463031.279661017,2030-08-03 00:00:00.000,2031-06-13 18:42:42.712,314.77966101694915,16.475627905104957,11.403499926649516,5.072127978455445
2462716.5,2463049.737288136,2030-08-03 00:00:00.000,2031-07-02 05:41:41.695,333.23728813559325,17.8613706650829,12.05233570493549,5.809034960147412
2462716.5,2463585.0084745763,2030-08-03 00:00:00.000,2032-12-18 12:12:12.203,868.5084745762713,19.945250862565004,8.69077370015606,11.254477162408945
2462717.5,2462958.4491525423,2030-08-04 00:00:00.000,2031-04-01 22:46:46.780,240.9491525423729,19.9390035746354,12.377042511553192,7.56196106308221
2462717.5,2462976.906779661,2030-08-04 00:00:00.000,2031-04-20 09:45:45.763,259.40677966101697,17.9906172092847,11.659148716728078,6.331468492556624
2462717.5,2462995.36440678,2030-08-04 00:00:00.000,2031-05-08 20:44:44.746,277.86440677966107,16.668753086422083,11.231392340436622,5.437360745985461
2462717.5,2463013.8220338984,2030-08-04 00:00:00.000,2031-05-27 07:43:43.729,296.3220338983051,16.068624580898533,11.101406446668976,4.967218134229558
2462717.5,2463032.279661017,2030-08-04 00:00:00.000,2031-06-14 18:42:42.712,314.77966101694915,16.353286871523956,11.309209431060978,5.044077440462979
2462717.5,2463050.737288136,2030-08-04 00:00:00.000,2031-07-03 05:41:41.695,333.23728813559325,17.710447846051757,11.9451069604925,5.765340885559257
2462718.5,2462959.4491525423,2030-08-05 00:00:00.000,2031-04-02 22:46:46.780,240.9491525423729,19.86916676089653,12.3055061528112,7.563660608085327
2462718.5,2462977.906779661,2030-08-05 00:00:00.000,2031-04-21 09:45:45.763,259.40677966101697,17.914811517381708,11.584474784619514,6.330336732762193
2462718.5,2462996.36440678,2030-08-05 00:00:00.000,2031-05-09 20:44:44.746,277.86440677966107,16.583471124502573,11.152502430866464,5.430968693636108
2462718.5,2463014.8220338984,2030-08-05 00:00:00.000,2031-05-28 07:43:43.729,296.3220338983051,15.968791377366632,11.016688456693018,4.952102920673615
2462718.5,2463033.279661017,2030-08-05 00:00:00.000,2031-06-15 18:42:42.712,314.77966101694915,16.23277717162596,11.216128828544418,5.01664834308154
2462718.5,2463051.737288136,2030-08-05 00:00:00.000,2031-07-04 05:41:41.695,333.23728813559325,17.562083152554333,11.839446473499036,5.722636679055297
2462719.5,2462960.4491525423,2030-08-06 00:00:00.000,2031-04-03 22:46:46.780,240.9491525423729,19.799533706940128,12.23450340553002,7.565030301410109
2462719.5,2462978.906779661,2030-08-06 00:00:00.000,2031-04-22 09:45:45.763,259.40677966101697,17.839468986202725,11.510473087211192,6.328995898991535
2462719.5,2462997.36440678,2030-08-06 00:00:00.000,2031-05-10 20:44:44.746,277.86440677966107,16.49900781106029,11.074446954643022,5.424560856417269
2462719.5,2463015.8220338984,2030-08-06 00:00:00.000,2031-05-29 07:43:43.729,296.3220338983051,15.87025456955557,10.93300320968706,4.937251359868511
2462719.5,2463034.279661017,2030-08-06 00:00:00.000,2031-06-16 18:42:42.712,314.77966101694915,16.114155388952963,11.124336713957256,4.989818674995706
2462719.5,2463052.737288136,2030-08-06 00:00:00.000,2031-07-05 05:41:41.695,333.23728813559325,17.416323104529035,11.73542662088548,5.680896483643553
2462720.5,2462961.4491525423,2030-08-07 00:00:00.000,2031-04-04 22:46:46.780,240.9491525423729,19.730168222217188,12.164100039974482,7.566068182242707
2462720.5,2462979.906779661,2030-08-07 00:00:00.000,2031-04-23 09:45:45.763,259.40677966101697,17.764648206153886,11.437207672986752,6.327440533167135
2462720.5,2462998.36440678,2030-08-07 00:00:00.000,2031-05-11 20:44:44.746,277.86440677966107,16.41541407612528,10.997287650019665,5.418126426105614
2462720.5,2463016.8220338984,2030-08-07 00:00:00.000,2031-05-30 07:43:43.729,296.3220338983051,15.773055804679942,10.850409394630791,4.922646410049148
2462720.5,2463035.279661017,2030-08-07 00:00:00.000,2031-06-17 18:42:42.712,314.77966101694915,15.997454142313336,11.033887666362707,4.963566475950628
2462720.5,2463053.737288136,2030-08-07 00:00:00.000,2031-07-06 05:41:41.695,333.23728813559325,17.273190137331266,11.63309612245577,5.640094014875497
2462720.5,2463072.194915254,2030-08-07 00:00:00.000,2031-07-24 16:40:40.678,351.69491525423734,19.847376080789736,12.820075103073776,7.02730097771596
2462721.5,2462962.4491525423,2030-08-08 00:00:00.000,2031-04-05 22:46:46.780,240.9491525423729,19.66110221268396,12.094329405458137,7.566772807225826
2462721.5,2462980.906779661,2030-08-08 00:00:00.000,2031-04-24 09:45:45.763,259.40677966101697,17.69037587082755,11.364710115566048,6.325665755261501
2462721.5,2462999.36440678,2030-08-08 00:00:00.000,2031-05-12 20:44:44.746,277.86440677966107,16.33270895964533,10.921053754348351,5.41165520529698
2462721.5,2463017.8220338984,2030-08-08 00:00:00.000,2031-05-31 07:43:43.729,296.3220338983051,15.677204760465038,10.76893324011723,4.908271520347809
2462721.5,2463036.279661017,2030-08-08 00:00:00.000,2031-06-18 18:42:42.712,314.77966101694915,15.88267390076296,10.944803961562998,4.9378699391999605
2462721.5,2463054.737288136,2030-08-08 00:00:00.000,2031-07-07 05:41:41.695,333.23728813559325,17.132674481192804,11.532471730208236,5.600202750984568
2462721.5,2463073.194915254,2030-08-08 00:00:00.000,2031-07-25 16:40:40.678,351.69491525423734,19.670015778900808,12.700919177628265,6.969096601272546
2462722.5,2462963.4491525423,2030-08-09 00:00:00.000,2031-04-06 22:46:46.780,240.9491525423729,19.59232749136746,12.025184472130375,7.5671430192370845
2462722.5,2462981.906779661,2030-08-09 00:00:00.000,2031-04-25 09:45:45.763,259.40677966101697,17.61663867292471,11.292971597713226,6.3236670752114845
2462722.5,2463000.36440678,2030-08-09 00:00:00.000,2031-05-13 20:44:44.746,277.86440677966107,16.250871617341488,10.845734127943004,5.405137489398484
2462722.5,2463018.8220338984,2030-08-09 00:00:00.000,2031-06-01 07:43:43.729,296.3220338983051,15.582671287593378,10.688560664077553,4.894110623515826
2462722.5,2463037.279661017,2030-08-09 00:00:00.000,2031-06-19 18:42:42.712,314.77966101694915,15.769775259281294,10.85706771737665,4.912707541904645
2462722.5,2463055.737288136,2030-08-09 00:00:00.000,2031-07-08 05:41:41.695,333.23728813559325,16.994726510408242,11.433530316710698,5.561196193697542
2462722.5,2463074.194915254,2030-08-09 00:00:00.000,2031-07-26 16:40:40.678,351.69491525423734,19.49614450428527,12.583945137369472,6.9121993669157975
2462723.5,2462964.4491525423,2030-08-10 00:00:00.000,2031-04-07 22:46:46.780,240.9491525423729,19.52378972393197,11.956612054595473,7.567177669336495
2462723.5,2462982.906779661,2030-08-10 00:00:00.000,2031-04-26 09:45:45.763,259.40677966101697,17.543377351558306,11.221937187026036,6.321440164532268
2462723.5,2463001.36440678,2030-08-10 00:00:00.000,2031-05-14 20:44:44.746,277.86440677966107,16.169835494935366,10.771271574957668,5.398563919977698
2462723.5,2463019.8220338984,2030-08-10 00:00:00.000,2031-06-02 07:43:43.729,296.3220338983051,15.489379735644048,10.609231614526514,4.880148121117532
2462723.5,2463038.279661017,2030-08-10 00:00:00.000,2031-06-20 18:42:42.712,314.77966101694915,15.658673405814644,10.770615203992202,4.88805820182244
2462723.5,2463056.737288136,2030-08-10 00:00:00.000,2031-07-09 05:41:41.695,333.23728813559325,16.859251269685416,11.336203072184576,5.52304819750084
2462723.5,2463075.194915254,2030-08-10 00:00:00.000,2031-07-27 16:40:40.678,351.69491525423734,19.325651707757025,12.46907644860478,6.856575259152246
2462724.5,2462965.4491525423,2030-08-11 00:00:00.000,2031-04-08 22:46:46.780,240.9491525423729,19.455387444854765,11.888512130681502,7.566875314173264
2462724.5,2462983.906779661,2030-08-11 00:00:00.000,2031-04-27 09:45:45.763,259.40677966101697,17.47048581736601,11.151505211790544,6.318980605575469
2462724.5,2463002.36440678,2030-08-11 00:00:00.000,2031-05-15 20:44:44.746,277.86440677966107,16.0894875852078,10.697562264190845,5.391925321016953
2462724.5,2463020.8220338984,2030-08-11 00:00:00.000,2031-06-03 07:43:43.729,296.3220338983051,15.397208361876206,10.530839498305877,4.866368863570331
2462724.5,2463039.279661017,2030-08-11 00:00:00.000,2031-06-21 18:42:42.712,314.77966101694915,15.54923766256256,10.68533621083373,4.863901451728829
2462724.5,2463057.737288136,2030-08-11 00:00:00.000,2031-07-10 05:41:41.695,333.23728813559325,16.726108046553716,11.240374697697275,5.485733348856439
2462724.5,2463076.194915254,2030-08-11 00:00:00.000,2031-07-28 16:40:40.678,351.69491525423734,19.15838107012117,12.356189946650442,6.802191123470727
2462725.5,2462966.4491525423,2030-08-12 00:00:00.000,2031-04-09 22:46:46.780,240.9491525423729,19.3869788150313,11.820744885004856,7.566233930026446
2462725.5,2462984.906779661,2030-08-12 00:00:00.000,2031-04-28 09:45:45.763,259.40677966101697,17.397818012075895,11.0815343600743,6.3162836520015935
2462725.5,2463003.36440678,2030-08-12 00:00:00.000,2031-05-16 20:44:44.746,277.86440677966107,16.009675408142833,10.624462868294373,5.38521253984846
2462725.5,2463021.8220338984,2030-08-12 00:00:00.000,2031-06-04 07:43:43.729,296.3220338983051,15.305996446851452,10.45323831797704,4.852758128874413
2462725.5,2463040.279661017,2030-08-12 00:00:00.000,2031-06-22 18:42:42.712,314.77966101694915,15.441298715930666,10.601081103774282,4.840217612156383
2462725.5,2463058.737288136,2030-08-12 00:00:00.000,2031-07-11 05:41:41.695,333.23728813559325,16.595117613770913,11.145890261700318,5.449227352070595
2462725.5,2463077.194915254,2030-08-12 00:00:00.000,2031-07-29 16:40:40.678,351.69491525423734,18.99413757984958,12.245122315060147,6.749015264789433
2462726.5,2462967.4491525423,2030-08-13 00:00:00.000,2031-04-10 22:46:46.780,240.9491525423729,19.31839652331883,11.753145827857074,7.565250695461758
2462726.5,2462985.906779661,2030-08-13 00:00:00.000,2031-04-29 09:45:45.763,259.40677966101697,17.325202888071313,11.011858844871284,6.31334404320003
2462726.5,2463004.36440678,2030-08-13 00:00:00.000,2031-05-17 20:44:44.746,277.86440677966107,15.930222081706276,10.551805761127758,5.378416320578519
2462726.5,2463022.8220338984,2030-08-13 00:00:00.000,2031-06-05 07:43:43.729,296.3220338983051,15.21555946977536,10.37625786558718,4.839301604188179
2462726.5,2463041.279661017,2030-08-13 00:00:00.000,2031-06-23 18:42:42.712,314.77966101694915,15.334663886614106,10.517675952283232,4.816987934330874
2462726.5,2463059.737288136,2030-08-13 00:00:00.000,2031-07-12 05:41:41.695,333.23728813559325,16.466077523402966,11.052570164959196,5.413507358443771
2462726.5,2463078.194915254,2030-08-13 00:00:00.000,2031-07-30 16:40:40.678,351.69491525423734,18.83270272484728,12.135684753574578,6.697017971272699
2462727.5,2462968.4491525423,2030-08-14 00:00:00.000,2031-04-11 22:46:46.780,240.9491525423729,19.249467902832617,11.685546016010804,7.563921886821812
2462727.5,2462986.906779661,2030-08-14 00:00:00.000,2031-04-30 09:45:45.763,259.40677966101697,17.252464563828877,10.942308654356951,6.310155909471924
2462727.5,2463005.36440678,2030-08-14 00:00:00.000,2031-05-18 20:44:44.746,277.86440677966107,15.850946524163268,10.47941928997458,5.371527234188688
2462727.5,2463023.8220338984,2030-08-14 00:00:00.000,2031-06-06 07:43:43.729,296.3220338983051,15.125709373462694,10.299724000173285,4.8259853732894085
2462727.5,2463042.279661017,2030-08-14 00:00:00.000,2031-06-24 18:42:42.712,314.77966101694915,15.22913747105947,10.434942785368316,4.794194685691153
2462727.5,2463060.737288136,2030-08-14 00:00:00.000,2031-07-13 05:41:41.695,333.23728813559325,16.338782513881625,10.960230338450137,5.37855217543149
2462727.5,2463079.194915254,2030-08-14 00:00:00.000,2031-07-31 16:40:40.678,351.69491525423734,18.67385493795453,12.027683074592856,6.646171863361679
2462728.5,2462969.4491525423,2030-08-15 00:00:00.000,2031-04-12 22:46:46.780,240.9491525423729,19.180034897413197,11.617791993765076,7.562242903648118
2462728.5,2462987.906779661,2030-08-15 00:00:00.000,2031-05-01 09:45:45.763,259.40677966101697,17.17944228356629,10.872729500594486,6.306712782971802
2462728.5,2463006.36440678,2030-08-15 00:00:00.000,2031-05-19 20:44:44.746,277.86440677966107,15.7716834095317,10.407147733851504,5.364535675680195
2462728.5,2463024.8220338984,2030-08-15 00:00:00.000,2031-06-07 07:43:43.729,296.3220338983051,15.036274535025347,10.223478624189768,4.812795910835582
2462728.5,2463043.279661017,2030-08-15 00:00:00.000,2031-06-25 18:42:42.712,314.77966101694915,15.124540767897273,10.352719605278772,4.771821162618498
2462728.5,2463061.737288136,2030-08-15 00:00:00.000,2031-07-14 05:41:41.695,333.23728813559325,16.213044649778467,10.86870233112364,5.344342318654826
2462728.5,2463080.194915254,2030-08-15 00:00:00.000,2031-08-01 16:40:40.678,351.69491525423734,18.517389937721944,11.920937932263335,6.596452005458608
2462729.5,2462970.4491525423,2030-08-16 00:00:00.000,2031-04-13 22:46:46.780,240.9491525423729,19.109968531358216,11.549760125586982,7.560208405771235
2462729.5,2462988.906779661,2030-08-16 00:00:00.000,2031-05-02 09:45:45.763,259.40677966101697,17.106004838527415,10.802997137950454,6.303007700576961
2462729.5,2463007.36440678,2030-08-16 00:00:00.000,2031-05-20 20:44:44.746,277.86440677966107,15.692297538213632,10.33486561799399,5.357431920219641
2462729.5,2463025.8220338984,2030-08-16 00:00:00.000,2031-06-08 07:43:43.729,296.3220338983051,14.947114105991778,10.14739402387564,4.799720082116137
2462729.5,2463044.279661017,2030-08-16 00:00:00.000,2031-06-26 18:42:42.712,314.77966101694915,15.020726445321603,10.270874810933142,4.749851634388461
2462729.5,2463062.737288136,2030-08-16 00:00:00.000,2031-07-15 05:41:41.695,333.23728813559325,16.08870782443471,10.77784791238155,5.310859912053162
2462729.5,2463081.194915254,2030-08-16 00:00:00.000,2031-08-02 16:40:40.678,351.69491525423734,18.36313554078941,11.81529975873586,6.547835782053549
2462730.5,2462971.4491525423,2030-08-17 00:00:00.000,2031-04-14 22:46:46.780,240.9491525423729,19.03917499329456,11.481362476687908,7.557812516606655
2462730.5,2462989.906779661,2030-08-17 00:00:00.000,2031-05-03 09:45:45.763,259.40677966101697,17.032056575188847,10.733023212826728,6.29903336236212
2462730.5,2463008.36440678,2030-08-17 00:00:00.000,2031-05-21 20:44:44.746,277.86440677966107,15.612689762808596,10.262483547087763,5.350206215720832
2462730.5,2463026.8220338984,2030-08-17 00:00:00.000,2031-06-09 07:43:43.729,296.3220338983051,14.858123871183876,10.07137872553638,4.786745145647496
2462730.5,2463045.279661017,2030-08-17 00:00:00.000,2031-06-27 18:42:42.712,314.77966101694915,14.917584390804487,10.18931315100184,4.728271239802649
2462730.5,2463063.737288136,2030-08-17 00:00:00.000,2031-07-16 05:41:41.695,333.23728813559325,15.965653722901209,10.687565242399227,5.278088480501978
2462730.5,2463082.194915254,2030-08-17 00:00:00.000,2031-08-03 16:40:40.678,351.69491525423734,18.210957941588568,11.710655340278214,6.500302601310355
2462731.5,2462972.4491525423,2030-08-18 00:00:00.000,2031-04-15 22:46:46.780,240.9491525423729,18.967593820053064,11.412544780634232,7.555049039418832
2462731.5,2462990.906779661,2030-08-18 00:00:00.000,2031-05-04 09:45:45.763,259.40677966101697,16.957535494925374,10.66275319238935,6.294782302536025
2462731.5,2463009.36440678,2030-08-18 00:00:00.000,2031-05-22 20:44:44.746,277.86440677966107,15.532794993090931,10.189946108407696,5.342848884683236
2462731.5,2463027.8220338984,2030-08-18 00:00:00.000,2031-06-10 07:43:43.729,296.3220338983051,14.769234165229044,9.995375409305865,4.773858755923181
2462731.5,2463046.279661017,2030-08-18 00:00:00.000,2031-06-28 18:42:42.712,314.77966101694915,14.815039580910703,10.107973715021815,4.707065865888885
2462731.5,2463064.737288136,2030-08-18 00:00:00.000,2031-07-17 05:41:41.695,333.23728813559325,15.843799745959398,10.59778704803352,5.246012697925878
2462731.5,2463083.194915254,2030-08-18 00:00:00.000,2031-08-04 16:40:40.678,351.69491525423734,18.060759864228725,11.606926343671764,6.4538335205569615
2462732.5,2462973.4491525423,2030-08-19 00:00:00.000,2031-04-16 22:46:46.780,240.9491525423729,18.89519110112637,11.343279456306336,7.551911644820032
2462732.5,2462991.906779661,2030-08-19 00:00:00.000,2031-05-05 09:45:45.763,259.40677966101697,16.882406381629004,10.59215934298909,6.290247038639913
2462732.5,2463010.36440678,2030-08-19 00:00:00.000,2031-05-23 20:44:44.746,277.86440677966107,15.452575234009569,10.117224820444374,5.335350413565193
2462732.5,2463028.8220338984,2030-08-19 00:00:00.000,2031-06-11 07:43:43.729,296.3220338983051,14.680402816822395,9.9193538521555,4.761048964666897
2462732.5,2463047.279661017,2030-08-19 00:00:00.000,2031-06-29 18:42:42.712,314.77966101694915,14.71304494987818,10.026822915095767,4.686222034782412
2462732.5,2463065.737288136,2030-08-19 00:00:00.000,2031-07-18 05:41:41.695,333.23728813559325,15.723091861676556,10.50847371371886,5.214618147957696
2462732.5,2463084.194915254,2030-08-19 00:00:00.000,2031-08-05 16:40:40.678,351.69491525423734,17.91247350554175,11.50406262378358,6.408410881758171
2462733.5,2462974.4491525423,2030-08-20 00:00:00.000,2031-04-17 22:46:46.780,240.9491525423729,18.821951190355687,11.27355718131801,7.548394009037676
2462733.5,2462992.906779661,2030-08-20 00:00:00.000,2031-05-06 09:45:45.763,259.40677966101697,16.806652452729086,10.521232270805612,6.285420181923474
2462733.5,2463011.36440678,2030-08-20 00:00:00.000,2031-05-24 20:44:44.746,277.86440677966107,15.37201116272666,10.044309643988525,5.327701518738137
2462733.5,2463029.8220338984,2030-08-20 00:00:00.000,2031-06-12 07:43:43.729,296.3220338983051,14.591606639690347,9.843302419368472,4.748304220321876
2462733.5,2463048.279661017,2030-08-20 00:00:00.000,2031-06-30 18:42:42.712,314.77966101694915,14.611572790685775,9.945845976120722,4.665726814565053
2462733.5,2463066.737288136,2030-08-20 00:00:00.000,2031-07-19 05:41:41.695,333.23728813559325,15.603495931464296,10.419604799159629,5.183891132304668
2462733.5,2463085.194915254,2030-08-20 00:00:00.000,2031-08-06 16:40:40.678,351.69491525423734,17.76605182483265,11.402033811661996,6.364018013170655
2462734.5,2462975.4491525423,2030-08-21 00:00:00.000,2031-04-18 22:46:46.780,240.9491525423729,18.74786948791699,11.203379585657052,7.544489902259936
2462734.5,2462993.906779661,2030-08-21 00:00:00.000,2031-05-07 09:45:45.763,259.40677966101697,16.730268098061817,10.449973590141328,6.280294507920489
2462734.5,2463012.36440678,2030-08-21 00:00:00.000,2031-05-25 20:44:44.746,277.86440677966107,15.291094812037676,9.971201623729227,5.319893188308448
2462734.5,2463030.8220338984,2030-08-21 00:00:00.000,2031-06-13 07:43:43.729,296.3220338983051,14.502834044435849,9.767220677830672,4.735613366605175
2462734.5,2463049.279661017,2030-08-21 00:00:00.000,2031-07-01 18:42:42.712,314.77966101694915,14.510607277056703,9.865039518348611,4.645567758708093
2462734.5,2463067.737288136,2030-08-21 00:00:00.000,2031-07-20 05:41:41.695,333.23728813559325,15.484990124571484,10.331171586859838,5.153818537711648
2462734.5,2463086.194915254,2030-08-21 00:00:00.000,2031-08-07 16:40:40.678,351.69491525423734,17.621460836317063,11.300821819739111,6.320639016577953
2462735.5,2462976.4491525423,2030-08-22 00:00:00.000,2031-04-19 22:46:46.780,240.9491525423729,18.67294751025236,11.132754271843956,7.5401932384084
2462735.5,2462994.906779661,2030-08-22 00:00:00.000,2031-05-08 09:45:45.763,259.40677966101697,16.653253920808456,10.378390924622956,6.274862996185499
2462735.5,2463013.36440678,2030-08-22 00:00:00.000,2031-05-26 20:44:44.746,277.86440677966107,15.20982457170723,9.897907866224926,5.311916705482303
2462735.5,2463031.8220338984,2030-08-22 00:00:00.000,2031-06-14 07:43:43.729,296.3220338983051,14.41407998344028,9.691114341928056,4.722965641512224
2462735.5,2463050.279661017,2030-08-22 00:00:00.000,2031-07-02 18:42:42.712,314.77966101694915,14.410139327062822,9.784406456015711,4.625732871047111
2462735.5,2463068.737288136,2030-08-22 00:00:00.000,2031-07-21 05:41:41.695,333.23728813559325,15.36755966453002,10.24317190927554,5.124387755254478
2462735.5,2463087.194915254,2030-08-22 00:00:00.000,2031-08-08 16:40:40.678,351.69491525423734,17.478674193042117,11.200415560425547,6.278258632616569
2462736.5,2462977.4491525423,2030-08-23 00:00:00.000,2031-04-20 22:46:46.780,240.9491525423729,18.5971905374816,11.061692435264783,7.535498102216813
2462736.5,2462995.906779661,2030-08-23 00:00:00.000,2031-05-09 09:45:45.763,259.40677966101697,16.57561436471143,10.306495512710049,6.269118852001383
2462736.5,2463014.36440678,2030-08-23 00:00:00.000,2031-05-27 20:44:44.746,277.86440677966107,15.128202786530071,9.82443912483482,5.303763661695251
2462736.5,2463032.8220338984,2030-08-23 00:00:00.000,2031-06-15 07:43:43.729,296.3220338983051,14.325343503869185,9.614992825550324,4.71035067831886
2462736.5,2463051.279661017,2030-08-23 00:00:00.000,2031-07-03 18:42:42.712,314.77966101694915,14.31016408490242,9.703953495288056,4.606210589614365
2462736.5,2463069.737288136,2030-08-23 00:00:00.000,2031-07-22 05:41:41.695,333.23728813559325,15.251194196946852,10.155607559599764,5.095586637347087
2462736.5,2463088.194915254,2030-08-23 00:00:00.000,2031-08-09 16:40:40.678,351.69491525423734,17.337670382993657,11.100808219890334,6.236862163103321
2462737.5,2462978.4491525423,2030-08-24 00:00:00.000,2031-04-21 22:46:46.780,240.9491525423729,18.5206077739354,10.99020900394468,7.530398769990719
2462737.5,2462996.906779661,2030-08-24 00:00:00.000,2031-05-10 09:45:45.763,259.40677966101697,16.497357857602815,10.234302334186992,6.263055523415822
2462737.5,2463015.36440678,2030-08-24 00:00:00.000,2031-05-28 20:44:44.746,277.86440677966107,15.046235874881262,9.750809906687852,5.295425968193409
2462737.5,2463033.8220338984,2030-08-24 00:00:00.000,2031-06-16 07:43:43.729,296.3220338983051,14.236627826546863,9.538869316378875,4.697758510167989
2462737.5,2463052.279661017,2030-08-24 00:00:00.000,2031-07-04 18:42:42.712,314.77966101694915,14.210680935355462,9.623691153719635,4.586989781635826
2462737.5,2463070.737288136,2030-08-24 00:00:00.000,2031-07-23 05:41:41.695,333.23728813559325,15.1358876974003,10.06848422226183,5.067403475138469
2462737.5,2463089.194915254,2030-08-24 00:00:00.000,2031-08-10 16:40:40.678,351.69491525423734,17.198432473138883,11.00199704883605,6.196435424302834
2462738.5,2462979.4491525423,2030-08-25 00:00:00.000,2031-04-22 22:46:46.780,240.9491525423729,18.443214847523603,10.918325107877909,7.524889739645696
2462738.5,2462997.906779661,2030-08-25 00:00:00.000,2031-05-11 09:45:45.763,259.40677966101697,16.41849929138407,10.161832564936056,6.256666726448011
2462738.5,2463016.36440678,2030-08-25 00:00:00.000,2031-05-29 20:44:44.746,277.86440677966107,14.963936781472343,9.6770409069615,5.286895874510844
2462738.5,2463034.8220338984,2030-08-25 00:00:00.000,2031-06-17 07:43:43.729,296.3220338983051,14.14794275777873,9.462763177985291,4.685179579793437
2462738.5,2463053.279661017,2030-08-25 00:00:00.000,2031-07-05 18:42:42.712,314.77966101694915,14.111695853107555,9.54363611124012,4.568059741867434
2462738.5,2463071.737288136,2030-08-25 00:00:00.000,2031-07-24 05:41:41.695,333.23728813559325,15.02164072253468,9.98181374426489,5.039826978269791
2462738.5,2463090.194915254,2030-08-25 00:00:00.000,2031-08-11 16:40:40.678,351.69491525423734,17.060950215705507,10.90398551226419,6.156964703441316
2462739.5,2462980.4491525423,2030-08-26 00:00:00.000,2031-04-23 22:46:46.780,240.9491525423729,18.36503824891001,10.846072465016874,7.518965783893139
2462739.5,2462998.906779661,2030-08-26 00:00:00.000,2031-05-12 09:45:45.763,259.40677966101697,16.339064434119237,10.089117944147528,6.24994648997171
2462739.5,2463017.36440678,2030-08-26 00:00:00.000,2031-05-30 20:44:44.746,277.86440677966107,14.881329353999009,9.603163352543245,5.278166001455761
2462739.5,2463035.8220338984,2030-08-26 00:00:00.000,2031-06-18 07:43:43.729,296.3220338983051,14.059309017941924,9.386704262253508,4.672604755688416
2462739.5,2463054.279661017,2030-08-26 00:00:00.000,2031-07-06 18:42:42.712,314.77966101694915,14.01322566684229,9.463815480189062,4.549410186653228
2462739.5,2463072.737288136,2030-08-26 00:00:00.000,2031-07-25 05:41:41.695,333.23728813559325,14.908464586274192,9.895618346967604,5.012846239306588
2462739.5,2463091.194915254,2030-08-26 00:00:00.000,2031-08-12 16:40:40.678,351.69491525423734,16.925224110813158,10.806787419975484,6.118436690837672
2462740.5,2462981.4491525423,2030-08-27 00:00:00.000,2031-04-24 22:46:46.780,240.9491525423729,18.286120860852336,10.773498824332563,7.512622036519772
2462740.5,2462999.906779661,2030-08-27 00:00:00.000,2031-05-13 09:45:45.763,259.40677966101697,16.259095420626835,10.016206192048676,6.24288922857816
2462740.5,2463018.36440678,2030-08-27 00:00:00.000,2031-05-31 20:44:44.746,277.86440677966107,14.798453785869988,9.52922439184094,5.2692293940290496
2462740.5,2463036.8220338984,2030-08-27 00:00:00.000,2031-06-19 07:43:43.729,296.3220338983051,13.97076362551674,9.310738270274037,4.660025355242705
2462740.5,2463055.279661017,2030-08-27 00:00:00.000,2031-07-07 18:42:42.712,314.77966101694915,13.915303375683129,9.38427213871598,4.531031236967147
2462740.5,2463073.737288136,2030-08-27 00:00:00.000,2031-07-26 05:41:41.695,333.23728813559325,14.796386603442468,9.809935935942944,4.986450667499523
2462740.5,2463092.194915254,2030-08-27 00:00:00.000,2031-08-13 16:40:40.678,351.69491525423734,16.79127058203217,10.710432218645416,6.0808383633867535
2462741.5,2462982.4491525423,2030-08-28 00:00:00.000,2031-04-25 22:46:46.780,240.9491525423729,18.206527178834435,10.70067306442404,7.505854114410396
2462741.5,2463000.906779661,2030-08-28 00:00:00.000,2031-05-14 09:45:45.763,259.40677966101697,16.178655921779445,9.943166076131996,6.23548984564745
2462741.5,2463019.36440678,2030-08-28 00:00:00.000,2031-06-01 20:44:44.746,277.86440677966107,14.715371724713666,9.45529212925689,5.260079595456776
2462741.5,2463037.8220338984,2030-08-28 00:00:00.000,2031-06-20 07:43:43.729,296.3220338983051,13.882364936907486,9.234931763016291,4.6474331738911925
2462741.5,2463056.279661017,2030-08-28 00:00:00.000,2031-07-08 18:42:42.712,314.77966101694915,13.817983121100356,9.30506973528904,4.512913385811314
2462741.5,2463074.737288136,2030-08-28 00:00:00.000,2031-07-27 05:41:41.695,333.23728813559325,14.68545501058188,9.724825128214254,4.960629882367624
2462741.5,2463093.194915254,2030-08-28 00:00:00.000,2031-08-14 16:40:40.678,351.69491525423734,16.659126887161257,10.61497008296542,6.044156804195835
2462742.5,2462983.4491525423,2030-08-29 00:00:00.000,2031-04-26 22:46:46.780,240.9491525423729,18.12634642608336,10.627688158675998,7.498658267407359
2462742.5,2463001.906779661,2030-08-29 00:00:00.000,2031-05-15 09:45:45.763,259.40677966101697,16.09783419914351,9.870090339151806,6.227743859991703
2462742.5,2463020.36440678,2030-08-29 00:00:00.000,2031-06-02 20:44:44.746,277.86440677966107,14.632169257824003,9.38145852054367,5.250710737280334
2462742.5,2463038.8220338984,2030-08-29 00:00:00.000,2031-06-21 07:43:43.729,296.3220338983051,13.794195558936217,9.159375041733648,4.63482051720257
2462742.5,2463057.279661017,2030-08-29 00:00:00.000,2031-07-09 18:42:42.712,314.77966101694915,13.721343037581883,9.22629558866144,4.495047448920444
2462742.5,2463075.737288136,2030-08-29 00:00:00.000,2031-07-28 05:41:41.695,333.23728813559325,14.5757417932445,9.640368225830205,4.9353735674142944
2462742.5,2463094.194915254,2030-08-29 00:00:00.000,2031-08-15 16:40:40.678,351.69491525423734,16.528853997485847,10.520475038727302,6.008378958758547
2462742.5,2463112.6525423727,2030-08-29 00:00:00.000,2031-09-03 03:39:39.661,370.1525423728814,19.910914574172097,12.103351622775604,7.807562951396491
2462743.5,2462984.4491525423,2030-08-30 00:00:00.000,2031-04-27 22:46:46.780,240.9491525423729,18.04569180687052,10.554660270646504,7.491031536224014
2462743.5,2463002.906779661,2030-08-30 00:00:00.000,2031-05-16 09:45:45.763,259.40677966101697,16.016742296842807,9.79709475745655,6.219647539386256
2462743.5,2463021.36440678,2030-08-30 00:00:00.000,2031-06-03 20:44:44.746,277.86440677966107,14.54895603580259,9.307838402408288,5.241117633394301
2462743.5,2463039.8220338984,2030-08-30 00:00:00.000,2031-06-22 07:43:43.729,296.3220338983051,13.706361405192668,9.0841811745571,4.622180230635568
2462743.5,2463058.279661017,2030-08-30 00:00:00.000,2031-07-10 18:42:42.712,314.77966101694915,13.62548426130362,9.148059758862344,4.477424502441274
2462743.5,2463076.737288136,2030-08-30 00:00:00.000,2031-07-29 05:41:41.695,333.23728813559325,14.46734170025859,9.556670403370086,4.910671296888505
2462743.5,2463095.194915254,2030-08-30 00:00:00.000,2031-08-16 16:40:40.678,351.69491525423734,16.400535714662535,10.42704436633784,5.973491348324696
2462743.5,2463113.6525423727,2030-08-30 00:00:00.000,2031-09-04 03:39:39.661,370.1525423728814,19.74807766134489,11.992016852728034,7.756060808616858
2462744.5,2462985.4491525423,2030-08-31 00:00:00.000,2031-04-28 22:46:46.780,240.9491525423729,17.964694841483283,10.481722952354014,7.482971889129268
2462744.5,2463003.906779661,2030-08-31 00:00:00.000,2031-05-17 09:45:45.763,259.40677966101697,15.935510324852087,9.724312308611353,6.211198016240735
2462744.5,2463022.36440678,2030-08-31 00:00:00.000,2031-06-04 20:44:44.746,277.86440677966107,14.465859500680244,9.234563640377935,5.231295860302307
2462744.5,2463040.8220338984,2030-08-31 00:00:00.000,2031-06-23 07:43:43.729,296.3220338983051,13.618985874035284,9.009480153783128,4.609505720252156
2462744.5,2463059.279661017,2030-08-31 00:00:00.000,2031-07-11 18:42:42.712,314.77966101694915,13.530525081230431,9.070489265162532,4.4600358160679
2462744.5,2463077.737288136,2030-08-31 00:00:00.000,2031-07-30 05:41:41.695,333.23728813559325,14.360366422919688,9.47385406214606,4.886512360773628
2462744.5,2463096.194915254,2030-08-31 00:00:00.000,2031-08-17 16:40:40.678,351.69491525423734,16.27427297376423,10.334793192768975,5.939479780995256
2462744.5,2463114.6525423727,2030-08-31 00:00:00.000,2031-09-05 03:39:39.661,370.1525423728814,19.588177291400022,11.882324500369432,7.705852791030594
2462745.5,2462986.4491525423,2030-09-01 00:00:00.000,2031-04-29 22:46:46.780,240.9491525423729,17.88349504398371,10.409016738577206,7.474478305406504
2462745.5,2463004.906779661,2030-09-01 00:00:00.000,2031-05-18 09:45:45.763,259.40677966101697,15.854276105670138,9.65188274737792,6.202393358292217
2462745.5,2463023.36440678,2030-09-01 00:00:00.000,2031-06-05 20:44:44.746,277.86440677966107,14.383014502063896,9.161772697714476,5.221241804349423
2462745.5,2463041.8220338984,2030-09-01 00:00:00.000,2031-06-24 07:43:43.729,296.3220338983051,13.532199441660698,8.93540848373256,4.596790957928136
2462745.5,2463060.279661017,2030-09-01 00:00:00.000,2031-07-12 18:42:42.712,314.77966101694915,13.436590529162256,8.993717735765001,4.442872793397256
2462745.5,2463078.737288136,2030-09-01 00:00:00.000,2031-07-31 05:41:41.695,333.23728813559325,14.254934222348384,9.392048601798209,4.862885620550179
2462745.5,2463097.194915254,2030-09-01 00:00:00.000,2031-08-18 16:40:40.678,351.69491525423734,16.150173574753754,10.243844461624091,5.906329113129661
2462745.5,2463115.6525423727,2030-09-01 00:00:00.000,2031-09-06 03:39:39.661,370.1525423728814,19.431303149797117,11.774386970367017,7.656916179430099
2462746.5,2462987.4491525423,2030-09-02 00:00:00.000,2031-04-30 22:46:46.780,240.9491525423729,17.802226689510416,10.33667590910866,7.465550780401755
2462746.5,2463005.906779661,2030-09-02 00:00:00.000,2031-05-19 09:45:45.763,259.40677966101697,15.773171939117416,9.579939366219314,6.1932325728981
2462746.5,2463024.36440678,2030-09-02 00:00:00.000,2031-06-06 20:44:44.746,277.86440677966107,14.300550064070167,9.089597403163056,5.210952660907113
2462746.5,2463042.8220338984,2030-09-02 00:00:00.000,2031-06-25 07:43:43.729,296.3220338983051,13.44612643893954,8.862095972060903,4.584030466878636
2462746.5,2463061.279661017,2030-09-02 00:00:00.000,2031-07-13 18:42:42.712,314.77966101694915,13.343799177318791,8.917872245919726,4.425926931399065
2462746.5,2463079.737288136,2030-09-02 00:00:00.000,2031-08-01 05:41:41.695,333.23728813559325,14.151156759772205,9.311377333082696,4.839779426689507
2462746.5,2463098.194915254,2030-09-02 00:00:00.000,2031-08-19 16:40:40.678,351.69491525423734,16.02833906071216,10.15431594940602,5.8740231113061405
2462746.5,2463116.6525423727,2030-09-02 00:00:00.000,2031-09-07 03:39:39.661,370.1525423728814,19.27753973676445,11.66831305681689,7.609226679947556
2462747.5,2462988.4491525423,2030-09-03 00:00:00.000,2031-05-01 22:46:46.780,240.9491525423729,17.721005350293915,10.2648151082629,7.456190242031014
2462747.5,2463006.906779661,2030-09-03 00:00:00.000,2031-05-20 09:45:45.763,259.40677966101697,15.692311167578968,9.508595631386068,6.183715536192902
2462747.5,2463025.36440678,2030-09-03 00:00:00.000,2031-06-07 20:44:44.746,277.86440677966107,14.218575987984444,9.018149608379114,5.20042637960533
2462747.5,2463043.8220338984,2030-09-03 00:00:00.000,2031-06-26 07:43:43.729,296.3220338983051,13.360871698321477,8.789652411307566,4.571219287013908
2462747.5,2463062.279661017,2030-09-03 00:00:00.000,2031-07-14 18:42:42.712,314.77966101694915,13.25224982866234,8.843060021325558,4.409189807336784
2462747.5,2463080.737288136,2030-09-03 00:00:00.000,2031-08-02 05:41:41.695,333.23728813559325,14.049125808687378,9.231944191098735,4.817181617588641
2462747.5,2463099.194915254,2030-09-03 00:00:00.000,2031-08-20 16:40:40.678,351.69491525423734,15.908851407479144,10.066306960396266,5.842544447082878
2462747.5,2463117.6525423727,2030-09-03 00:00:00.000,2031-09-08 03:39:39.661,370.1525423728814,19.126952960686385,11.56419456628866,7.562758394397726
2462748.5,2462989.4491525423,2030-09-04 00:00:00.000,2031-05-02 22:46:46.780,240.9491525423729,17.63991673123837,10.193518344985137,7.446398386253234
2462748.5,2463007.906779661,2030-09-04 00:00:00.000,2031-05-21 09:45:45.763,259.40677966101697,15.61177707055245,9.437934217261615,6.173842853290832
2462748.5,2463026.36440678,2030-09-04 00:00:00.000,2031-06-08 20:44:44.746,277.86440677966107,14.137171816713831,8.94751025640216,5.189661560311673
2462748.5,2463044.8220338984,2030-09-04 00:00:00.000,2031-06-27 07:43:43.729,296.3220338983051,13.276509594279418,8.71815667090979,4.558352923369628
2462748.5,2463063.279661017,2030-09-04 00:00:00.000,2031-07-15 18:42:42.712,314.77966101694915,13.162010623072618,8.76935752753053,4.392653095542086
2462748.5,2463081.737288136,2030-09-04 00:00:00.000,2031-08-03 05:41:41.695,333.23728813559325,13.948902377057948,9.153822774174865,4.795079602883082
2462748.5,2463100.194915254,2030-09-04 00:00:00.000,2031-08-21 16:40:40.678,351.69491525423734,15.791762067348618,9.979887237570248,5.811874829778371
2462748.5,2463118.6525423727,2030-09-04 00:00:00.000,2031-09-09 03:39:39.661,370.1525423728814,18.97957896444245,11.462094981233204,7.517483983209241
2462749.5,2462990.4491525423,2030-09-05 00:00:00.000,2031-05-03 22:46:46.780,240.9491525423729,17.559009227619544,10.12283177545922,7.436177452160324
2462749.5,2463008.906779661,2030-09-05 00:00:00.000,2031-05-22 09:45:45.763,259.40677966101697,15.531615505220792,9.367999838339138,6.163615666881655
2462749.5,2463027.36440678,2030-09-05 00:00:00.000,2031-06-09 20:44:44.746,277.86440677966107,14.056379571084475,8.877722258662448,5.178657312422028
2462749.5,2463045.8220338984,2030-09-05 00:00:00.000,2031-06-28 07:43:43.729,296.3220338983051,13.193076881794925,8.647649598579617,4.545427283215306
2462749.5,2463064.279661017,2030-09-05 00:00:00.000,2031-07-16 18:42:42.712,314.77966101694915,13.07311196343358,8.696803352695351,4.376308610738229
2462749.5,2463082.737288136,2030-09-05 00:00:00.000,2031-08-04 05:41:41.695,333.23728813559325,13.850509655182172,9.07704913631266,4.773460518869512
2462749.5,2463101.194915254,2030-09-05 00:00:00.000,2031-08-22 16:40:40.678,351.69491525423734,15.677084814588524,9.895089556816428,5.781995257772097
2462749.5,2463119.6525423727,2030-09-05 00:00:00.000,2031-09-10 03:39:39.661,370.1525423728814,18.83541669538008,11.362041699025603,7.473374996354476
2462750.5,2462991.4491525423,2030-09-06 00:00:00.000,2031-05-04 22:46:46.780,240.9491525423729,17.47829032088518,10.05276035885024,7.425529962034941
2462750.5,2463009.906779661,2030-09-06 00:00:00.000,2031-05-23 09:45:45.763,259.40677966101697,15.451831401615646,9.2987959659699,6.153035435645746
2462750.5,2463028.36440678,2030-09-06 00:00:00.000,2031-06-10 20:44:44.746,277.86440677966107,13.97620035808992,8.808787265216006,5.167413092873914
2462750.5,2463046.8220338984,2030-09-06 00:00:00.000,2031-06-29 07:43:43.729,296.3220338983051,13.11056942517667,8.578130817181103,4.5324386079955685
2462750.5,2463065.279661017,2030-09-06 00:00:00.000,2031-07-17 18:42:42.712,314.77966101694915,12.98554335038051,8.625394978960363,4.360148371420147
2462750.5,2463083.737288136,2030-09-06 00:00:00.000,2031-08-05 05:41:41.695,333.23728813559325,13.753929885867532,9.001618450090248,4.752311435777282
2462750.5,2463102.194915254,2030-09-06 00:00:00.000,2031-08-23 16:40:40.678,351.69491525423734,15.564792517384598,9.811906161833724,5.752886355550874
2462750.5,2463120.6525423727,2030-09-06 00:00:00.000,2031-09-11 03:39:39.661,370.1525423728814,18.69442440041655,11.264022072267096,7.430402328149455
2462751.5,2462973.991525424,2030-09-07 00:00:00.000,2031-04-17 11:47:47.797,222.49152542372883,19.988343683644043,11.024824127710444,8.9635195559336
2462751.5,2462992.4491525423,2030-09-07 00:00:00.000,2031-05-05 22:46:46.780,240.9491525423729,17.397726262655823,9.983267812994455,7.414458449661367
2462751.5,2463010.906779661,2030-09-07 00:00:00.000,2031-05-24 09:45:45.763,259.40677966101697,15.372388555042486,9.230284852768756,6.1421037022737295
2462751.5,2463029.36440678,2030-09-07 00:00:00.000,2031-06-11 20:44:44.746,277.86440677966107,13.896594284947987,8.740665747778147,5.15592853716984
2462751.5,2463047.8220338984,2030-09-07 00:00:00.000,2031-06-30 07:43:43.729,296.3220338983051,13.028942241315429,8.509558835637877,4.519383405677551
2462751.5,2463066.279661017,2030-09-07 00:00:00.000,2031-07-18 18:42:42.712,314.77966101694915,12.899253540960745,8.555088864386777,4.344164676573965
2462751.5,2463084.737288136,2030-09-07 00:00:00.000,2031-08-06 05:41:41.695,333.23728813559325,13.659104568897948,8.927484972639158,4.731619596258789
2462751.5,2463103.194915254,2030-09-07 00:00:00.000,2031-08-24 16:40:40.678,351.69491525423734,15.454817256224269,9.730288493577802,5.724528762646464
2462751.5,2463121.6525423727,2030-09-07 00:00:00.000,2031-09-12 03:39:39.661,370.1525423728814,18.556519490023742,11.16798274080806,7.388536749215683
2462752.5,2462974.991525424,2030-09-08 00:00:00.000,2031-04-18 11:47:47.797,222.49152542372883,19.905654584896027,10.954292314015657,8.95136227088037
2462752.5,2462993.4491525423,2030-09-08 00:00:00.000,2031-05-06 22:46:46.780,240.9491525423729,17.31724470904098,9.914279512254016,7.402965196786964
2462752.5,2463011.906779661,2030-09-08 00:00:00.000,2031-05-25 09:45:45.763,259.40677966101697,15.293212370389636,9.16239050227097,6.130821868118666
2462752.5,2463030.36440678,2030-09-08 00:00:00.000,2031-06-12 20:44:44.746,277.86440677966107,13.817483324428924,8.673280028571702,5.144203295857222
2462752.5,2463048.8220338984,2030-09-08 00:00:00.000,2031-07-01 07:43:43.729,296.3220338983051,12.948112491517533,8.44185410296049,4.506258388557043
2462752.5,2463067.279661017,2030-09-08 00:00:00.000,2031-07-19 18:42:42.712,314.77966101694915,12.814153652228228,8.485803462110576,4.328350190117651
2462752.5,2463085.737288136,2030-09-08 00:00:00.000,2031-08-07 05:41:41.695,333.23728813559325,13.565937608381804,8.854564941267377,4.711372667114427
2462752.5,2463104.194915254,2030-09-08 00:00:00.000,2031-08-25 16:40:40.678,351.69491525423734,15.347053388473682,9.650149843987458,5.696903544486224
2462752.5,2463122.6525423727,2030-09-08 00:00:00.000,2031-09-13 03:39:39.661,370.1525423728814,18.421581366046887,11.073831892376498,7.347749473670389
2462753.5,2462975.991525424,2030-09-09 00:00:00.000,2031-04-19 11:47:47.797,222.49152542372883,19.82278201239719,10.884048809047238,8.938733203349953
2462753.5,2462994.4491525423,2030-09-09 00:00:00.000,2031-05-07 22:46:46.780,240.9491525423729,17.236740510340702,9.84568851309883,7.391051997241871
2462753.5,2463012.906779661,2030-09-09 00:00:00.000,2031-05-26 09:45:45.763,259.40677966101697,15.214195754339729,9.095004763107436,6.119190991232292
2462753.5,2463031.36440678,2030-09-09 00:00:00.000,2031-06-13 20:44:44.746,277.86440677966107,13.738757317045412,8.606520428242357,5.132236888803055
2462753.5,2463049.8220338984,2030-09-09 00:00:00.000,2031-07-02 07:43:43.729,296.3220338983051,12.86796559551112,8.37490517383305,4.49306042167807
2462753.5,2463068.279661017,2030-09-09 00:00:00.000,2031-07-20 18:42:42.712,314.77966101694915,12.730123370361612,8.417425342623103,4.312698027738509
2462753.5,2463086.737288136,2030-09-09 00:00:00.000,2031-08-08 05:41:41.695,333.23728813559325,13.474301552154884,8.782742565477049,4.691558986677835
2462753.5,2463105.194915254,2030-09-09 00:00:00.000,2031-08-26 16:40:40.678,351.69491525423734,15.241363701382184,9.571371105667644,5.669992595714541
2462753.5,2463123.6525423727,2030-09-09 00:00:00.000,2031-09-14 03:39:39.661,370.1525423728814,18.28945735277495,10.981444632450918,7.308012720324032
2462754.5,2462976.991525424,2030-09-10 00:00:00.000,2031-04-20 11:47:47.797,222.49152542372883,19.73959792007444,10.813964324326632,8.925633595747806
2462754.5,2462995.4491525423,2030-09-10 00:00:00.000,2031-05-08 22:46:46.780,240.9491525423729,17.156084909652662,9.77736493942893,7.378719970223731
2462754.5,2463013.906779661,2030-09-10 00:00:00.000,2031-05-27 09:45:45.763,259.40677966101697,15.13520839755866,9.027996771318204,6.107211626240455
2462754.5,2463032.36440678,2030-09-10 00:00:00.000,2031-06-14 20:44:44.746,277.86440677966107,13.660283340329398,8.54025474957937,5.120028590750028
2462754.5,2463050.8220338984,2030-09-10 00:00:00.000,2031-07-03 07:43:43.729,296.3220338983051,12.788364686705217,8.308578199528952,4.4797864871762645
2462754.5,2463069.279661017,2030-09-10 00:00:00.000,2031-07-21 18:42:42.712,314.77966101694915,12.647020476202549,8.349818636743862,4.297201839458687
2462754.5,2463087.737288136,2030-09-10 00:00:00.000,2031-08-09 05:41:41.695,333.23728813559325,13.384047133635624,8.711879346440599,4.672167787195026
2462754.5,2463106.194915254,2030-09-10 00:00:00.000,2031-08-27 16:40:40.678,351.69491525423734,15.13758887606648,9.4938098743411,5.643779001725379
2462754.5,2463124.6525423727,2030-09-10 00:00:00.000,2031-09-15 03:39:39.661,370.1525423728814,18.159971980448244,10.890671760307765,7.269300220140482
2462755.5,2462977.991525424,2030-09-11 00:00:00.000,2031-04-21 11:47:47.797,222.49152542372883,19.65596233297492,10.743898569614467,8.912063763360448
2462755.5,2462996.4491525423,2030-09-11 00:00:00.000,2031-05-09 22:46:46.780,240.9491525423729,17.07513760532467,9.709168161479871,7.365969443844801
2462755.5,2463014.906779661,2030-09-11 00:00:00.000,2031-05-28 09:45:45.763,259.40677966101697,15.056108889718072,8.961225165602304,6.0948837241157685
2462755.5,2463033.36440678,2030-09-11 00:00:00.000,2031-06-15 20:44:44.746,277.86440677966107,13.581917876811946,8.474340515709141,5.107577361102806
2462755.5,2463051.8220338984,2030-09-11 00:00:00.000,2031-07-04 07:43:43.729,296.3220338983051,12.709162832158936,8.24272916326841,4.466433668890525
2462755.5,2463070.279661017,2030-09-11 00:00:00.000,2031-07-22 18:42:42.712,314.77966101694915,12.564693109198352,8.282837229685438,4.281855879512915
2462755.5,2463088.737288136,2030-09-11 00:00:00.000,2031-08-10 05:41:41.695,333.23728813559325,13.295015549517752,8.641826180816837,4.6531893687009145
2462755.5,2463107.194915254,2030-09-11 00:00:00.000,2031-08-28 16:40:40.678,351.69491525423734,15.035559726876656,9.417312406816093,5.618247320060566
2462755.5,2463125.6525423727,2030-09-11 00:00:00.000,2031-09-16 03:39:39.661,370.1525423728814,18.03293913968111,10.801351523286806,7.231587616394302
2462756.5,2462978.991525424,2030-09-12 00:00:00.000,2031-04-22 11:47:47.797,222.49152542372883,19.571736509521244,10.6737134483758,8.898023061145446
2462756.5,2462997.4491525423,2030-09-12 00:00:00.000,2031-05-10 22:46:46.780,240.9491525423729,16.993759928093368,9.640960005422633,7.352799922670735
2462756.5,2463015.906779661,2030-09-12 00:00:00.000,2031-05-29 09:45:45.763,259.40677966101697,14.976757909886434,8.8945513062982,6.082206603588234
2462756.5,2463034.36440678,2030-09-12 00:00:00.000,2031-06-16 20:44:44.746,277.86440677966107,13.503520016478069,8.408638190449267,5.0948818260288
2462756.5,2463052.8220338984,2030-09-12 00:00:00.000,2031-07-05 07:43:43.729,296.3220338983051,12.630216249918632,8.177217091094095,4.452999158824537
2462756.5,2463071.279661017,2030-09-12 00:00:00.000,2031-07-23 18:42:42.712,314.77966101694915,12.482993005801385,8.216337950704473,4.266655055096912
2462756.5,2463089.737288136,2030-09-12 00:00:00.000,2031-08-11 05:41:41.695,333.23728813559325,13.207051724073894,8.572436520343148,4.634615203730746
2462756.5,2463108.194915254,2030-09-12 00:00:00.000,2031-08-29 16:40:40.678,351.69491525423734,14.9351104979391,9.341726749515642,5.593383748423457
2462756.5,2463126.6525423727,2030-09-12 00:00:00.000,2031-09-17 03:39:39.661,370.1525423728814,17.908175438343136,10.713322727839335,7.194852710503801
2462757.5,2462979.991525424,2030-09-13 00:00:00.000,2031-04-23 11:47:47.797,222.49152542372883,19.486794750755568,10.603284808275736,8.883509942479831
2462757.5,2462998.4491525423,2030-09-13 00:00:00.000,2031-05-11 22:46:46.780,240.9491525423729,16.91182662998623,9.572616491302783,7.339210138683446
2462757.5,2463016.906779661,2030-09-13 00:00:00.000,2031-05-30 09:45:45.763,259.40677966101697,14.897029989200949,8.827850995466337,6.06917899373461
2462757.5,2463035.36440678,2030-09-13 00:00:00.000,2031-06-17 20:44:44.746,277.86440677966107,13.424963191828532,8.343022879863167,5.081940311965366
2462757.5,2463053.8220338984,2030-09-13 00:00:00.000,2031-07-06 07:43:43.729,296.3220338983051,12.55139602478878,8.11191574175788,4.439480283030899
2462757.5,2463072.279661017,2030-09-13 00:00:00.000,2031-07-24 18:42:42.712,314.77966101694915,12.401787218182598,8.150192269685752,4.251594948496846
2462757.5,2463090.737288136,2030-09-13 00:00:00.000,2031-08-12 05:41:41.695,333.23728813559325,13.120016072731136,8.503578109872445,4.616437962858692
2462757.5,2463109.194915254,2030-09-13 00:00:00.000,2031-08-30 16:40:40.678,351.69491525423734,14.836090738218072,9.26691457454968,5.569176163668392
2462757.5,2463127.6525423727,2030-09-13 00:00:00.000,2031-09-18 03:39:39.661,370.1525423728814,17.785512291082075,10.626436760807364,7.159075530274712
2462758.5,2462980.991525424,2030-09-14 00:00:00.000,2031-04-24 11:47:47.797,222.49152542372883,19.401032605861303,10.532510514781205,8.8685220910801
2462758.5,2462999.4491525423,2030-09-14 00:00:00.000,2031-05-12 22:46:46.780,240.9491525423729,16.829234041877772,9.50403587294667,7.325198168931101
2462758.5,2463017.906779661,2030-09-14 00:00:00.000,2031-05-31 09:45:45.763,259.40677966101697,14.816821611811342,8.761022478302396,6.055799133508946
2462758.5,2463036.36440678,2030-09-14 00:00:00.000,2031-06-18 20:44:44.746,277.86440677966107,13.346143221121311,8.27739230143372,5.068750919687592
2462758.5,2463054.8220338984,2030-09-14 00:00:00.000,2031-07-07 07:43:43.729,296.3220338983051,12.472596106387249,8.0467215656007,4.425874540786546
2462758.5,2463073.279661017,2030-09-14 00:00:00.000,2031-07-25 18:42:42.712,314.77966101694915,12.320966100742371,8.08429428841482,4.23667181232755
2462758.5,2463091.737288136,2030-09-14 00:00:00.000,2031-08-13 05:41:41.695,333.23728813559325,13.033792546021804,8.435141079593347,4.598651466428456
2462758.5,2463110.194915254,2030-09-14 00:00:00.000,2031-08-31 16:40:40.678,351.69491525423734,14.738373513694206,9.192759472551163,5.5456140411430415
2462758.5,2463128.6525423727,2030-09-14 00:00:00.000,2031-09-19 03:39:39.661,370.1525423728814,17.664804454910534,10.54056622330963,7.124238231600904
2462759.5,2462981.991525424,2030-09-15 00:00:00.000,2031-04-25 11:47:47.797,222.49152542372883,19.31437035984688,10.461313765058584,8.853056594788294
2462759.5,2463000.4491525423,2030-09-15 00:00:00.000,2031-05-13 22:46:46.780,240.9491525423729,16.74590349892771,9.435141907235687,7.310761591692024
2462759.5,2463018.906779661,2030-09-15 00:00:00.000,2031-06-01 09:45:45.763,259.40677966101697,14.73605456844139,8.693989664199842,6.042064904241547
2462759.5,2463037.36440678,2030-09-15 00:00:00.000,2031-06-19 20:44:44.746,277.86440677966107,13.266981588869982,8.211669967593316,5.055311621276664
2462759.5,2463055.8220338984,2030-09-15 00:00:00.000,2031-07-08 07:43:43.729,296.3220338983051,12.39373652964737,7.981556880612617,4.412179649034753
2462759.5,2463074.279661017,2030-09-15 00:00:00.000,2031-07-26 18:42:42.712,314.77966101694915,12.2404465066273,8.018563963612044,4.221882543015258
2462759.5,2463092.737288136,2030-09-15 00:00:00.000,2031-08-14 05:41:41.695,333.23728813559325,12.94829188018034,8.367041298338151,4.5812505818421885
2462759.5,2463111.194915254,2030-09-15 00:00:00.000,2031-09-01 16:40:40.678,351.69491525423734,14.64185883901543,9.11917055274086,5.522688286274572
2462759.5,2463129.6525423727,2030-09-15 00:00:00.000,2031-09-20 03:39:39.661,370.1525423728814,17.545933812401344,10.455608936320314,7.09032487608103
2462760.5,2462982.991525424,2030-09-16 00:00:00.000,2031-04-26 11:47:47.797,222.49152542372883,19.22675208150076,10.38964195446998,8.837110127030776
2462760.5,2463001.4491525423,2030-09-16 00:00:00.000,2031-05-14 22:46:46.780,240.9491525423729,16.661780325972956,9.365882675737767,7.29589765023519
2462760.5,2463019.906779661,2030-09-16 00:00:00.000,2031-06-02 09:45:45.763,259.40677966101697,14.654674870130451,8.626700901322641,6.027973968807813
2462760.5,2463038.36440678,2030-09-16 00:00:00.000,2031-06-20 20:44:44.746,277.86440677966107,13.1874242858538,8.145803924907401,5.041620360946401
2462760.5,2463056.8220338984,2030-09-16 00:00:00.000,2031-07-09 07:43:43.729,296.3220338983051,12.314762190730496,7.916368606163255,4.398393584567241
2462760.5,2463075.279661017,2030-09-16 00:00:00.000,2031-07-27 18:42:42.712,314.77966101694915,12.160170528591715,7.952945887366447,4.207224641225271
2462760.5,2463093.737288136,2030-09-16 00:00:00.000,2031-08-15 05:41:41.695,333.23728813559325,12.863450371593585,8.299219278313206,4.564231093280377
2462760.5,2463112.194915254,2030-09-16 00:00:00.000,2031-09-02 16:40:40.678,351.69491525423734,14.546472600051455,9.046081577927064,5.500391022124391
2462760.5,2463130.6525423727,2030-09-16 00:00:00.000,2031-09-21 03:39:39.661,370.1525423728814,17.428808591655475,10.371487447584556,7.057321144070918
2462761.5,2462983.991525424,2030-09-17 00:00:00.000,2031-04-27 11:47:47.797,222.49152542372883,19.1381415412014,10.317462433199704,8.820679108001691
2462761.5,2463002.4491525423,2030-09-17 00:00:00.000,2031-05-15 22:46:46.780,240.9491525423729,16.576829702593503,9.296226303794269,7.280603398799234
2462761.5,2463020.906779661,2030-09-17 00:00:00.000,2031-06-03 09:45:45.763,259.40677966101697,14.5726485530286,8.559124657140293,6.013523895888307
2462761.5,2463039.36440678,2030-09-17 00:00:00.000,2031-06-21 20:44:44.746,277.86440677966107,13.10743755005927,8.079762405667461,5.027675144391808
2462761.5,2463057.8220338984,2030-09-17 00:00:00.000,2031-07-10 07:43:43.729,296.3220338983051,12.23563852760416,7.85112390879989,4.38451461880427
2462761.5,2463076.279661017,2030-09-17 00:00:00.000,2031-07-28 18:42:42.712,314.77966101694915,12.080101135052557,7.887404966228578,4.192696168823977
2462761.5,2463094.737288136,2030-09-17 00:00:00.000,2031-08-16 05:41:41.695,333.23728813559325,12.779225514598572,8.231635944269295,4.547589570329278
2462761.5,2463113.194915254,2030-09-17 00:00:00.000,2031-09-03 16:40:40.678,351.69491525423734,14.452162275435716,8.973446899781155,5.47871537565456
2462761.5,2463131.6525423727,2030-09-17 00:00:00.000,2031-09-22 03:39:39.661,370.1525423728814,17.313359275058634,10.288145232942911,7.02521404211572
2462762.5,2462984.991525424,2030-09-18 00:00:00.000,2031-04-28 11:47:47.797,222.49152542372883,19.04851672918012,10.244756899990582,8.803759829189541
2462762.5,2463003.4491525423,2030-09-18 00:00:00.000,2031-05-16 22:46:46.780,240.9491525423729,16.491031143098315,9.226155327285172,7.264875815813143
2462762.5,2463021.906779661,2030-09-18 00:00:00.000,2031-06-04 09:45:45.763,259.40677966101697,14.489956114586002,8.491243857972126,5.998712256613876
2462762.5,2463040.36440678,2030-09-18 00:00:00.000,2031-06-22 20:44:44.746,277.86440677966107,13.027002253805046,8.01352814587383,5.013474107931216
2462762.5,2463058.8220338984,2030-09-18 00:00:00.000,2031-07-11 07:43:43.729,296.3220338983051,12.156345854617538,7.785804511404294,4.370541343213244
2462762.5,2463077.279661017,2030-09-18 00:00:00.000,2031-07-29 18:42:42.712,314.77966101694915,12.000216452681917,7.821920742189,4.178295710492915
2462762.5,2463095.737288136,2030-09-18 00:00:00.000,2031-08-17 05:41:41.695,333.23728813559325,12.69559025093412,8.164266995372662,4.531323255561457
2462762.5,2463114.194915254,2030-09-18 00:00:00.000,2031-09-04 16:40:40.678,351.69491525423734,14.358891194176008,8.901235899465368,5.45765529471064
2462762.5,2463132.6525423727,2030-09-18 00:00:00.000,2031-09-23 03:39:39.661,370.1525423728814,17.199532913966177,10.20554126441806,6.993991649548118
2462763.5,2462985.991525424,2030-09-19 00:00:00.000,2031-04-29 11:47:47.797,222.49152542372883,18.957864607613487,10.1715160701635,8.78634853744999
2462763.5,2463004.4491525423,2030-09-19 00:00:00.000,2031-05-17 22:46:46.780,240.9491525423729,16.404373224773476,9.155661344022732,7.248711880750744
2462763.5,2463022.906779661,2030-09-19 00:00:00.000,2031-06-05 09:45:45.763,259.40677966101697,14.40658721437385,8.423050523808087,5.983536690565764
2462763.5,2463041.36440678,2030-09-19 00:00:00.000,2031-06-23 20:44:44.746,277.86440677966107,12.946108570354609,7.947093004585806,4.9990155657688025
2462763.5,2463059.8220338984,2030-09-19 00:00:00.000,2031-07-12 07:43:43.729,296.3220338983051,12.076873985158183,7.720401298834542,4.356472686323641
2462763.5,2463078.279661017,2030-09-19 00:00:00.000,2031-07-30 18:42:42.712,314.77966101694915,11.920504331869438,7.756481986628104,4.164022345241333
2462763.5,2463096.737288136,2030-09-19 00:00:00.000,2031-08-18 05:41:41.695,333.23728813559325,12.612527471214548,8.097097489415978,4.515429981798569
2462763.5,2463115.194915254,2030-09-19 00:00:00.000,2031-09-05 16:40:40.678,351.69491525423734,14.266632976127276,8.829427563615969,5.437205412511307
2462763.5,2463133.6525423727,2030-09-19 00:00:00.000,2031-09-24 03:39:39.661,370.1525423728814,17.08728750726722,10.123644578853206,6.963642928414015
2462764.5,2462986.991525424,2030-09-20 00:00:00.000,2031-04-30 11:47:47.797,222.49152542372883,18.866177329646856,10.097735844274862,8.768441485371994
2462764.5,2463005.4491525423,2030-09-20 00:00:00.000,2031-05-18 22:46:46.780,240.9491525423729,16.316849794402238,9.084741173838284,7.232108620563952
2462764.5,2463023.906779661,2030-09-20 00:00:00.000,2031-06-06 09:45:45.763,259.40677966101697,14.322536865962288,8.354541919749542,5.967994946212747
2462764.5,2463042.36440678,2030-09-20 00:00:00.000,2031-06-24 20:44:44.746,277.86440677966107,12.86475214318467,7.880454103685468,4.984298039499203
2462764.5,2463060.8220338984,2030-09-20 00:00:00.000,2031-07-13 07:43:43.729,296.3220338983051,11.997218363846436,7.65491043851683,4.342307925329607
2462764.5,2463079.279661017,2030-09-20 00:00:00.000,2031-07-31 18:42:42.712,314.77966101694915,11.84095841836523,7.691082788655472,4.149875629709756
2462764.5,2463097.737288136,2030-09-20 00:00:00.000,2031-08-19 05:41:41.695,333.23728813559325,12.530025999874075,8.030117879544399,4.499908120329677
2462764.5,2463116.194915254,2030-09-20 00:00:00.000,2031-09-06 16:40:40.678,351.69491525423734,14.17536740430881,8.75800644309999,5.41736096120882
2462764.5,2463134.6525423727,2030-09-20 00:00:00.000,2031-09-25 03:39:39.661,370.1525423728814,16.976587723621975,10.042430123567968,6.934157600054008
2462765.5,2462987.991525424,2030-09-21 00:00:00.000,2031-05-01 11:47:47.797,222.49152542372883,18.773450658121337,10.023415696407898,8.750034961713439
2462765.5,2463006.4491525423,2030-09-21 00:00:00.000,2031-05-19 22:46:46.780,240.9491525423729,16.22845838080311,9.013395242765949,7.215063138037163
2462765.5,2463024.906779661,2030-09-21 00:00:00.000,2031-06-07 09:45:45.763,259.40677966101697,14.237803841756246,8.285718935478855,5.952084906277392
2462765.5,2463043.36440678,2030-09-21 00:00:00.000,2031-06-25 20:44:44.746,277.86440677966107,12.782932474214665,7.813612196503012,4.969320277711652
2462765.5,2463061.8220338984,2030-09-21 00:00:00.000,2031-07-14 07:43:43.729,296.3220338983051,11.91737842071177,7.589331724491873,4.3280466962198965
2462765.5,2463080.279661017,2030-09-21 00:00:00.000,2031-08-01 18:42:42.712,314.77966101694915,11.76157644395349,7.625720851913467,4.135855592040024
2462765.5,2463098.737288136,2030-09-21 00:00:00.000,2031-08-20 05:41:41.695,333.23728813559325,12.44807878513704,7.963322231567038,4.48475655357
2462765.5,2463117.194915254,2030-09-21 00:00:00.000,2031-09-07 16:40:40.678,351.69491525423734,14.085078471965438,8.686960748205085,5.398117723760354
2462765.5,2463135.6525423727,2030-09-21 00:00:00.000,2031-09-26 03:39:39.661,370.1525423728814,16.867402748323507,9.961876673632336,6.905526074691172
2462766.5,2462988.991525424,2030-09-22 00:00:00.000,2031-05-02 11:47:47.797,222.49152542372883,18.67968489557352,9.948559576332812,8.731125319240705
2462766.5,2463007.4491525423,2030-09-22 00:00:00.000,2031-05-20 22:46:46.780,240.9491525423729,16.139201118291943,8.94162848063538,7.197572637656561
2462766.5,2463025.906779661,2030-09-22 00:00:00.000,2031-06-08 09:45:45.763,259.40677966101697,14.152391588058936,8.21658697681968,5.935804611239257
2462766.5,2463044.36440678,2030-09-22 00:00:00.000,2031-06-26 20:44:44.746,277.86440677966107,12.700653820706831,7.74657254540717,4.954081275299663
2462766.5,2463062.8220338984,2030-09-22 00:00:00.000,2031-07-15 07:43:43.729,296.3220338983051,11.837358430976783,7.523669424535636,4.313689006441149
2462766.5,2463081.279661017,2030-09-22 00:00:00.000,2031-08-02 18:42:42.712,314.77966101694915,11.682361017759522,7.5603982851119556,4.121962732647567
2462766.5,2463099.737288136,2030-09-22 00:00:00.000,2031-08-21 05:41:41.695,333.23728813559325,12.36668358204816,7.896708921775137,4.469974660273023
2462766.5,2463118.194915254,2030-09-22 00:00:00.000,2031-09-08 16:40:40.678,351.69491525423734,13.99575491182593,8.61628290678625,5.3794720050396805
2462766.5,2463136.6525423727,2030-09-22 00:00:00.000,2031-09-27 03:39:39.661,370.1525423728814,16.75970659810595,9.881967189188275,6.877739408917674
2462767.5,2462989.991525424,2030-09-23 00:00:00.000,2031-05-03 11:47:47.797,222.49152542372883,18.58488839592168,9.87317937746941,8.71170901845227
2462767.5,2463008.4491525423,2030-09-23 00:00:00.000,2031-05-21 22:46:46.780,240.9491525423729,16.049088243458172,8.869453777798226,7.1796344656599445
2462767.5,2463026.906779661,2030-09-23 00:00:00.000,2031-06-09 09:45:45.763,259.40677966101697,14.06631170368344,8.147159408636238,5.919152295047202
2462767.5,2463045.36440678,2030-09-23 00:00:00.000,2031-06-27 20:44:44.746,277.86440677966107,12.617928645061014,7.679348342577324,4.9385803024836905
2462767.5,2463063.8220338984,2030-09-23 00:00:00.000,2031-07-16 07:43:43.729,296.3220338983051,11.75717091690298,7.457935663281533,4.299235253621445
2462767.5,2463082.279661017,2030-09-23 00:00:00.000,2031-08-03 18:42:42.712,314.77966101694915,11.603322950773276,7.495124924361244,4.108198026412033
2462767.5,2463100.737288136,2030-09-23 00:00:00.000,2031-08-22 05:41:41.695,333.23728813559325,12.285846165640049,7.830283867623407,4.45556229801664
2462767.5,2463119.194915254,2030-09-23 00:00:00.000,2031-09-09 16:40:40.678,351.69491525423734,13.907393261813407,8.545972663695716,5.36142059811769
2462767.5,2463137.6525423727,2030-09-23 00:00:00.000,2031-09-28 03:39:39.661,370.1525423728814,16.653480990232232,9.80269173123678,6.850789258995452
2462768.5,2462990.991525424,2030-09-24 00:00:00.000,2031-05-04 11:47:47.797,222.49152542372883,18.489083545021835,9.797300839550012,8.691782705471823
2462768.5,2463009.4491525423,2030-09-24 00:00:00.000,2031-05-22 22:46:46.780,240.9491525423729,15.9581440438844,8.796897863104281,7.16124618078012
2462768.5,2463027.906779661,2030-09-24 00:00:00.000,2031-06-10 09:45:45.763,259.40677966101697,13.97958985112728,8.077463404215365,5.902126446911915
2462768.5,2463046.36440678,2030-09-24 00:00:00.000,2031-06-28 20:44:44.746,277.86440677966107,12.534783477220111,7.611966524086183,4.92281695313393
2462768.5,2463064.8220338984,2030-09-24 00:00:00.000,2031-07-17 07:43:43.729,296.3220338983051,11.676842444205246,7.392156191203083,4.284686253002162
2462768.5,2463083.279661017,2030-09-24 00:00:00.000,2031-08-04 18:42:42.712,314.77966101694915,11.524486963902548,7.429924044721238,4.094562919181308
2462768.5,2463101.737288136,2030-09-24 00:00:00.000,2031-08-23 05:41:41.695,333.23728813559325,12.20558593228206,7.764066167072141,4.441519765209919
2462768.5,2463120.194915254,2030-09-24 00:00:00.000,2031-09-10 16:40:40.678,351.69491525423734,13.820003347118352,8.476042628917629,5.343960718200723
2462768.5,2463138.6525423727,2030-09-24 00:00:00.000,2031-09-29 03:39:39.661,370.1525423728814,16.548720683630197,9.72405289038882,6.824667793241379
2462769.5,2462991.991525424,2030-09-25 00:00:00.000,2031-05-05 11:47:47.797,222.49152542372883,18.39231460882074,9.720971268812102,8.671343340008637
2462769.5,2463010.4491525423,2030-09-25 00:00:00.000,2031-05-23 22:46:46.780,240.9491525423729,15.86641465043754,8.72400898037667,7.14240567006087
2462769.5,2463028.906779661,2030-09-25 00:00:00.000,2031-06-11 09:45:45.763,259.40677966101697,13.892273483961356,8.007547572833793,5.884725911127562
2462769.5,2463047.36440678,2030-09-25 00:00:00.000,2031-06-29 20:44:44.746,277.86440677966107,12.451266566621223,7.54447534640187,4.906791220219356
2462769.5,2463065.8220338984,2030-09-25 00:00:00.000,2031-07-18 07:43:43.729,296.3220338983051,11.596421187098496,7.326377912555284,4.270043274543213
2462769.5,2463084.279661017,2030-09-25 00:00:00.000,2031-08-05 18:42:42.712,314.77966101694915,11.445899158440618,7.364839848578415,4.081059309862203
2462769.5,2463102.737288136,2030-09-25 00:00:00.000,2031-08-24 05:41:41.695,333.23728813559325,12.12594328602542,7.698095562763231,4.42784772326219
2462769.5,2463121.194915254,2030-09-25 00:00:00.000,2031-09-11 16:40:40.678,351.69491525423734,13.73361561100052,8.406525736052508,5.327089874948011
2462769.5,2463139.6525423727,2030-09-25 00:00:00.000,2031-09-30 03:39:39.661,370.1525423728814,16.445440779313486,9.64607325503276,6.799367524280724
2462770.5,2462992.991525424,2030-09-26 00:00:00.000,2031-05-06 11:47:47.797,222.49152542372883,18.29465577886574,9.64426739760759,8.650388381258148
2462770.5,2463011.4491525423,2030-09-26 00:00:00.000,2031-05-24 22:46:46.780,240.9491525423729,15.773976000431997,8.65086468352566,7.123111316906336
2462770.5,2463029.906779661,2030-09-26 00:00:00.000,2031-06-12 09:45:45.763,259.40677966101697,13.80443971508718,7.937489684477575,5.866950030609606
2462770.5,2463048.36440678,2030-09-26 00:00:00.000,2031-06-30 20:44:44.746,277.86440677966107,12.36745564815329,7.476952046943101,4.89050360121019
2462770.5,2463066.8220338984,2030-09-26 00:00:00.000,2031-07-19 07:43:43.729,296.3220338983051,11.515984591807404,7.260676504300552,4.255308087506853
2462770.5,2463085.279661017,2030-09-26 00:00:00.000,2031-08-06 18:42:42.712,314.77966101694915,11.3676345935053,7.299945084836685,4.067689508668614
2462770.5,2463103.737288136,2030-09-26 00:00:00.000,2031-08-25 05:41:41.695,333.23728813559325,12.046987183398931,7.632440121912007,4.414547061486925
2462770.5,2463122.194915254,2030-09-26 00:00:00.000,2031-09-12 16:40:40.678,351.69491525423734,13.648288714373138,8.337483056499615,5.310805657873522
2462770.5,2463140.6525423727,2030-09-26 00:00:00.000,2031-10-01 03:39:39.661,370.1525423728814,16.343684466060083,9.568803438919865,6.774881027140221
2462771.5,2462993.991525424,2030-09-27 00:00:00.000,2031-05-07 11:47:47.797,222.49152542372883,18.19621640612623,9.567300383616614,8.628916022509616
2462771.5,2463012.4491525423,2030-09-27 00:00:00.000,2031-05-25 22:46:46.780,240.9491525423729,15.68093896850457,8.577576755387422,7.103362213117147
2462771.5,2463030.906779661,2030-09-27 00:00:00.000,2031-06-13 09:45:45.763,259.40677966101697,13.716200329729354,7.867401503078572,5.848798826650783
2462771.5,2463049.36440678,2030-09-27 00:00:00.000,2031-07-01 20:44:44.746,277.86440677966107,12.283462836010017,7.409507609618372,4.873955226391644
2462771.5,2463067.8220338984,2030-09-27 00:00:00.000,2031-07-20 07:43:43.729,296.3220338983051,11.435644167156765,7.195161161592968,4.240483005563797
2462771.5,2463086.279661017,2030-09-27 00:00:00.000,2031-08-07 18:42:42.712,314.77966101694915,11.28980201993877,7.235345855535006,4.054456164403764
2462771.5,2463104.737288136,2030-09-27 00:00:00.000,2031-08-26 05:41:41.695,333.23728813559325,11.968819913844245,7.567201216587474,4.401618697256771
2462771.5,2463123.194915254,2030-09-27 00:00:00.000,2031-09-13 16:40:40.678,351.69491525423734,13.56411451543728,8.269009089424612,5.2951054260126655
2462771.5,2463141.6525423727,2030-09-27 00:00:00.000,2031-10-02 03:39:39.661,370.1525423728814,16.243528362955576,9.49232783205744,6.751200530898138
2462772.5,2462994.991525424,2030-09-28 00:00:00.000,2031-05-08 11:47:47.797,222.49152542372883,18.09713981617521,9.49021437558179,8.606925440593423
2462772.5,2463013.4491525423,2030-09-28 00:00:00.000,2031-05-26 22:46:46.780,240.9491525423729,15.587448074577186,8.504289690137206,7.08315838443998
2462772.5,2463031.906779661,2030-09-28 00:00:00.000,2031-06-14 09:45:45.763,259.40677966101697,13.627700371730828,7.79742718315279,5.830273188578039
2462772.5,2463050.36440678,2030-09-28 00:00:00.000,2031-07-02 20:44:44.746,277.86440677966107,12.199433095045205,7.342285105445984,4.857147989599221
2462772.5,2463068.8220338984,2030-09-28 00:00:00.000,2031-07-21 07:43:43.729,296.3220338983051,11.355543872675792,7.129972952092048,4.225570920583743
2462772.5,2463087.279661017,2030-09-28 00:00:00.000,2031-08-08 18:42:42.712,314.77966101694915,11.212542257596176,7.171180096859953,4.041362160736222
2462772.5,2463105.737288136,2030-09-28 00:00:00.000,2031-08-27 05:41:41.695,333.23728813559325,11.891575607614929,7.50251228359766,4.389063324017267
2462772.5,2463124.194915254,2030-09-28 00:00:00.000,2031-09-14 16:40:40.678,351.69491525423734,13.481216906861102,8.201230982146184,5.279985924714918
2462772.5,2463142.6525423727,2030-09-28 00:00:00.000,2031-10-03 03:39:39.661,370.1525423728814,16.145081898641983,9.416764485014268,6.728317413627716
2462773.5,2462995.991525424,2030-09-29 00:00:00.000,2031-05-09 11:47:47.797,222.49152542372883,17.997593310250082,9.413176306500432,8.58441700374965
2462773.5,2463014.4491525423,2030-09-29 00:00:00.000,2031-05-27 22:46:46.780,240.9491525423729,15.493671398221704,8.431170419443601,7.062500978778102
2462773.5,2463032.906779661,2030-09-29 00:00:00.000,2031-06-15 09:45:45.763,259.40677966101697,13.539107961202806,7.72773293123434,5.811375029968465
2462773.5,2463051.36440678,2030-09-29 00:00:00.000,2031-07-03 20:44:44.746,277.86440677966107,12.115533975360444,7.275449325873263,4.8400846494871805
2462773.5,2463069.8220338984,2030-09-29 00:00:00.000,2031-07-22 07:43:43.729,296.3220338983051,11.27584980964051,7.065274498482101,4.210575311158409
2462773.5,2463088.279661017,2030-09-29 00:00:00.000,2031-08-09 18:42:42.712,314.77966101694915,11.136017922458832,7.107607430047493,4.028410492411338
2462773.5,2463106.737288136,2030-09-29 00:00:00.000,2031-08-28 05:41:41.695,333.23728813559325,11.815410143901236,7.438528998795886,4.37688114510535
2462773.5,2463125.194915254,2030-09-29 00:00:00.000,2031-09-15 16:40:40.678,351.69491525423734,13.399742099681225,8.134299208709729,5.265442890971495
2462773.5,2463143.6525423727,2030-09-29 00:00:00.000,2031-10-04 03:39:39.661,370.1525423728814,16.048478174722447,9.34225649296165,6.7062216817608
2462774.5,2462996.991525424,2030-09-30 00:00:00.000,2031-05-10 11:47:47.797,222.49152542372883,17.89775006213032,9.33635768694295,8.56139237518737
2462774.5,2463015.4491525423,2030-09-30 00:00:00.000,2031-05-28 22:46:46.780,240.9491525423729,15.399782435329788,8.358390074883719,7.0413923604460695
2462774.5,2463033.906779661,2030-09-30 00:00:00.000,2031-06-16 09:45:45.763,259.40677966101697,13.45059610874705,7.658488745101735,5.792107363645315
2462774.5,2463052.36440678,2030-09-30 00:00:00.000,2031-07-04 20:44:44.746,277.86440677966107,12.03193740035271,7.20916853258359,4.82276886776912
2462774.5,2463070.8220338984,2030-09-30 00:00:00.000,2031-07-23 07:43:43.729,296.3220338983051,11.196732016087156,7.001231800877494,4.195500215209664
2462774.5,2463089.279661017,2030-09-30 00:00:00.000,2031-08-10 18:42:42.712,314.77966101694915,11.0603952871877,7.044791144308496,4.015604142879202
2462774.5,2463107.737288136,2030-09-30 00:00:00.000,2031-08-29 05:41:41.695,333.23728813559325,11.74048317709508,7.375411527188508,4.3650716499065725
2462774.5,2463126.194915254,2030-09-30 00:00:00.000,2031-09-16 16:40:40.678,351.69491525423734,13.319840939873728,8.068370204582864,5.251470735290862
2462774.5,2463144.6525423727,2030-09-30 00:00:00.000,2031-10-05 03:39:39.661,370.1525423728814,15.95385669172306,9.268955140967842,6.68490155075522
2462775.5,2462997.991525424,2030-10-01 00:00:00.000,2031-05-11 11:47:47.797,222.49152542372883,17.797767224158704,9.259912755466866,8.537854468691837
2462775.5,2463016.4491525423,2030-10-01 00:00:00.000,2031-05-29 22:46:46.780,240.9491525423729,15.30593822709148,8.286102156092465,7.019836070999016
2462775.5,2463034.906779661,2030-10-01 00:00:00.000,2031-06-17 09:45:45.763,259.40677966101697,13.362320873915598,7.589846611215248,5.77247426270035
2462775.5,2463053.36440678,2030-10-01 00:00:00.000,2031-07-05 20:44:44.746,277.86440677966107,11.9487978676946,7.143592704432028,4.805205163262574
2462775.5,2463071.8220338984,2030-10-01 00:00:00.000,2031-07-24 07:43:43.729,296.3220338983051,11.118342723189478,6.937992558308218,4.18035016488126
2462775.5,2463090.279661017,2030-10-01 00:00:00.000,2031-08-11 18:42:42.712,314.77966101694915,10.985822605675944,6.98287661669629,4.002945988979654
2462775.5,2463108.737288136,2030-10-01 00:00:00.000,2031-08-30 05:41:41.695,333.23728813559325,11.666936545141455,7.313303057038668,4.353633488102787
2462775.5,2463127.194915254,2030-10-01 00:00:00.000,2031-09-17 16:40:40.678,351.69491525423734,13.24164740291203,8.00358501900879,5.23806238390324
2462775.5,2463145.6525423727,2030-10-01 00:00:00.000,2031-10-06 03:39:39.661,370.1525423728814,15.861341906933752,9.19699866816652,6.664343238767233
2462775.5,2463164.110169492,2030-10-01 00:00:00.000,2031-10-24 14:38:38.644,388.6101694915254,19.936600225269952,11.170618842993196,8.765981382276756
2462776.5,2462998.991525424,2030-10-02 00:00:00.000,2031-05-12 11:47:47.797,222.49152542372883,17.69776650301241,9.183959250378557,8.513807252633855
2462776.5,2463017.4491525423,2030-10-02 00:00:00.000,2031-05-30 22:46:46.780,240.9491525423729,15.212260020901429,8.214423367676247,6.997836653225182
2462776.5,2463035.906779661,2030-10-02 00:00:00.000,2031-06-18 09:45:45.763,259.40677966101697,13.27440212446989,7.5219214188294465,5.752480705640444
2462776.5,2463054.36440678,2030-10-02 00:00:00.000,2031-07-06 20:44:44.746,277.86440677966107,11.866233312541596,7.078834528909262,4.787398783632334
2462776.5,2463072.8220338984,2030-10-02 00:00:00.000,2031-07-25 07:43:43.729,296.3220338983051,11.04079730925381,6.87566721632882,4.16513009292499
2462776.5,2463091.279661017,2030-10-02 00:00:00.000,2031-08-12 18:42:42.712,314.77966101694915,10.91241111750718,6.921972364859126,3.990438752648055
2462776.5,2463109.737288136,2030-10-02 00:00:00.000,2031-08-31 05:41:41.695,333.23728813559325,11.594875246251572,7.252310772289125,4.342564473962447
2462776.5,2463128.194915254,2030-10-02 00:00:00.000,2031-09-18 16:40:40.678,351.69491525423734,13.165259414005368,7.940050088351353,5.225209325654014
2462776.5,2463146.6525423727,2030-10-02 00:00:00.000,2031-10-07 03:39:39.661,370.1525423728814,15.771023727092109,9.126492694156331,6.644531032935777
2462776.5,2463165.110169492,2030-10-02 00:00:00.000,2031-10-25 14:38:38.644,388.6101694915254,19.81467578407174,11.084215994271524,8.730459789800214
2462777.5,2462999.991525424,2030-10-03 00:00:00.000,2031-05-13 11:47:47.797,222.49152542372883,17.597822408101337,9.10856696634765,8.489255441753684
2462777.5,2463018.4491525423,2030-10-03 00:00:00.000,2031-05-31 22:46:46.780,240.9491525423729,15.118821646611872,8.143422272877597,6.975399373734275
2462777.5,2463036.906779661,2030-10-03 00:00:00.000,2031-06-19 09:45:45.763,259.40677966101697,13.186912056409422,7.4547797197828,5.732132336626622
2462777.5,2463055.36440678,2030-10-03 00:00:00.000,2031-07-07 20:44:44.746,277.86440677966107,11.78431376937218,7.014958249315916,4.769355520056264
2462777.5,2463073.8220338984,2030-10-03 00:00:00.000,2031-07-26 07:43:43.729,296.3220338983051,10.964163070207489,6.814317842408626,4.1498452277988624
2462777.5,2463092.279661017,2030-10-03 00:00:00.000,2031-08-13 18:42:42.712,314.77966101694915,10.840223848660486,6.862138842564962,3.9780850060955246
2462777.5,2463110.737288136,2030-10-03 00:00:00.000,2031-09-01 05:41:41.695,333.23728813559325,11.524356125266442,7.192494409698131,4.33186171556831
2462777.5,2463129.194915254,2030-10-03 00:00:00.000,2031-09-19 16:40:40.678,351.69491525423734,13.090727201177828,7.877825351425948,5.212901849751878
2462777.5,2463147.6525423727,2030-10-03 00:00:00.000,2031-10-08 03:39:39.661,370.1525423728814,15.682945260134469,9.057497649707951,6.625447610426513
2462777.5,2463166.110169492,2030-10-03 00:00:00.000,2031-10-26 14:38:38.644,388.6101694915254,19.69562415325099,10.999677102272654,8.695947050978335
2462778.5,2463000.991525424,2030-10-04 00:00:00.000,2031-05-14 11:47:47.797,222.49152542372883,17.497959903413985,9.033755761943668,8.46420414147032
2462778.5,2463019.4491525423,2030-10-04 00:00:00.000,2031-06-01 22:46:46.780,240.9491525423729,15.025647309586647,8.073117407036506,6.952529902550144
2462778.5,2463037.906779661,2030-10-04 00:00:00.000,2031-06-20 09:45:45.763,259.40677966101697,13.099873143106684,7.388437952213055,5.711435190893631
2462778.5,2463056.36440678,2030-10-04 00:00:00.000,2031-07-08 20:44:44.746,277.86440677966107,11.7030594714717,6.95197796899253,4.75108150247917
2462778.5,2463074.8220338984,2030-10-04 00:00:00.000,2031-07-27 07:43:43.729,296.3220338983051,10.888457430469703,6.753956434510605,4.1345009959590975
2462778.5,2463093.279661017,2030-10-04 00:00:00.000,2031-08-14 18:42:42.712,314.77966101694915,10.769273845915809,6.803386623654485,3.965887222261323
2462778.5,2463111.737288136,2030-10-04 00:00:00.000,2031-09-02 05:41:41.695,333.23728813559325,11.455385969623295,7.133864138014948,4.32152183160835
2462778.5,2463130.194915254,2030-10-04 00:00:00.000,2031-09-20 16:40:40.678,351.69491525423734,13.01805101239604,7.816921600630307,5.201129411765733
2462778.5,2463148.6525423727,2030-10-04 00:00:00.000,2031-10-09 03:39:39.661,370.1525423728814,15.597099870073162,8.990025339009714,6.607074531063447
2462778.5,2463167.110169492,2030-10-04 00:00:00.000,2031-10-27 14:38:38.644,388.6101694915254,19.579427896943685,10.917013548094342,8.662414348849344
2462779.5,2463001.991525424,2030-10-05 00:00:00.000,2031-05-15 11:47:47.797,222.49152542372883,17.398159487716534,8.959500980329876,8.438658507386657
2462779.5,2463020.4491525423,2030-10-05 00:00:00.000,2031-06-02 22:46:46.780,240.9491525423729,14.93271679973554,8.00348279341067,6.929234006324871
2462779.5,2463038.906779661,2030-10-05 00:00:00.000,2031-06-21 09:45:45.763,259.40677966101697,13.013263485011818,7.322868051543359,5.690395433468458
2462779.5,2463057.36440678,2030-10-05 00:00:00.000,2031-07-09 20:44:44.746,277.86440677966107,11.622446336677136,6.889863326527261,4.732583010149875
2462779.5,2463075.8220338984,2030-10-05 00:00:00.000,2031-07-28 07:43:43.729,296.3220338983051,10.813653533563109,6.69455058898067,4.11910294458244
2462779.5,2463094.279661017,2030-10-05 00:00:00.000,2031-08-15 18:42:42.712,314.77966101694915,10.6995298008494,6.745681947301305,3.953847853548094
2462779.5,2463112.737288136,2030-10-05 00:00:00.000,2031-09-03 05:41:41.695,333.23728813559325,11.38792703097652,7.076385825532352,4.311541205444167
2462779.5,2463131.194915254,2030-10-05 00:00:00.000,2031-09-21 16:40:40.678,351.69491525423734,12.947186333222929,7.757305285550507,5.18988104767242
2462779.5,2463149.6525423727,2030-10-05 00:00:00.000,2031-10-10 03:39:39.661,370.1525423728814,15.513435861439786,8.924043067056152,6.589392794383635
2462779.5,2463168.110169492,2030-10-05 00:00:00.000,2031-10-28 14:38:38.644,388.6101694915254,19.46602408474808,10.836191919171824,8.629832165576257
2462780.5,2463002.991525424,2030-10-06 00:00:00.000,2031-05-16 11:47:47.797,222.49152542372883,17.298365925349604,8.885742465440662,8.412623459908941
2462780.5,2463021.4491525423,2030-10-06 00:00:00.000,2031-06-03 22:46:46.780,240.9491525423729,14.839974326420329,7.934457035118509,6.905517291301818
2462780.5,2463039.906779661,2030-10-06 00:00:00.000,2031-06-22 09:45:45.763,259.40677966101697,12.927025757325318,7.258006615704341,5.669019141620976
2462780.5,2463058.36440678,2030-10-06 00:00:00.000,2031-07-10 20:44:44.746,277.86440677966107,11.542415026834147,6.828548708474511,4.713866318359637
2462780.5,2463076.8220338984,2030-10-06 00:00:00.000,2031-07-29 07:43:43.729,296.3220338983051,10.739689395566126,6.6360327056058885,4.103656689960237
2462780.5,2463095.279661017,2030-10-06 00:00:00.000,2031-08-16 18:42:42.712,314.77966101694915,10.63092525239944,6.688955830709695,3.9419694216897447
2462780.5,2463113.737288136,2030-10-06 00:00:00.000,2031-09-04 05:41:41.695,333.23728813559325,11.321906185903783,7.019989951540206,4.301916234363577
2462780.5,2463132.194915254,2030-10-06 00:00:00.000,2031-09-22 16:40:40.678,351.69491525423734,12.87805286896479,7.698907098243228,5.179145770721562
2462780.5,2463150.6525423727,2030-10-06 00:00:00.000,2031-10-11 03:39:39.661,370.1525423728814,15.431865136106726,8.859481762694015,6.572383373412711
2462780.5,2463169.110169492,2030-10-06 00:00:00.000,2031-10-29 14:38:38.644,388.6101694915254,19.3553124804547,10.757141513956356,8.598170966498346
2462781.5,2463003.991525424,2030-10-07 00:00:00.000,2031-05-17 11:47:47.797,222.49152542372883,17.19849749662816,8.812394029232143,8.386103467396017
2462781.5,2463022.4491525423,2030-10-07 00:00:00.000,2031-06-04 22:46:46.780,240.9491525423729,14.747337848820203,7.865952840594131,6.881385008226075
2462781.5,2463040.906779661,2030-10-07 00:00:00.000,2031-06-23 09:45:45.763,259.40677966101697,12.841076626411018,7.193764485328098,5.64731214108292
2462781.5,2463059.36440678,2030-10-07 00:00:00.000,2031-07-11 20:44:44.746,277.86440677966107,11.46288045207586,6.767942864709144,4.694937587366717
2462781.5,2463077.8220338984,2030-10-07 00:00:00.000,2031-07-30 07:43:43.729,296.3220338983051,10.66647748963454,6.578309599177076,4.088167890457464
2462781.5,2463096.279661017,2030-10-07 00:00:00.000,2031-08-17 18:42:42.712,314.77966101694915,10.563368227766498,6.633113620528531,3.930254607237967
2462781.5,2463114.737288136,2030-10-07 00:00:00.000,2031-09-05 05:41:41.695,333.23728813559325,11.257224580514649,6.964581029846558,4.29264355066809
2462781.5,2463133.194915254,2030-10-07 00:00:00.000,2031-09-23 16:40:40.678,351.69491525423734,12.810544113410923,7.641631197210555,5.168912916200369
2462781.5,2463151.6525423727,2030-10-07 00:00:00.000,2031-10-12 03:39:39.661,370.1525423728814,15.3522726103309,8.796244932544994,6.556027677785905
2462781.5,2463170.110169492,2030-10-07 00:00:00.000,2031-10-30 14:38:38.644,388.6101694915254,19.24716475311955,10.679762953715656,8.567401799403891
2462782.5,2463004.991525424,2030-10-08 00:00:00.000,2031-05-18 11:47:47.797,222.49152542372883,17.098454525519365,8.739352130396018,8.35910239512335
2462782.5,2463023.4491525423,2030-10-08 00:00:00.000,2031-06-05 22:46:46.780,240.9491525423729,14.654707663927905,7.797865747152936,6.856841916774969
2462782.5,2463041.906779661,2030-10-08 00:00:00.000,2031-06-24 09:45:45.763,259.40677966101697,12.755315402091622,7.1300355083928375,5.625279893698783
2462782.5,2463060.36440678,2030-10-08 00:00:00.000,2031-07-12 20:44:44.746,277.86440677966107,11.383740489568584,6.707937698747389,4.675802790821195
2462782.5,2463078.8220338984,2030-10-08 00:00:00.000,2031-07-31 07:43:43.729,296.3220338983051,10.593913527303688,6.521271286968224,4.072642240335463
2462782.5,2463097.279661017,2030-10-08 00:00:00.000,2031-08-18 18:42:42.712,314.77966101694915,10.4967500723136,6.578043739089014,3.9187063332245855
2462782.5,2463115.737288136,2030-10-08 00:00:00.000,2031-09-06 05:41:41.695,333.23728813559325,11.193766478735938,6.910046271743321,4.2837202069926175
2462782.5,2463134.194915254,2030-10-08 00:00:00.000,2031-09-24 16:40:40.678,351.69491525423734,12.74453617219622,7.585363748280525,5.159172423915694
2462782.5,2463152.6525423727,2030-10-08 00:00:00.000,2031-10-13 03:39:39.661,370.1525423728814,15.274524981412448,8.734217049226462,6.540307932185986
2462782.5,2463171.110169492,2030-10-08 00:00:00.000,2031-10-31 14:38:38.644,388.6101694915254,19.1414331854076,10.60393639719392,8.537496788213677
2462783.5,2463005.991525424,2030-10-09 00:00:00.000,2031-05-19 11:47:47.797,222.49152542372883,16.998127357942096,8.666503943749005,8.331623414193091
2462783.5,2463024.4491525423,2030-10-09 00:00:00.000,2031-06-06 22:46:46.780,240.9491525423729,14.56197442515297,7.730082220993835,6.831892204159135
2462783.5,2463042.906779661,2030-10-09 00:00:00.000,2031-06-25 09:45:45.763,259.40677966101697,12.669632098759816,7.06670466703954,5.602927431720276
2462783.5,2463061.36440678,2030-10-09 00:00:00.000,2031-07-13 20:44:44.746,277.86440677966107,11.304884088304492,6.648416408811751,4.656467679492741
2462783.5,2463079.8220338984,2030-10-09 00:00:00.000,2031-08-01 07:43:43.729,296.3220338983051,10.52188460345157,6.464799122515476,4.057085480936093
2462783.5,2463098.279661017,2030-10-09 00:00:00.000,2031-08-19 18:42:42.712,314.77966101694915,10.43095362480221,6.523625784392123,3.907327840410088
2462783.5,2463116.737288136,2030-10-09 00:00:00.000,2031-09-07 05:41:41.695,333.23728813559325,11.131407451092144,6.85626362676038,4.2751438243317645
2462783.5,2463135.194915254,2030-10-09 00:00:00.000,2031-09-25 16:40:40.678,351.69491525423734,12.6798959451362,7.529980887521892,5.149915057614309
2462783.5,2463153.6525423727,2030-10-09 00:00:00.000,2031-10-14 03:39:39.661,370.1525423728814,15.198478898053388,8.673271428849008,6.525207469204381
2462783.5,2463172.110169492,2030-10-09 00:00:00.000,2031-11-01 14:38:38.644,388.6101694915254,19.037958857644256,10.529529339172594,8.508429518471662
2462784.5,2462988.533898305,2030-10-10 00:00:00.000,2031-05-02 00:48:48.814,204.0338983050848,19.952073431063678,9.847636372294687,10.104437058768983
2462784.5,2463006.991525424,2030-10-10 00:00:00.000,2031-05-20 11:47:47.797,222.49152542372883,16.897404114359226,8.593735147054705,8.303668967304521
2462784.5,2463025.4491525423,2030-10-10 00:00:00.000,2031-06-07 22:46:46.780,240.9491525423729,14.469026909078876,7.66248745409362,6.806539454985256
2462784.5,2463043.906779661,2030-10-10 00:00:00.000,2031-06-26 09:45:45.763,259.40677966101697,12.583915217377378,7.0036558813845,5.580259335992877
2462784.5,2463062.36440678,2030-10-10 00:00:00.000,2031-07-14 20:44:44.746,277.86440677966107,11.226199067517925,6.589261289936479,4.636937777581447
2462784.5,2463080.8220338984,2030-10-10 00:00:00.000,2031-08-02 07:43:43.729,296.3220338983051,10.450277009554068,6.408773583125599,4.041503426428468
2462784.5,2463099.279661017,2030-10-10 00:00:00.000,2031-08-20 18:42:42.712,314.77966101694915,10.365861041722804,6.469738290368996,3.89612275135381
2462784.5,2463117.737288136,2030-10-10 00:00:00.000,2031-09-08 05:41:41.695,333.23728813559325,11.070022208831867,6.80310950846156,4.266912700370309
2462784.5,2463136.194915254,2030-10-10 00:00:00.000,2031-09-26 16:40:40.678,351.69491525423734,12.616488974039507,7.475356414688023,5.141132559351486
2462784.5,2463154.6525423727,2030-10-10 00:00:00.000,2031-10-15 03:39:39.661,370.1525423728814,15.12398884043173,8.613277905875528,6.510710934556203
2462784.5,2463173.110169492,2030-10-10 00:00:00.000,2031-11-02 14:38:38.644,388.6101694915254,18.93657960704262,10.456404295478617,8.480175311564004
2462785.5,2462989.533898305,2030-10-11 00:00:00.000,2031-05-03 00:48:48.814,204.0338983050848,19.84218002978162,9.768936093605536,10.073243936176084
2462785.5,2463007.991525424,2030-10-11 00:00:00.000,2031-05-21 11:47:47.797,222.49152542372883,16.796177913984977,8.52093712507988,8.275240788905098
2462785.5,2463026.4491525423,2030-10-11 00:00:00.000,2031-06-08 22:46:46.780,240.9491525423729,14.375759222399225,7.594972552403437,6.780786669995788
2462785.5,2463044.906779661,2030-10-11 00:00:00.000,2031-06-27 09:45:45.763,259.40677966101697,12.498058936131104,6.940779180463049,5.557279755668056
2462785.5,2463063.36440678,2030-10-11 00:00:00.000,2031-07-15 20:44:44.746,277.86440677966107,11.147579294279408,6.530360885236974,4.617218409042433
2462785.5,2463081.8220338984,2030-10-11 00:00:00.000,2031-08-03 07:43:43.729,296.3220338983051,10.37898340188752,6.353081400796906,4.025902001090614
2462785.5,2463100.279661017,2030-10-11 00:00:00.000,2031-08-21 18:42:42.712,314.77966101694915,10.301360963123258,6.416265843254214,3.8850951198690447
2462785.5,2463118.737288136,2030-10-11 00:00:00.000,2031-09-09 05:41:41.695,333.23728813559325,11.009491786994698,6.750465912331784,4.259025874662915
2462785.5,2463137.194915254,2030-10-11 00:00:00.000,2031-09-27 16:40:40.678,351.69491525423734,12.554186675692304,7.421368940294313,5.13281773539799
2462785.5,2463155.6525423727,2030-10-11 00:00:00.000,2031-10-16 03:39:39.661,370.1525423728814,15.050914449660796,8.554110048803627,6.496804400857168
2462785.5,2463174.110169492,2030-10-11 00:00:00.000,2031-11-03 14:38:38.644,388.6101694915254,18.83713752423649,10.384426141696965,8.452711382539524
2462786.5,2462990.533898305,2030-10-12 00:00:00.000,2031-05-04 00:48:48.814,204.0338983050848,19.73147577990335,9.689970484591802,10.041505295311548
2462786.5,2463008.991525424,2030-10-12 00:00:00.000,2031-05-22 11:47:47.797,222.49152542372883,16.694352815109934,8.448012841750197,8.246339973359737
2462786.5,2463027.4491525423,2030-10-12 00:00:00.000,2031-06-09 22:46:46.780,240.9491525423729,14.282076695466342,7.527440367668666,6.754636327797676
2462786.5,2463045.906779661,2030-10-12 00:00:00.000,2031-06-28 09:45:45.763,259.40677966101697,12.41196895916385,6.877976495066685,5.533992464097165
2462786.5,2463064.36440678,2030-10-12 00:00:00.000,2031-07-16 20:44:44.746,277.86440677966107,11.06893049378426,6.4716157446141365,4.597314749170126
2462786.5,2463082.8220338984,2030-10-12 00:00:00.000,2031-08-04 07:43:43.729,296.3220338983051,10.307908583425991,6.297621299279869,4.010287284146124
2462786.5,2463101.279661017,2030-10-12 00:00:00.000,2031-08-22 18:42:42.712,314.77966101694915,10.237354284928475,6.363104821741836,3.87424946318664
2462786.5,2463119.737288136,2030-10-12 00:00:00.000,2031-09-10 05:41:41.695,333.23728813559325,10.949709347852076,6.6982261980796025,4.251483149772474
2462786.5,2463138.194915254,2030-10-12 00:00:00.000,2031-09-28 16:40:40.678,351.69491525423734,12.492872236688122,7.367907762340687,5.1249644743474345
2462786.5,2463156.6525423727,2030-10-12 00:00:00.000,2031-10-17 03:39:39.661,370.1525423728814,14.979126586414855,8.495651195003655,6.483475391411203
2462786.5,2463175.110169492,2030-10-12 00:00:00.000,2031-11-04 14:38:38.644,388.6101694915254,18.739485267558827,10.313468384795003,8.426016882763824
2462787.5,2462991.533898305,2030-10-13 00:00:00.000,2031-05-05 00:48:48.814,204.0338983050848,19.61987486372226,9.610655529648168,10.009219334074093
2462787.5,2463009.991525424,2030-10-13 00:00:00.000,2031-05-23 11:47:47.797,222.49152542372883,16.59184785285874,8.374880773324632,8.216967079534108
2462787.5,2463028.4491525423,2030-10-13 00:00:00.000,2031-06-10 22:46:46.780,240.9491525423729,14.187899852919138,7.459809373932241,6.728090478986898
2462787.5,2463046.906779661,2030-10-13 00:00:00.000,2031-06-29 09:45:45.763,259.40677966101697,12.325566423600772,6.815165481966191,5.510400941634581
2462787.5,2463065.36440678,2030-10-13 00:00:00.000,2031-07-17 20:44:44.746,277.86440677966107,10.990174101809895,6.412942207795997,4.577231894013899
2462787.5,2463083.8220338984,2030-10-13 00:00:00.000,2031-08-05 07:43:43.729,296.3220338983051,10.236973316243288,6.242307758725397,3.9946655575178895
2462787.5,2463102.279661017,2030-10-13 00:00:00.000,2031-08-23 18:42:42.712,314.77966101694915,10.173757958039763,6.310167181789443,3.863590776250321
2462787.5,2463120.737288136,2030-10-13 00:00:00.000,2031-09-11 05:41:41.695,333.23728813559325,10.890584021925957,6.646298949457337,4.244285072468619
2462787.5,2463139.194915254,2030-10-13 00:00:00.000,2031-09-29 16:40:40.678,351.69491525423734,12.432444574967816,7.314876869407353,5.117567705560463
2462787.5,2463157.6525423727,2030-10-13 00:00:00.000,2031-10-18 03:39:39.661,370.1525423728814,14.90851150097651,8.437798675786931,6.47071282518958
2462787.5,2463176.110169492,2030-10-13 00:00:00.000,2031-11-05 14:38:38.644,388.6101694915254,18.643490544104573,10.243417703235352,8.400072840869223
2462788.5,2462992.533898305,2030-10-14 00:00:00.000,2031-05-06 00:48:48.814,204.0338983050848,19.50730798275048,9.530924327305978,9.9763836554445
2462788.5,2463010.991525424,2030-10-14 00:00:00.000,2031-05-24 11:47:47.797,222.49152542372883,16.48859897620538,8.301476719077085,8.187122257128296
2462788.5,2463029.4491525423,2030-10-14 00:00:00.000,2031-06-11 22:46:46.780,240.9491525423729,14.09316627414228,7.392015414788544,6.701150859353737
2462788.5,2463047.906779661,2030-10-14 00:00:00.000,2031-06-30 09:45:45.763,259.40677966101697,12.238789688824138,6.752281214947367,5.48650847387677
2462788.5,2463066.36440678,2030-10-14 00:00:00.000,2031-07-18 20:44:44.746,277.86440677966107,10.911248993256985,6.354274054345814,4.556974938911168
2462788.5,2463084.8220338984,2030-10-14 00:00:00.000,2031-08-06 07:43:43.729,296.3220338983051,10.166116005121458,6.1870726530562745,3.979043352065184
2462788.5,2463103.279661017,2030-10-14 00:00:00.000,2031-08-24 18:42:42.712,314.77966101694915,10.110506656192412,6.257382126368856,3.853124529823559
2462788.5,2463121.737288136,2030-10-14 00:00:00.000,2031-09-12 05:41:41.695,333.23728813559325,10.832042620850237,6.5946097373996695,4.237432883450565
2462788.5,2463140.194915254,2030-10-14 00:00:00.000,2031-09-30 16:40:40.678,351.69491525423734,12.372820182639192,7.262196870351889,5.110623312287303
2462788.5,2463158.6525423727,2030-10-14 00:00:00.000,2031-10-19 03:39:39.661,370.1525423728814,14.838972896956015,8.380465994706729,6.458506902249288
2462788.5,2463177.110169492,2030-10-14 00:00:00.000,2031-11-06 14:38:38.644,388.6101694915254,18.549038494666583,10.174176468824474,8.374862025842113
2462789.5,2462993.533898305,2030-10-15 00:00:00.000,2031-05-07 00:48:48.814,204.0338983050848,19.393722330054047,9.450726925702844,9.9429954043512
2462789.5,2463011.991525424,2030-10-15 00:00:00.000,2031-05-25 11:47:47.797,222.49152542372883,16.38455896401479,8.227753584201952,8.156805379812837
2462789.5,2463030.4491525423,2030-10-15 00:00:00.000,2031-06-12 22:46:46.780,240.9491525423729,13.99783043128422,7.324011422668445,6.673819008615777
2462789.5,2463048.906779661,2030-10-15 00:00:00.000,2031-07-01 09:45:45.763,259.40677966101697,12.151594104175352,6.689275850379454,5.462318253795899
2462789.5,2463067.36440678,2030-10-15 00:00:00.000,2031-07-19 20:44:44.746,277.86440677966107,10.83211119034808,6.295562132631375,4.536549057716705
2462789.5,2463085.8220338984,2030-10-15 00:00:00.000,2031-08-07 07:43:43.729,296.3220338983051,10.095292360667122,6.131864871852677,3.963427488814444
2462789.5,2463104.279661017,2030-10-15 00:00:00.000,2031-08-25 18:42:42.712,314.77966101694915,10.0475524208285,6.204695764970625,3.8428566558578736
2462789.5,2463122.737288136,2030-10-15 00:00:00.000,2031-09-13 05:41:41.695,333.23728813559325,10.774029322422418,6.543100875824395,4.230928446598023
2462789.5,2463141.194915254,2030-10-15 00:00:00.000,2031-10-01 16:40:40.678,351.69491525423734,12.313932932250696,7.209804915178028,5.104128017072669
2462789.5,2463159.6525423727,2030-10-15 00:00:00.000,2031-10-20 03:39:39.661,370.1525423728814,14.770431942259837,8.323582989331262,6.446848952928573
2462789.5,2463178.110169492,2030-10-15 00:00:00.000,2031-11-07 14:38:38.644,388.6101694915254,18.45603199774033,10.105663236255324,8.350368761485012
2462790.5,2462994.533898305,2030-10-16 00:00:00.000,2031-05-08 00:48:48.814,204.0338983050848,19.279079756953568,9.37002835998746,9.909051396966108
2462790.5,2463012.991525424,2030-10-16 00:00:00.000,2031-05-26 11:47:47.797,222.49152542372883,16.279695534639487,8.153679363188544,8.126016171450944
2462790.5,2463031.4491525423,2030-10-16 00:00:00.000,2031-06-13 22:46:46.780,240.9491525423729,13.901861724338882,7.255765342082829,6.6460963822560535
2462790.5,2463049.906779661,2030-10-16 00:00:00.000,2031-07-02 09:45:45.763,259.40677966101697,12.063949980428871,6.626116503102657,5.437833477326215
2462790.5,2463068.36440678,2030-10-16 00:00:00.000,2031-07-20 20:44:44.746,277.86440677966107,10.752731780753834,6.236772205265164,4.515959575488671
2462790.5,2463086.8220338984,2030-10-16 00:00:00.000,2031-08-08 07:43:43.729,296.3220338983051,10.024473274568942,6.076648161529044,3.9478251130398982
2462790.5,2463105.279661017,2030-10-16 00:00:00.000,2031-08-26 18:42:42.712,314.77966101694915,9.984862513446126,6.152068988382683,3.832793525063444
2462790.5,2463123.737288136,2030-10-16 00:00:00.000,2031-09-14 05:41:41.695,333.23728813559325,10.716503548736888,6.491729378480084,4.224774170256805
2462790.5,2463142.194915254,2030-10-16 00:00:00.000,2031-10-02 16:40:40.678,351.69491525423734,12.255732048503331,7.157652789978019,5.098079258525313
2462790.5,2463160.6525423727,2030-10-16 00:00:00.000,2031-10-21 03:39:39.661,370.1525423728814,14.70282540164422,8.267094125784936,6.435731275859284
2462790.5,2463179.110169492,2030-10-16 00:00:00.000,2031-11-08 14:38:38.644,388.6101694915254,18.364390031592123,10.037811307823942,8.326578723768183
2462791.5,2462995.533898305,2030-10-17 00:00:00.000,2031-05-09 00:48:48.814,204.0338983050848,19.163353627855813,9.288805397131776,9.874548230724036
2462791.5,2463013.991525424,2030-10-17 00:00:00.000,2031-05-27 11:47:47.797,222.49152542372883,16.173988143706328,8.079233829401836,8.094754314304492
2462791.5,2463032.4491525423,2030-10-17 00:00:00.000,2031-06-14 22:46:46.780,240.9491525423729,13.805241212211442,7.187256765832259,6.617984446379184
2462791.5,2463050.906779661,2030-10-17 00:00:00.000,2031-07-03 09:45:45.763,259.40677966101697,11.97583926906014,6.562781844985476,5.4130574240746645
2462791.5,2463069.36440678,2030-10-17 00:00:00.000,2031-07-21 20:44:44.746,277.86440677966107,10.673093553443842,6.177881524142308,4.495212029301534
2462791.5,2463087.8220338984,2030-10-17 00:00:00.000,2031-08-09 07:43:43.729,296.3220338983051,9.953641415253676,6.021397694550033,3.9322437207036423
2462791.5,2463106.279661017,2030-10-17 00:00:00.000,2031-08-27 18:42:42.712,314.77966101694915,9.922415978665626,6.099474055835342,3.822941922830284
2462791.5,2463124.737288136,2030-10-17 00:00:00.000,2031-09-15 05:41:41.695,333.23728813559325,10.659436527349634,6.440463593695369,4.218972933654264
2462791.5,2463143.194915254,2030-10-17 00:00:00.000,2031-10-03 16:40:40.678,351.69491525423734,12.198178712293474,7.10570363364248,5.0924750786509945
2462791.5,2463161.6525423727,2030-10-17 00:00:00.000,2031-10-22 03:39:39.661,370.1525423728814,14.636102325566004,8.210955335802403,6.4251469897636015
2462791.5,2463180.110169492,2030-10-17 00:00:00.000,2031-11-09 14:38:38.644,388.6101694915254,18.27404448882028,9.97056573611656,8.303478752703718
2462792.5,2462996.533898305,2030-10-18 00:00:00.000,2031-05-10 00:48:48.814,204.0338983050848,19.046525324491505,9.207042955250856,9.839482369240647
2462792.5,2463014.991525424,2030-10-18 00:00:00.000,2031-05-28 11:47:47.797,222.49152542372883,16.067424432190595,8.004404898847458,8.063019533343137
2462792.5,2463033.4491525423,2030-10-18 00:00:00.000,2031-06-15 22:46:46.780,240.9491525423729,13.70795800540752,7.118473255259639,6.58948475014788
2462792.5,2463051.906779661,2030-10-18 00:00:00.000,2031-07-04 09:45:45.763,259.40677966101697,11.887251918772746,6.499258399938745,5.3879935188340005
2462792.5,2463070.36440678,2030-10-18 00:00:00.000,2031-07-22 20:44:44.746,277.86440677966107,10.593187323897537,6.118875108913347,4.474312214984187
2462792.5,2463088.8220338984,2030-10-18 00:00:00.000,2031-08-10 07:43:43.729,296.3220338983051,9.882787514558348,5.96609633597333,3.916691178585018
2462792.5,2463107.279661017,2030-10-18 00:00:00.000,2031-08-28 18:42:42.712,314.77966101694915,9.860199882856802,6.046890853198886,3.813309029657917
2462792.5,2463125.737288136,2030-10-18 00:00:00.000,2031-09-16 05:41:41.695,333.23728813559325,10.602807487923982,6.389279458303761,4.213528029620221
2462792.5,2463144.194915254,2030-10-18 00:00:00.000,2031-10-04 16:40:40.678,351.69491525423734,12.141242229621486,7.053928193173825,5.087314036447662
2462792.5,2463162.6525423727,2030-10-18 00:00:00.000,2031-10-23 03:39:39.661,370.1525423728814,14.570220200977694,8.155130281595268,6.415089919382426
2462792.5,2463181.110169492,2030-10-18 00:00:00.000,2031-11-10 14:38:38.644,388.6101694915254,18.18493631570812,9.903879610706433,8.281056705001685
2462793.5,2462997.533898305,2030-10-19 00:00:00.000,2031-05-11 00:48:48.814,204.0338983050848,18.928581650151585,9.124731445020805,9.803850205130775
2462793.5,2463015.991525424,2030-10-19 00:00:00.000,2031-05-29 11:47:47.797,222.49152542372883,15.959997573399928,7.929185914656918,8.03081165874301
2462793.5,2463034.4491525423,2030-10-19 00:00:00.000,2031-06-16 22:46:46.780,240.9491525423729,13.610006568379289,7.049407590915778,6.560598977463508
2462793.5,2463052.906779661,2030-10-19 00:00:00.000,2031-07-05 09:45:45.763,259.40677966101697,11.798183156495517,6.435537780976547,5.3626453755189685
2462793.5,2463071.36440678,2030-10-19 00:00:00.000,2031-07-23 20:44:44.746,277.86440677966107,10.513009194253636,6.059742972472869,4.453266221780766
2462793.5,2463089.8220338984,2030-10-19 00:00:00.000,2031-08-11 07:43:43.729,296.3220338983051,9.811907588586571,5.910731847642564,3.901175740944006
2462793.5,2463108.279661017,2030-10-19 00:00:00.000,2031-08-29 18:42:42.712,314.77966101694915,9.798206468643404,5.994304058473149,3.803902410170256
2462793.5,2463126.737288136,2030-10-19 00:00:00.000,2031-09-17 05:41:41.695,333.23728813559325,10.546600731720844,6.33815760269024,4.208443129030604
2462793.5,2463145.194915254,2030-10-19 00:00:00.000,2031-10-05 16:40:40.678,351.69491525423734,12.08489700013121,7.002301845427276,5.082595154703935
2462793.5,2463163.6525423727,2030-10-19 00:00:00.000,2031-10-24 03:39:39.661,370.1525423728814,14.50514179693621,8.099587272236345,6.405554524699864
2462793.5,2463182.110169492,2030-10-19 00:00:00.000,2031-11-11 14:38:38.644,388.6101694915254,18.09701220814696,9.83771084782168,8.259301360325276
2462794.5,2462998.533898305,2030-10-20 00:00:00.000,2031-05-12 00:48:48.814,204.0338983050848,18.80951418146932,9.041866068659704,9.767648112809615
2462794.5,2463016.991525424,2030-10-20 00:00:00.000,2031-05-30 11:47:47.797,222.49152542372883,15.851705557561324,7.853574880675534,7.998130676885789
2462794.5,2463035.4491525423,2030-10-20 00:00:00.000,2031-06-17 22:46:46.780,240.9491525423729,13.51138596244832,6.98005697558591,6.531328986862409
2462794.5,2463053.906779661,2030-10-20 00:00:00.000,2031-07-06 09:45:45.763,259.40677966101697,11.70863271598086,6.371615884843411,5.337016831137449
2462794.5,2463072.36440678,2030-10-20 00:00:00.000,2031-07-24 20:44:44.746,277.86440677966107,10.43255976460761,6.000479303802802,4.432080460804808
2462794.5,2463090.8220338984,2030-10-20 00:00:00.000,2031-08-12 07:43:43.729,296.3220338983051,9.741002104721954,5.855296038609668,3.885706066112285
2462794.5,2463109.279661017,2030-10-20 00:00:00.000,2031-08-30 18:42:42.712,314.77966101694915,9.736432238288227,5.94170222731132,3.794730010976909
2462794.5,2463127.737288136,2030-10-20 00:00:00.000,2031-09-18 05:41:41.695,333.23728813559325,10.490804595984114,6.2870823317731706,4.203722264210944
2462794.5,2463146.194915254,2030-10-20 00:00:00.000,2031-10-06 16:40:40.678,351.69491525423734,12.029121326062922,6.950803430990883,5.07831789507204
2462794.5,2463164.6525423727,2030-10-20 00:00:00.000,2031-10-25 03:39:39.661,370.1525423728814,14.440833774499318,8.044297906991272,6.396535867508047
2462794.5,2463183.110169492,2030-10-20 00:00:00.000,2031-11-12 14:38:38.644,388.6101694915254,18.01022297211265,9.772020596755276,8.238202375357377
2462795.5,2462999.533898305,2030-10-21 00:00:00.000,2031-05-13 00:48:48.814,204.0338983050848,18.689321131624823,8.958448622002086,9.730872509622738
2462795.5,2463017.991525424,2030-10-21 00:00:00.000,2031-05-31 11:47:47.797,222.49152542372883,15.742552960907362,7.777576175168111,7.9649767857392515
2462795.5,2463036.4491525423,2030-10-21 00:00:00.000,2031-06-18 22:46:46.780,240.9491525423729,13.412101561935248,6.91042470843069,6.5016768535045575
2462795.5,2463054.906779661,2030-10-21 00:00:00.000,2031-07-07 09:45:45.763,259.40677966101697,11.618606533166547,6.307494551871705,5.311111981294845
2462795.5,2463073.36440678,2030-10-21 00:00:00.000,2031-07-25 20:44:44.746,277.86440677966107,10.351845803285205,5.941084107960982,4.410761695324223
2462795.5,2463091.8220338984,2030-10-21 00:00:00.000,2031-08-13 07:43:43.729,296.3220338983051,9.67007759610528,5.799786360245079,3.8702912358602015
2462795.5,2463110.279661017,2030-10-21 00:00:00.000,2031-08-31 18:42:42.712,314.77966101694915,9.67487946913186,5.889079305531746,3.7858001636001135
2462795.5,2463128.737288136,2030-10-21 00:00:00.000,2031-09-19 05:41:41.695,333.23728813559325,10.435412830639072,6.236043009561783,4.1993698210772905
2462795.5,2463147.194915254,2030-10-21 00:00:00.000,2031-10-07 16:40:40.678,351.69491525423734,11.97389860775403,6.899416461628017,5.074482146126012
2462795.5,2463165.6525423727,2030-10-21 00:00:00.000,2031-10-26 03:39:39.661,370.1525423728814,14.377267649846043,7.989238053651882,6.388029596194162
2462795.5,2463184.110169492,2030-10-21 00:00:00.000,2031-11-13 14:38:38.644,388.6101694915254,17.924524194102773,9.706773930645502,8.21775026345727
2462796.5,2463000.533898305,2030-10-22 00:00:00.000,2031-05-14 00:48:48.814,204.0338983050848,18.56801203312189,8.87449208610627,9.693519947015622
2462796.5,2463018.991525424,2030-10-22 00:00:00.000,2031-06-01 11:47:47.797,222.49152542372883,15.632555484811192,7.701205011537765,7.931350473273426
2462796.5,2463037.4491525423,2030-10-22 00:00:00.000,2031-06-19 22:46:46.780,240.9491525423729,13.312169511364717,6.840524581879394,6.471644929485322
2462796.5,2463055.906779661,2030-10-22 00:00:00.000,2031-07-08 09:45:45.763,259.40677966101697,11.528121159913391,6.243185929493703,5.284935230419691
2462796.5,2463074.36440678,2030-10-22 00:00:00.000,2031-07-26 20:44:44.746,277.86440677966107,10.270884614227796,5.881567532778562,4.389317081449233
2462796.5,2463092.8220338984,2030-10-22 00:00:00.000,2031-08-14 07:43:43.729,296.3220338983051,9.599150953685449,5.744210174585419,3.854940779100028
2462796.5,2463111.279661017,2030-10-22 00:00:00.000,2031-09-01 18:42:42.712,314.77966101694915,9.613560392495778,5.836438807291104,3.7771215852046742
2462796.5,2463129.737288136,2030-10-22 00:00:00.000,2031-09-20 05:41:41.695,333.23728813559325,10.380428633394024,6.185038109076266,4.1953905243177605
2462796.5,2463148.194915254,2030-10-22 00:00:00.000,2031-10-08 16:40:40.678,351.69491525423734,11.919221201165374,6.848132999265431,5.071088201899944
2462796.5,2463166.6525423727,2030-10-22 00:00:00.000,2031-10-27 03:39:39.661,370.1525423728814,14.31442342877023,7.934391508140955,6.380031920629275
2462796.5,2463185.110169492,2030-10-22 00:00:00.000,2031-11-14 14:38:38.644,388.6101694915254,17.83987959397534,9.641943227587964,8.197936366387376
2462797.5,2463001.533898305,2030-10-23 00:00:00.000,2031-05-15 00:48:48.814,204.0338983050848,18.445615545323705,8.790028289213959,9.655587256109746
2462797.5,2463019.991525424,2030-10-23 00:00:00.000,2031-06-02 11:47:47.797,222.49152542372883,15.521747545626363,7.62449490602437,7.8972526396019935
2462797.5,2463038.4491525423,2030-10-23 00:00:00.000,2031-06-20 22:46:46.780,240.9491525423729,13.211624185237262,6.770388244877685,6.441235940359577
2462797.5,2463056.906779661,2030-10-23 00:00:00.000,2031-07-09 09:45:45.763,259.40677966101697,11.43721114002684,6.178719769097547,5.258491370929293
2462797.5,2463075.36440678,2030-10-23 00:00:00.000,2031-07-27 20:44:44.746,277.86440677966107,10.189711331828594,5.821957104142686,4.367754227685907
2462797.5,2463093.8220338984,2030-10-23 00:00:00.000,2031-08-15 07:43:43.729,296.3220338983051,9.528256620693911,5.688591921054553,3.8396646996393593
2462797.5,2463112.279661017,2030-10-23 00:00:00.000,2031-09-02 18:42:42.712,314.77966101694915,9.5525042684948,5.783800902443621,3.768703366051179
2462797.5,2463130.737288136,2030-10-23 00:00:00.000,2031-09-21 05:41:41.695,333.23728813559325,10.325871600971816,6.134082206530675,4.19178939444114
2462797.5,2463149.194915254,2030-10-23 00:00:00.000,2031-10-09 16:40:40.678,351.69491525423734,11.865097238609252,6.796960537087668,5.068136701521583
2462797.5,2463167.6525423727,2030-10-23 00:00:00.000,2031-10-28 03:39:39.661,370.1525423728814,14.25229627231883,7.879756731691196,6.372539540627635
2462797.5,2463186.110169492,2030-10-23 00:00:00.000,2031-11-15 14:38:38.644,388.6101694915254,17.756267490461916,9.577514716354663,8.178752774107249
2462798.5,2463002.533898305,2030-10-24 00:00:00.000,2031-05-16 00:48:48.814,204.0338983050848,18.32219015604251,8.70511838296851,9.617071773074
2462798.5,2463020.991525424,2030-10-24 00:00:00.000,2031-06-03 11:47:47.797,222.49152542372883,15.410192661535111,7.547507877355782,7.86268478417933
2462798.5,2463039.4491525423,2030-10-24 00:00:00.000,2031-06-21 22:46:46.780,240.9491525423729,13.110528377451905,6.700075241235079,6.410453136216825
2462798.5,2463057.906779661,2030-10-24 00:00:00.000,2031-07-10 09:45:45.763,259.40677966101697,11.345939056994911,6.114153351533718,5.231785705461193
2462798.5,2463076.36440678,2030-10-24 00:00:00.000,2031-07-28 20:44:44.746,277.86440677966107,10.108388842217238,5.762307561630491,4.346081280586746
2462798.5,2463094.8220338984,2030-10-24 00:00:00.000,2031-08-16 07:43:43.729,296.3220338983051,9.45745639246402,5.632982887785921,3.824473504678098
2462798.5,2463113.279661017,2030-10-24 00:00:00.000,2031-09-03 18:42:42.712,314.77966101694915,9.491767085794166,5.7312121581737445,3.760554927620422
2462798.5,2463131.737288136,2030-10-24 00:00:00.000,2031-09-22 05:41:41.695,333.23728813559325,10.271787379868131,6.08321573095972,4.188571648908412
2462798.5,2463150.194915254,2030-10-24 00:00:00.000,2031-10-10 16:40:40.678,351.69491525423734,11.811560278947642,6.745931786518101,5.06562849242954
2462798.5,2463168.6525423727,2030-10-24 00:00:00.000,2031-10-29 03:39:39.661,370.1525423728814,14.190906167270178,7.825356685823855,6.365549481446324
2462798.5,2463187.110169492,2030-10-24 00:00:00.000,2031-11-16 14:38:38.644,388.6101694915254,17.67369048166556,9.513498345658917,8.160192136006645
2462799.5,2463003.533898305,2030-10-25 00:00:00.000,2031-05-17 00:48:48.814,204.0338983050848,18.19783570016113,8.619864038580026,9.5779716615811
2462799.5,2463021.991525424,2030-10-25 00:00:00.000,2031-06-04 11:47:47.797,222.49152542372883,15.297994543376344,7.470345271482466,7.827649271893877
2462799.5,2463040.4491525423,2030-10-25 00:00:00.000,2031-06-22 22:46:46.780,240.9491525423729,13.008984114501851,6.629683605529109,6.3793005089727455
2462799.5,2463058.906779661,2030-10-25 00:00:00.000,2031-07-11 09:45:45.763,259.40677966101697,11.254406136891344,6.049581916602146,5.204824220289199
2462799.5,2463077.36440678,2030-10-25 00:00:00.000,2031-07-29 20:44:44.746,277.86440677966107,10.02701821401198,5.702711175729403,4.324307038282576
2462799.5,2463095.8220338984,2030-10-25 00:00:00.000,2031-08-17 07:43:43.729,296.3220338983051,9.38684972349941,5.577471497504189,3.809378225995221
2462799.5,2463114.279661017,2030-10-25 00:00:00.000,2031-09-04 18:42:42.712,314.77966101694915,9.43144183536224,5.678755903594563,3.752685931767677
2462799.5,2463132.737288136,2030-10-25 00:00:00.000,2031-09-23 05:41:41.695,333.23728813559325,10.218258047297716,6.0325155300775775,4.185742517220138
2462799.5,2463151.194915254,2030-10-25 00:00:00.000,2031-10-11 16:40:40.678,351.69491525423734,11.758679934145768,6.695115556323015,5.063564377822753
2462799.5,2463169.6525423727,2030-10-25 00:00:00.000,2031-10-30 03:39:39.661,370.1525423728814,14.1303088966272,7.771250109195866,6.359058787431333
2462799.5,2463188.110169492,2030-10-25 00:00:00.000,2031-11-17 14:38:38.644,388.6101694915254,17.59218681530917,9.449939512558618,8.142247302750553
2462800.5,2463004.533898305,2030-10-26 00:00:00.000,2031-05-18 00:48:48.814,204.0338983050848,18.072701010651663,8.534414686779824,9.53828632387184
2462800.5,2463022.991525424,2030-10-26 00:00:00.000,2031-06-05 11:47:47.797,222.49152542372883,15.185304204700875,7.39315453635143,7.792149668349446
2462800.5,2463041.4491525423,2030-10-26 00:00:00.000,2031-06-23 22:46:46.780,240.9491525423729,12.907139415364796,6.559356348609002,6.3477830667557935
2462800.5,2463059.906779661,2030-10-26 00:00:00.000,2031-07-12 09:45:45.763,259.40677966101697,11.16275874013362,5.985144939444613,5.177613800689008
2462800.5,2463078.36440678,2030-10-26 00:00:00.000,2031-07-30 20:44:44.746,277.86440677966107,9.945744990946435,5.64330390971573,4.302441081230706
2462800.5,2463096.8220338984,2030-10-26 00:00:00.000,2031-08-18 07:43:43.729,296.3220338983051,9.31657992539483,5.52218950478317,3.794390420611661
2462800.5,2463115.279661017,2030-10-26 00:00:00.000,2031-09-05 18:42:42.712,314.77966101694915,9.3716647889712,5.626558663531982,3.7451061254392153
2462800.5,2463133.737288136,2030-10-26 00:00:00.000,2031-09-24 05:41:41.695,333.23728813559325,10.16540871706272,5.982101764258339,4.18330695280438
2462800.5,2463152.194915254,2030-10-26 00:00:00.000,2031-10-12 16:40:40.678,351.69491525423734,11.706569047118627,6.644624318686583,5.061944728432043
2462800.5,2463170.6525423727,2030-10-26 00:00:00.000,2031-10-31 03:39:39.661,370.1525423728814,14.070603983046205,7.7175399343102065,6.353064048735998
2462800.5,2463189.110169492,2030-10-26 00:00:00.000,2031-11-18 14:38:38.644,388.6101694915254,17.51183924221524,9.386928477498014,8.124910764717226
2462801.5,2463005.533898305,2030-10-27 00:00:00.000,2031-05-19 00:48:48.814,204.0338983050848,17.94698179113843,8.448964940284988,9.498016850853444
2462801.5,2463023.991525424,2030-10-27 00:00:00.000,2031-06-06 11:47:47.797,222.49152542372883,15.072317202725294,7.316126105977555,7.756191096747738
2462801.5,2463042.4491525423,2030-10-27 00:00:00.000,2031-06-24 22:46:46.780,240.9491525423729,12.80518515127152,6.489278028387366,6.315907122884153
2462801.5,2463060.906779661,2030-10-27 00:00:00.000,2031-07-13 09:45:45.763,259.40677966101697,11.071184940002698,5.921022487958514,5.150162452044183
2462801.5,2463079.36440678,2030-10-27 00:00:00.000,2031-07-31 20:44:44.746,277.86440677966107,9.864755585724076,5.584261693171951,4.280493892552126
2462801.5,2463097.8220338984,2030-10-27 00:00:00.000,2031-08-19 07:43:43.729,296.3220338983051,9.24683052485584,5.467308388896586,3.7795221359592537
2462801.5,2463116.279661017,2030-10-27 00:00:00.000,2031-09-06 18:42:42.712,314.77966101694915,9.312612059914349,5.574786937226233,3.7378251226881134
2462801.5,2463134.737288136,2030-10-27 00:00:00.000,2031-09-25 05:41:41.695,333.23728813559325,10.113404623987476,5.932135364552907,4.181269259434569
2462801.5,2463153.194915254,2030-10-27 00:00:00.000,2031-10-13 16:40:40.678,351.69491525423734,11.655381615968158,6.59461262853968,5.060768987428479
2462801.5,2463171.6525423727,2030-10-27 00:00:00.000,2031-11-01 03:39:39.661,370.1525423728814,14.0119337147412,7.66437291857627,6.347560796164928
2462801.5,2463190.110169492,2030-10-27 00:00:00.000,2031-11-19 14:38:38.644,388.6101694915254,17.432775360612197,9.324601436326317,8.108173924285879
2462802.5,2463006.533898305,2030-10-28 00:00:00.000,2031-05-20 00:48:48.814,204.0338983050848,17.820905120106183,8.363738694869939,9.457166425236244
2462802.5,2463024.991525424,2030-10-28 00:00:00.000,2031-06-07 11:47:47.797,222.49152542372883,14.959257458572402,7.239476924205032,7.719780534367371
2462802.5,2463043.4491525423,2030-10-28 00:00:00.000,2031-06-25 22:46:46.780,240.9491525423729,12.703338525471676,6.419657998829641,6.283680526642035
2462802.5,2463061.906779661,2030-10-28 00:00:00.000,2031-07-14 09:45:45.763,259.40677966101697,10.979897781390513,5.857418314378063,5.122479467012449
2462802.5,2463080.36440678,2030-10-28 00:00:00.000,2031-08-01 20:44:44.746,277.86440677966107,9.784260422181674,5.525783493847639,4.258476928334035
2462802.5,2463098.8220338984,2030-10-28 00:00:00.000,2031-08-20 07:43:43.729,296.3220338983051,9.177808439149032,5.41302260884505,3.764785830303982
2462802.5,2463117.279661017,2030-10-28 00:00:00.000,2031-09-07 18:42:42.712,314.77966101694915,9.254483044780562,5.52363089170124,3.7308521530793226
2462802.5,2463135.737288136,2030-10-28 00:00:00.000,2031-09-26 05:41:41.695,333.23728813559325,10.062435136224142,5.882802439080586,4.179632697143555
2462802.5,2463154.194915254,2030-10-28 00:00:00.000,2031-10-14 16:40:40.678,351.69491525423734,11.60529766897422,6.545262508087205,5.060035160887015
2462802.5,2463172.6525423727,2030-10-28 00:00:00.000,2031-11-02 03:39:39.661,370.1525423728814,13.954469130501897,7.611926252535666,6.3425428779662285
2462802.5,2463191.110169492,2030-10-28 00:00:00.000,2031-11-20 14:38:38.644,388.6101694915254,17.35515493019539,9.263128595091413,8.092026335103979
2462803.5,2463007.533898305,2030-10-29 00:00:00.000,2031-05-21 00:48:48.814,204.0338983050848,17.694702772518696,8.278962184112652,9.415740588406043
2462803.5,2463025.991525424,2030-10-29 00:00:00.000,2031-06-08 11:47:47.797,222.49152542372883,14.84634986973846,7.163422908423008,7.682926961315452
2462803.5,2463044.4491525423,2030-10-29 00:00:00.000,2031-06-26 22:46:46.780,240.9491525423729,12.601815458792265,6.350702700340611,6.2511127584516535
2462803.5,2463062.906779661,2030-10-29 00:00:00.000,2031-07-15 09:45:45.763,259.40677966101697,10.889107577829837,5.794532100567438,5.094575477262397
2462803.5,2463081.36440678,2030-10-29 00:00:00.000,2031-08-02 20:44:44.746,277.86440677966107,9.704466225479608,5.468063623152441,4.236402602327167
2462803.5,2463099.8220338984,2030-10-29 00:00:00.000,2031-08-21 07:43:43.729,296.3220338983051,9.109716349641715,5.359522096997555,3.750194252644161
2462803.5,2463118.279661017,2030-10-29 00:00:00.000,2031-09-08 18:42:42.712,314.77966101694915,9.19747301600598,5.473277186155514,3.724195829850465
2462803.5,2463136.737288136,2030-10-29 00:00:00.000,2031-09-27 05:41:41.695,333.23728813559325,10.012686736532526,5.834287570183358,4.178399166349167
2462803.5,2463155.194915254,2030-10-29 00:00:00.000,2031-10-15 16:40:40.678,351.69491525423734,11.556496781264942,6.496757352465006,5.059739428799936
2462803.5,2463173.6525423727,2030-10-29 00:00:00.000,2031-11-03 03:39:39.661,370.1525423728814,13.898384195670252,7.560382210359918,6.338001985310336
2462803.5,2463192.110169492,2030-10-29 00:00:00.000,2031-11-21 14:38:38.644,388.6101694915254,17.279144828772353,9.202689720053725,8.07645510871863
2462804.5,2463008.533898305,2030-10-30 00:00:00.000,2031-05-22 00:48:48.814,204.0338983050848,17.56858167693554,8.194834349995451,9.373747326940087
2462804.5,2463026.991525424,2030-10-30 00:00:00.000,2031-06-09 11:47:47.797,222.49152542372883,14.73379001128691,7.088148699179541,7.645641312107369
2462804.5,2463045.4491525423,2030-10-30 00:00:00.000,2031-06-27 22:46:46.780,240.9491525423729,12.500800208904376,6.282585363475979,6.218214845428398
2462804.5,2463063.906779661,2030-10-30 00:00:00.000,2031-07-16 09:45:45.763,259.40677966101697,10.79899160520249,5.7325292479730265,5.066462357229463
2462804.5,2463082.36440678,2030-10-30 00:00:00.000,2031-08-03 20:44:44.746,277.86440677966107,9.625545824233544,5.41126165126976,4.214284172963784
2462804.5,2463100.8220338984,2030-10-30 00:00:00.000,2031-08-22 07:43:43.729,296.3220338983051,9.04272259777105,5.306962295789775,3.735760301981274
2462804.5,2463119.279661017,2030-10-30 00:00:00.000,2031-09-09 18:42:42.712,314.77966101694915,9.141743084955742,5.423879088899303,3.71786399605644
2462804.5,2463137.737288136,2030-10-30 00:00:00.000,2031-09-28 05:41:41.695,333.23728813559325,9.964313007063492,5.786743944081136,4.177569062982355
2462804.5,2463156.194915254,2030-10-30 00:00:00.000,2031-10-16 16:40:40.678,351.69491525423734,11.509128001079151,6.449252002454025,5.059875998625127
2462804.5,2463174.6525423727,2030-10-30 00:00:00.000,2031-11-04 03:39:39.661,370.1525423728814,13.84382559522715,7.509898117835403,6.333927477391747
2462804.5,2463193.110169492,2030-10-30 00:00:00.000,2031-11-22 14:38:38.644,388.6101694915254,17.204888660816724,9.143443986221886,8.061444674594838
2462805.5,2463009.533898305,2030-10-31 00:00:00.000,2031-05-23 00:48:48.814,204.0338983050848,17.44270215818557,8.111505143914505,9.331197014271064
2462805.5,2463027.991525424,2030-10-31 00:00:00.000,2031-06-10 11:47:47.797,222.49152542372883,14.621721479569455,7.013785230543413,7.607936249026042
2462805.5,2463046.4491525423,2030-10-31 00:00:00.000,2031-06-28 22:46:46.780,240.9491525423729,12.4004227392588,6.215423625867428,6.184999113391372
2462805.5,2463064.906779661,2030-10-31 00:00:00.000,2031-07-17 09:45:45.763,259.40677966101697,10.709671672787008,5.671518676034048,5.03815299675296
2462805.5,2463083.36440678,2030-10-31 00:00:00.000,2031-08-04 20:44:44.746,277.86440677966107,9.547615907545842,5.355480353559943,4.192135553985898
2462805.5,2463101.8220338984,2030-10-31 00:00:00.000,2031-08-23 07:43:43.729,296.3220338983051,8.976939009738304,5.2554421147378845,3.72149689500042
2462805.5,2463120.279661017,2030-10-31 00:00:00.000,2031-09-10 18:42:42.712,314.77966101694915,9.087397910307445,5.375534225047091,3.711863685260352
2462805.5,2463138.737288136,2030-10-31 00:00:00.000,2031-09-29 05:41:41.695,333.23728813559325,9.917411970262949,5.740270623657373,4.177141346605576
2462805.5,2463157.194915254,2030-10-31 00:00:00.000,2031-10-17 16:40:40.678,351.69491525423734,11.463286528712214,6.402849278486533,5.060437250225681
2462805.5,2463175.6525423727,2030-10-31 00:00:00.000,2031-11-05 03:39:39.661,370.1525423728814,13.790888485961704,7.460581919218969,6.330306566742736
2462805.5,2463194.110169492,2030-10-31 00:00:00.000,2031-11-23 14:38:38.644,388.6101694915254,17.132481357889944,9.085504383901856,8.04697697398809
2462806.5,2463010.533898305,2030-11-01 00:00:00.000,2031-05-24 00:48:48.814,204.0338983050848,17.317171226506964,8.02906890795902,9.288102318547946
2462806.5,2463028.991525424,2030-11-01 00:00:00.000,2031-06-11 11:47:47.797,222.49152542372883,14.510227974081776,6.940402133834343,7.569825840247434
2462806.5,2463047.4491525423,2030-11-01 00:00:00.000,2031-06-29 22:46:46.780,240.9491525423729,12.30075083678326,6.149271989398859,6.151478847384398
2462806.5,2463065.906779661,2030-11-01 00:00:00.000,2031-07-18 09:45:45.763,259.40677966101697,10.621206482882354,5.611545479053025,5.009661003829329
2462806.5,2463084.36440678,2030-11-01 00:00:00.000,2031-08-05 20:44:44.746,277.86440677966107,9.470729584814524,5.300758489220234,4.16997109559429
2462806.5,2463102.8220338984,2030-11-01 00:00:00.000,2031-08-24 07:43:43.729,296.3220338983051,8.912413485204414,5.20499661716175,3.707416868042664
2462806.5,2463121.279661017,2030-11-01 00:00:00.000,2031-09-11 18:42:42.712,314.77966101694915,9.034478052055556,5.328276857497071,3.706201194558484
2462806.5,2463139.737288136,2030-11-01 00:00:00.000,2031-09-30 05:41:41.695,333.23728813559325,9.872017851274006,5.69490405959652,4.177113791677485
2462806.5,2463158.194915254,2030-11-01 00:00:00.000,2031-10-18 16:40:40.678,351.69491525423734,11.419004484436016,6.357590361800102,5.061414122635913
2462806.5,2463176.6525423727,2030-11-01 00:00:00.000,2031-11-06 03:39:39.661,370.1525423728814,13.739605907940806,7.412481104409394,6.3271248035314125
2462806.5,2463195.110169492,2030-11-01 00:00:00.000,2031-11-24 14:38:38.644,388.6101694915254,17.061956914082042,9.028924892750688,8.033032021331355
2462807.5,2463011.533898305,2030-11-02 00:00:00.000,2031-05-25 00:48:48.814,204.0338983050848,17.192051147426966,7.947572925369345,9.24447822205762
2462807.5,2463029.991525424,2030-11-02 00:00:00.000,2031-06-12 11:47:47.797,222.49152542372883,14.399340152715316,6.868014901473435,7.531325251241881
2462807.5,2463048.4491525423,2030-11-02 00:00:00.000,2031-06-30 22:46:46.780,240.9491525423729,12.20179690536978,6.084128950724507,6.117667954645271
2462807.5,2463066.906779661,2030-11-02 00:00:00.000,2031-07-19 09:45:45.763,259.40677966101697,10.533598611230133,5.552598196938998,4.981000414291135
2462807.5,2463085.36440678,2030-11-02 00:00:00.000,2031-08-06 20:44:44.746,277.86440677966107,9.39488352350361,5.247078136301318,4.147805387202292
2462807.5,2463103.8220338984,2030-11-02 00:00:00.000,2031-08-25 07:43:43.729,296.3220338983051,8.849137139546267,5.155604213986152,3.6935329255601146
2462807.5,2463122.279661017,2030-11-02 00:00:00.000,2031-09-12 18:42:42.712,314.77966101694915,8.982966880566767,5.282084647863937,3.7008822327028295
2462807.5,2463140.737288136,2030-11-02 00:00:00.000,2031-10-01 05:41:41.695,333.23728813559325,9.828107425020429,5.650624087207035,4.177483337813392
2462807.5,2463159.194915254,2030-11-02 00:00:00.000,2031-10-19 16:40:40.678,351.69491525423734,11.3762563222269,6.313459700078192,5.062796622148708
2462807.5,2463177.6525423727,2030-11-02 00:00:00.000,2031-11-07 03:39:39.661,370.1525423728814,13.689952931333725,7.36558622178765,6.324366709546073
2462807.5,2463196.110169492,2030-11-02 00:00:00.000,2031-11-25 14:38:38.644,388.6101694915254,16.99329096621505,8.973702308919133,8.019588657295916
2462808.5,2463012.533898305,2030-11-03 00:00:00.000,2031-05-26 00:48:48.814,204.0338983050848,17.06737745542325,7.867035174158645,9.200342281264607
2462808.5,2463030.991525424,2030-11-03 00:00:00.000,2031-06-13 11:47:47.797,222.49152542372883,14.289051227627468,6.7966006920401885,7.492450535587278
2462808.5,2463049.4491525423,2030-11-03 00:00:00.000,2031-07-01 22:46:46.780,240.9491525423729,12.103533334870146,6.019952631199342,6.083580703670805
2462808.5,2463067.906779661,2030-11-03 00:00:00.000,2031-07-20 09:45:45.763,259.40677966101697,10.44680995397275,5.4946244872845815,4.952185466688167
2462808.5,2463086.36440678,2030-11-03 00:00:00.000,2031-08-07 20:44:44.746,277.86440677966107,9.32003348521673,5.194380369655966,4.125653115560764
2462808.5,2463104.8220338984,2030-11-03 00:00:00.000,2031-08-26 07:43:43.729,296.3220338983051,8.787059844724778,5.107202213512842,3.679857631211936
2462808.5,2463123.279661017,2030-11-03 00:00:00.000,2031-09-13 18:42:42.712,314.77966101694915,8.932805983207807,5.236893890549785,3.6959120926580233
2462808.5,2463141.737288136,2030-11-03 00:00:00.000,2031-10-02 05:41:41.695,333.23728813559325,9.785615081117568,5.6073686365385775,4.17824644457899
2462808.5,2463160.194915254,2030-11-03 00:00:00.000,2031-10-20 16:40:40.678,351.69491525423734,11.33497331071737,6.270398988854248,5.064574321863121
2462808.5,2463178.6525423727,2030-11-03 00:00:00.000,2031-11-08 03:39:39.661,370.1525423728814,13.641860338036995,7.319843937361992,6.322016400675004
2462808.5,2463197.110169492,2030-11-03 00:00:00.000,2031-11-26 14:38:38.644,388.6101694915254,16.92641348279479,8.919788184123366,8.006625298671423
2462809.5,2463013.533898305,2030-11-04 00:00:00.000,2031-05-27 00:48:48.814,204.0338983050848,16.943178989856825,7.787463776336109,9.155715213520716
2462809.5,2463031.991525424,2030-11-04 00:00:00.000,2031-06-14 11:47:47.797,222.49152542372883,14.179333690097817,6.726115128673743,7.453218561424072
2462809.5,2463050.4491525423,2030-11-04 00:00:00.000,2031-07-02 22:46:46.780,240.9491525423729,12.005908827629716,5.956677259036023,6.049231568593693
2462809.5,2463068.906779661,2030-11-04 00:00:00.000,2031-07-21 09:45:45.763,259.40677966101697,10.36077802678563,5.437547563117002,4.923230463668627
2462809.5,2463087.36440678,2030-11-04 00:00:00.000,2031-08-08 20:44:44.746,277.86440677966107,9.246110654388062,5.142581668466406,4.103528985921657
2462809.5,2463105.8220338984,2030-11-04 00:00:00.000,2031-08-27 07:43:43.729,296.3220338983051,8.726106576886954,5.059703148985603,3.66640342790135
2462809.5,2463124.279661017,2030-11-04 00:00:00.000,2031-09-14 18:42:42.712,314.77966101694915,8.883911498122199,5.192615689253722,3.691295808868478
2462809.5,2463142.737288136,2030-11-04 00:00:00.000,2031-10-03 05:41:41.695,333.23728813559325,9.744449070691722,5.5650496836083,4.179399387083422
2462809.5,2463161.194915254,2030-11-04 00:00:00.000,2031-10-21 16:40:40.678,351.69491525423734,11.295059595364098,6.228322826993374,5.066736768370723
2462809.5,2463179.6525423727,2030-11-04 00:00:00.000,2031-11-09 03:39:39.661,370.1525423728814,13.595230418512616,7.27517232569586,6.320058092816757
2462809.5,2463198.110169492,2030-11-04 00:00:00.000,2031-11-27 14:38:38.644,388.6101694915254,16.86122422913574,8.867103674708247,7.994120554427494
2462810.5,2463014.533898305,2030-11-05 00:00:00.000,2031-05-28 00:48:48.814,204.0338983050848,16.819495373842166,7.708873508953205,9.11062186488896
2462810.5,2463032.991525424,2030-11-05 00:00:00.000,2031-06-15 11:47:47.797,222.49152542372883,14.070152355080015,6.656505290002188,7.413647065077827
2462810.5,2463051.4491525423,2030-11-05 00:00:00.000,2031-07-03 22:46:46.780,240.9491525423729,11.908860904449377,5.894225736140818,6.0146351683085575
2462810.5,2463069.906779661,2030-11-05 00:00:00.000,2031-07-22 09:45:45.763,259.40677966101697,10.275428376638246,5.381278667461738,4.894149709176507
2462810.5,2463088.36440678,2030-11-05 00:00:00.000,2031-08-09 20:44:44.746,277.86440677966107,9.173034044231835,5.091586349906968,4.081447694324869
2462810.5,2463106.8220338984,2030-11-05 00:00:00.000,2031-08-28 07:43:43.729,296.3220338983051,8.66618984972483,5.013007177358676,3.653182672366153
2462810.5,2463125.279661017,2030-11-05 00:00:00.000,2031-09-15 18:42:42.712,314.77966101694915,8.836186606530637,5.149148324154201,3.687038282376436
2462810.5,2463143.737288136,2030-11-05 00:00:00.000,2031-10-04 05:41:41.695,333.23728813559325,9.704504070322564,5.523565596751651,4.180938473570913
2462810.5,2463162.194915254,2030-11-05 00:00:00.000,2031-10-22 16:40:40.678,351.69491525423734,11.256404832408656,6.187131058597909,5.069273773810748
2462810.5,2463180.6525423727,2030-11-05 00:00:00.000,2031-11-10 03:39:39.661,370.1525423728814,13.549949687128604,7.231473223457172,6.318476463671432
2462810.5,2463199.110169492,2030-11-05 00:00:00.000,2031-11-28 14:38:38.644,388.6101694915254,16.797605588205485,8.815551918105463,7.982053670100022
2462811.5,2463015.533898305,2030-11-06 00:00:00.000,2031-05-29 00:48:48.814,204.0338983050848,16.696391596361444,7.631298977341319,9.065092619020124
2462811.5,2463033.991525424,2030-11-06 00:00:00.000,2031-06-16 11:47:47.797,222.49152542372883,13.961473043575843,6.587718238736063,7.373754804839781
2462811.5,2463052.4491525423,2030-11-06 00:00:00.000,2031-07-04 22:46:46.780,240.9491525423729,11.812323933283754,5.832517660370678,5.979806272913074
2462811.5,2463070.906779661,2030-11-06 00:00:00.000,2031-07-23 09:45:45.763,259.40677966101697,10.190682484526196,5.325724986619865,4.864957497906332
2462811.5,2463089.36440678,2030-11-06 00:00:00.000,2031-08-10 20:44:44.746,277.86440677966107,9.100718376051455,5.0412944428307,4.059423933220758
2462811.5,2463107.8220338984,2030-11-06 00:00:00.000,2031-08-29 07:43:43.729,296.3220338983051,8.607217613334747,4.967009938310591,3.640207675024155
2462811.5,2463126.279661017,2030-11-06 00:00:00.000,2031-09-16 18:42:42.712,314.77966101694915,8.78952949853096,5.106385123017563,3.6831443755133977
2462811.5,2463144.737288136,2030-11-06 00:00:00.000,2031-10-05 05:41:41.695,333.23728813559325,9.665669254726737,5.482809057326553,4.182860197400185
2462811.5,2463163.194915254,2030-11-06 00:00:00.000,2031-10-23 16:40:40.678,351.69491525423734,11.21889240190678,6.1467167884977005,5.07217561340908
2462811.5,2463181.6525423727,2030-11-06 00:00:00.000,2031-11-11 03:39:39.661,370.1525423728814,13.505897282336354,7.188640387159548,6.317256895176807
2462811.5,2463200.110169492,2030-11-06 00:00:00.000,2031-11-29 14:38:38.644,388.6101694915254,16.73543120855829,8.765026381336938,7.97040482722135
2462812.5,2463016.533898305,2030-11-07 00:00:00.000,2031-05-30 00:48:48.814,204.0338983050848,16.57397191747703,7.554806566341891,9.019165351135142
2462812.5,2463034.991525424,2030-11-07 00:00:00.000,2031-06-17 11:47:47.797,222.49152542372883,13.853268601910994,6.519706808275911,7.333561793635082
2462812.5,2463053.4491525423,2030-11-07 00:00:00.000,2031-07-05 22:46:46.780,240.9491525423729,11.71623437332006,5.77147451902496,5.944759854295101
2462812.5,2463071.906779661,2030-11-07 00:00:00.000,2031-07-24 09:45:45.763,259.40677966101697,10.10646286174589,5.270794724278128,4.835668137467762
2462812.5,2463090.36440678,2030-11-07 00:00:00.000,2031-08-11 20:44:44.746,277.86440677966107,9.029079137693763,4.991606720702399,4.037472416991364
2462812.5,2463108.8220338984,2030-11-07 00:00:00.000,2031-08-30 07:43:43.729,296.3220338983051,8.549098312349976,4.921607571325207,3.627490741024769
2462812.5,2463127.279661017,2030-11-07 00:00:00.000,2031-09-17 18:42:42.712,314.77966101694915,8.743838471457483,5.0642194872256745,3.679618984231809
2462812.5,2463145.737288136,2030-11-07 00:00:00.000,2031-10-06 05:41:41.695,333.23728813559325,9.627833472496164,5.442672129261769,4.185161343234396
2462812.5,2463164.194915254,2030-11-07 00:00:00.000,2031-10-24 16:40:40.678,351.69491525423734,11.182404695596126,6.106971537945467,5.07543315765066
2462812.5,2463182.6525423727,2030-11-07 00:00:00.000,2031-11-12 03:39:39.661,370.1525423728814,13.462950414792902,7.146564781719206,6.316385633073695
2462812.5,2463201.110169492,2030-11-07 00:00:00.000,2031-11-30 14:38:38.644,388.6101694915254,16.674571674089727,8.715416333237062,7.9591553408526625
2462813.5,2463017.533898305,2030-11-08 00:00:00.000,2031-05-31 00:48:48.814,204.0338983050848,16.452395454522033,7.479507352949778,8.972888101572254
2462813.5,2463035.991525424,2030-11-08 00:00:00.000,2031-06-18 11:47:47.797,222.49152542372883,13.745523863775444,6.452434260484484,7.293089603290958
2462813.5,2463054.4491525423,2030-11-08 00:00:00.000,2031-07-06 22:46:46.780,240.9491525423729,11.62053480964515,5.71102364066741,5.90951116897774
2462813.5,2463072.906779661,2030-11-08 00:00:00.000,2031-07-25 09:45:45.763,259.40677966101697,10.02269690702706,5.216400914078264,4.806295992948798
2462813.5,2463091.36440678,2030-11-08 00:00:00.000,2031-08-12 20:44:44.746,277.86440677966107,8.958036384560213,4.942428464222893,4.015607920337319
2462813.5,2463109.8220338984,2030-11-08 00:00:00.000,2031-08-31 07:43:43.729,296.3220338983051,8.491744666322436,4.876700455518003,3.6150442108044336
2462813.5,2463128.279661017,2030-11-08 00:00:00.000,2031-09-18 18:42:42.712,314.77966101694915,8.699015726269586,5.022548632715145,3.6764670935544417
2462813.5,2463146.737288136,2030-11-08 00:00:00.000,2031-10-07 05:41:41.695,333.23728813559325,9.590889092852642,5.403050032702691,4.18783906014995
2462813.5,2463165.194915254,2030-11-08 00:00:00.000,2031-10-25 16:40:40.678,351.69491525423734,11.146827046648546,6.0677890887862524,5.079037957862295
2462813.5,2463183.6525423727,2030-11-08 00:00:00.000,2031-11-13 03:39:39.661,370.1525423728814,13.42098842332464,7.105138535748718,6.315849887575924
2462813.5,2463202.110169492,2030-11-08 00:00:00.000,2031-12-01 14:38:38.644,388.6101694915254,16.614898739085017,8.666610954648938,7.94828778443608
2462814.5,2463000.0762711866,2030-11-09 00:00:00.000,2031-05-13 13:49:49.831,185.5762711864407,19.8772734997467,8.834060373134022,11.04321312661268
2462814.5,2463018.533898305,2030-11-09 00:00:00.000,2031-06-01 00:48:48.814,204.0338983050848,16.331894986343897,7.405572252308344,8.926322734035555
2462814.5,2463036.991525424,2030-11-09 00:00:00.000,2031-06-19 11:47:47.797,222.49152542372883,13.638240038420662,6.385878296294047,7.252361742126616
2462814.5,2463055.4491525423,2030-11-09 00:00:00.000,2031-07-07 22:46:46.780,240.9491525423729,11.525177229458643,5.651101361367276,5.87407586809137
2462814.5,2463073.906779661,2030-11-09 00:00:00.000,2031-07-26 09:45:45.763,259.40677966101697,9.939319969269777,5.162464420356396,4.776855548913379
2462814.5,2463092.36440678,2030-11-09 00:00:00.000,2031-08-13 20:44:44.746,277.86440677966107,8.887517727606435,4.893672401855036,3.993845325751398
2462814.5,2463110.8220338984,2030-11-09 00:00:00.000,2031-09-01 07:43:43.729,296.3220338983051,8.435076623432357,4.832196124860741,3.602880498571616
2462814.5,2463129.279661017,2030-11-09 00:00:00.000,2031-09-19 18:42:42.712,314.77966101694915,8.654970328088956,4.981276510177032,3.6736938179119223
2462814.5,2463147.737288136,2030-11-09 00:00:00.000,2031-10-08 05:41:41.695,333.23728813559325,9.554735012308374,5.363844105269443,4.190890907038931
2462814.5,2463166.194915254,2030-11-09 00:00:00.000,2031-10-26 16:40:40.678,351.69491525423734,11.112050819043285,6.0290685253532645,5.08298229369002
2462814.5,2463184.6525423727,2030-11-09 00:00:00.000,2031-11-14 03:39:39.661,370.1525423728814,13.37989599004812,7.064258103669006,6.315637886379113
2462814.5,2463203.110169492,2030-11-09 00:00:00.000,2031-12-02 14:38:38.644,388.6101694915254,16.556288717031766,8.6185026609874,7.9377860560443665
2462815.5,2463001.0762711866,2030-11-10 00:00:00.000,2031-05-14 13:49:49.831,185.5762711864407,19.74308790409941,8.747520896262397,10.995567007837016
2462815.5,2463019.533898305,2030-11-10 00:00:00.000,2031-06-02 00:48:48.814,204.0338983050848,16.212800402423564,7.33325043552617,8.879549966897393
2462815.5,2463037.991525424,2030-11-10 00:00:00.000,2031-06-20 11:47:47.797,222.49152542372883,13.531438460694542,6.320034350585664,7.211404110108877
2462815.5,2463056.4491525423,2030-11-10 00:00:00.000,2031-07-08 22:46:46.780,240.9491525423729,11.430125450780649,5.591655320559783,5.838470130220864
2462815.5,2463074.906779661,2030-11-10 00:00:00.000,2031-07-27 09:45:45.763,259.40677966101697,9.856277530794546,5.1089160462525625,4.747361484541984
2462815.5,2463093.36440678,2030-11-10 00:00:00.000,2031-08-14 20:44:44.746,277.86440677966107,8.8174604287411,4.845260752050753,3.9721996766903462
2462815.5,2463111.8220338984,2030-11-10 00:00:00.000,2031-09-02 07:43:43.729,296.3220338983051,8.379023413545337,4.788011286476346,3.591012127068991
2462815.5,2463130.279661017,2030-11-10 00:00:00.000,2031-09-20 18:42:42.712,314.77966101694915,8.611620262433803,4.94031583506723,3.671304427366574
2462815.5,2463148.737288136,2030-11-10 00:00:00.000,2031-10-09 05:41:41.695,333.23728813559325,9.519278757658192,5.3249638835662365,4.194314874091956
2462815.5,2463167.194915254,2030-11-10 00:00:00.000,2031-10-27 16:40:40.678,351.69491525423734,11.077975597283183,5.990716408685215,5.087259188597968
2462815.5,2463185.6525423727,2030-11-10 00:00:00.000,2031-11-15 03:39:39.661,370.1525423728814,13.339565459950782,7.02382657188157,6.315738888069212
2462815.5,2463204.110169492,2030-11-10 00:00:00.000,2031-12-03 14:38:38.644,388.6101694915254,16.498624974692383,8.570989578679404,7.92763539601298
2462816.5,2463002.0762711866,2030-11-11 00:00:00.000,2031-05-15 13:49:49.831,185.5762711864407,19.620234220419896,8.667701041792048,10.95253317862785
2462816.5,2463020.533898305,2030-11-11 00:00:00.000,2031-06-03 00:48:48.814,204.0338983050848,16.095569140539528,7.262892789846132,8.832676350693395
2462816.5,2463038.991525424,2030-11-11 00:00:00.000,2031-06-21 11:47:47.797,222.49152542372883,13.425163881685837,6.254918344132772,7.170245537553065
2462816.5,2463057.4491525423,2030-11-11 00:00:00.000,2031-07-09 22:46:46.780,240.9491525423729,11.335356854630144,5.532646041883687,5.802710812746458
2462816.5,2463075.906779661,2030-11-11 00:00:00.000,2031-07-28 09:45:45.763,259.40677966101697,9.773526668234766,5.055697910683188,4.717828757551577
2462816.5,2463094.36440678,2030-11-11 00:00:00.000,2031-08-15 20:44:44.746,277.86440677966107,8.747812766334269,4.797126533120049,3.95068623321422
2462816.5,2463112.8220338984,2030-11-11 00:00:00.000,2031-09-03 07:43:43.729,296.3220338983051,8.323524865356696,4.744073107921551,3.579451757435145
2462816.5,2463131.279661017,2030-11-11 00:00:00.000,2031-09-21 18:42:42.712,314.77966101694915,8.568893749227001,4.8995893877636005,3.6693043614634018
2462816.5,2463149.737288136,2030-11-11 00:00:00.000,2031-10-10 05:41:41.695,333.23728813559325,9.484437839037948,5.286328454037731,4.198109385000217
2462816.5,2463168.194915254,2030-11-11 00:00:00.000,2031-10-28 16:40:40.678,351.69491525423734,11.044510616421864,5.952648216032745,5.091862400389117
2462816.5,2463186.6525423727,2030-11-11 00:00:00.000,2031-11-16 03:39:39.661,370.1525423728814,13.299898387116611,6.983755222175021,6.3161431649415904
2462816.5,2463205.110169492,2030-11-11 00:00:00.000,2031-12-04 14:38:38.644,388.6101694915254,16.441799633225465,8.52397726623024,7.917822366995226
2462817.5,2463021.533898305,2030-11-12 00:00:00.000,2031-06-04 00:48:48.814,204.0338983050848,15.980827180804964,7.1949831287129085,8.785844052092056
2462817.5,2463039.991525424,2030-11-12 00:00:00.000,2031-06-22 11:47:47.797,222.49152542372883,13.31948766664816,6.190569249011282,7.128918417636879
2462817.5,2463058.4491525423,2030-11-12 00:00:00.000,2031-07-10 22:46:46.780,240.9491525423729,11.240863742588154,5.474048123672514,5.766815618915641
2462817.5,2463076.906779661,2030-11-12 00:00:00.000,2031-07-29 09:45:45.763,259.40677966101697,9.691037111550386,5.0027644177486,4.688272693801785
2462817.5,2463095.36440678,2030-11-12 00:00:00.000,2031-08-16 20:44:44.746,277.86440677966107,8.678534992316848,4.749214464548032,3.929320527768817
2462817.5,2463113.8220338984,2030-11-12 00:00:00.000,2031-09-04 07:43:43.729,296.3220338983051,8.268532310777962,4.700320097395156,3.568212213382805
2462817.5,2463132.279661017,2030-11-12 00:00:00.000,2031-09-22 18:42:42.712,314.77966101694915,8.52673013989688,4.859030907730879,3.6676992321660022
2462817.5,2463150.737288136,2030-11-12 00:00:00.000,2031-10-11 05:41:41.695,333.23728813559325,9.45014068028567,5.247867396735676,4.202273283549995
2462817.5,2463169.194915254,2030-11-12 00:00:00.000,2031-10-29 16:40:40.678,351.69491525423734,11.01157576089463,5.914789368639027,5.096786392255604
2462817.5,2463187.6525423727,2030-11-12 00:00:00.000,2031-11-17 03:39:39.661,370.1525423728814,13.260806636742664,6.943964674375735,6.316841962366928
2462817.5,2463206.110169492,2030-11-12 00:00:00.000,2031-12-05 14:38:38.644,388.6101694915254,16.385714805632865,8.477380000333717,7.908334805299149
2462818.5,2463004.0762711866,2030-11-13 00:00:00.000,2031-05-17 13:49:49.831,185.5762711864407,19.25724797800323,8.442481895324908,10.814766082678323
2462818.5,2463022.533898305,2030-11-13 00:00:00.000,2031-06-05 00:48:48.814,204.0338983050848,15.869425377265852,7.130180624068808,8.739244753197044
2462818.5,2463040.991525424,2030-11-13 00:00:00.000,2031-06-23 11:47:47.797,222.49152542372883,13.214510897655574,6.1270514499578015,7.087459447697772
2462818.5,2463059.4491525423,2030-11-13 00:00:00.000,2031-07-11 22:46:46.780,240.9491525423729,11.146654255988846,5.415850976736523,5.7308032792523225
2462818.5,2463077.906779661,2030-11-13 00:00:00.000,2031-07-30 09:45:45.763,259.40677966101697,9.608791830682224,4.950082750196274,4.658709080485949
2462818.5,2463096.36440678,2030-11-13 00:00:00.000,2031-08-17 20:44:44.746,277.86440677966107,8.60959980913139,4.701481389752167,3.908118419379224
2462818.5,2463114.8220338984,2030-11-13 00:00:00.000,2031-09-05 07:43:43.729,296.3220338983051,8.21400900803146,4.656702509130664,3.5573064989007963
2462818.5,2463133.279661017,2030-11-13 00:00:00.000,2031-09-23 18:42:42.712,314.77966101694915,8.485080337425433,4.818585520885612,3.666494816539823
2462818.5,2463151.737288136,2030-11-13 00:00:00.000,2031-10-12 05:41:41.695,333.23728813559325,9.416327079836948,5.209521273158448,4.206805806678498
2462818.5,2463170.194915254,2030-11-13 00:00:00.000,2031-10-30 16:40:40.678,351.69491525423734,10.979102103412238,5.877075815870071,5.102026287542167
2462818.5,2463188.6525423727,2030-11-13 00:00:00.000,2031-11-18 03:39:39.661,370.1525423728814,13.222213036587366,6.9043855977465896,6.317827438840777
2462818.5,2463207.110169492,2030-11-13 00:00:00.000,2031-12-06 14:38:38.644,388.6101694915254,16.330283390795916,8.431121642142045,7.89916174865387
2462819.5,2463005.0762711866,2030-11-14 00:00:00.000,2031-05-18 13:49:49.831,185.5762711864407,19.133687218285825,8.361955123305943,10.771732094979882
2462819.5,2463023.533898305,2030-11-14 00:00:00.000,2031-06-06 00:48:48.814,204.0338983050848,15.762517939490184,7.069378253267478,8.693139686222706
2462819.5,2463041.991525424,2030-11-14 00:00:00.000,2031-06-24 11:47:47.797,222.49152542372883,13.1103669598135,6.064456463076585,7.045910496736916
2462819.5,2463060.4491525423,2030-11-14 00:00:00.000,2031-07-12 22:46:46.780,240.9491525423729,11.052752369298922,5.358058624655844,5.694693744643078
2462819.5,2463078.906779661,2030-11-14 00:00:00.000,2031-07-31 09:45:45.763,259.40677966101697,9.52678666125708,4.89763240147312,4.629154259783959
2462819.5,2463097.36440678,2030-11-14 00:00:00.000,2031-08-18 20:44:44.746,277.86440677966107,8.54099187968933,4.653895735606466,3.887096144082864
2462819.5,2463115.8220338984,2030-11-14 00:00:00.000,2031-09-06 07:43:43.729,296.3220338983051,8.15992959806955,4.613181789026771,3.546747809042779
2462819.5,2463134.279661017,2030-11-14 00:00:00.000,2031-09-24 18:42:42.712,314.77966101694915,8.443906254527583,4.778209213602804,3.6656970409247793
2462819.5,2463152.737288136,2030-11-14 00:00:00.000,2031-10-13 05:41:41.695,333.23728813559325,9.382947717051898,5.171241169447234,4.211706547604664
2462819.5,2463171.194915254,2030-11-14 00:00:00.000,2031-10-31 16:40:40.678,351.69491525423734,10.947031498849594,5.839453685651588,5.107577813198007
2462819.5,2463189.6525423727,2030-11-14 00:00:00.000,2031-11-19 03:39:39.661,370.1525423728814,13.184051094773526,6.864958502019038,6.3190925927544885
2462819.5,2463208.110169492,2030-11-14 00:00:00.000,2031-12-07 14:38:38.644,388.6101694915254,16.275428946385524,8.385135598941604,7.890293347443919
2462820.5,2463006.0762711866,2030-11-15 00:00:00.000,2031-05-19 13:49:49.831,185.5762711864407,18.99547501371729,8.27366653141372,10.72180848230357
2462820.5,2463024.533898305,2030-11-15 00:00:00.000,2031-06-07 00:48:48.814,204.0338983050848,15.661674048016788,7.013785067602885,8.647888980413903
2462820.5,2463042.991525424,2030-11-15 00:00:00.000,2031-06-25 11:47:47.797,222.49152542372883,13.007223472614132,6.002903853832955,7.004319618781178
2462820.5,2463061.4491525423,2030-11-15 00:00:00.000,2031-07-13 22:46:46.780,240.9491525423729,10.959196751478457,5.300688365320842,5.658508386157615
2462820.5,2463079.906779661,2030-11-15 00:00:00.000,2031-08-01 09:45:45.763,259.40677966101697,9.445028771892847,4.84540355369889,4.599625218193957
2462820.5,2463098.36440678,2030-11-15 00:00:00.000,2031-08-19 20:44:44.746,277.86440677966107,8.472706178553716,4.606435819495642,3.866270359058074
2462820.5,2463116.8220338984,2030-11-15 00:00:00.000,2031-09-07 07:43:43.729,296.3220338983051,8.106278398371156,4.56972886360196,3.536549534769196
2462820.5,2463135.279661017,2030-11-15 00:00:00.000,2031-09-25 18:42:42.712,314.77966101694915,8.403179097244276,4.737867135706796,3.66531196153748
2462820.5,2463153.737288136,2030-11-15 00:00:00.000,2031-10-14 05:41:41.695,333.23728813559325,9.349962461476403,5.132987044232756,4.21697541724365
2462820.5,2463172.194915254,2030-11-15 00:00:00.000,2031-11-01 16:40:40.678,351.69491525423734,10.915314950498814,5.801877707942066,5.113437242556747
2462820.5,2463190.6525423727,2030-11-15 00:00:00.000,2031-11-20 03:39:39.661,370.1525423728814,13.146263454667531,6.825632266077675,6.320631188589858
2462820.5,2463209.110169492,2030-11-15 00:00:00.000,2031-12-08 14:38:38.644,388.6101694915254,16.221084261051896,8.339363486872015,7.881720774179882
2462821.5,2463007.0762711866,2030-11-16 00:00:00.000,2031-05-20 13:49:49.831,185.5762711864407,18.85291286529893,8.183066618317701,10.669846246981228
2462821.5,2463025.533898305,2030-11-16 00:00:00.000,2031-06-08 00:48:48.814,204.0338983050848,15.569040793742271,6.965045365248208,8.603995428494063
2462821.5,2463043.991525424,2030-11-16 00:00:00.000,2031-06-26 11:47:47.797,222.49152542372883,12.90528432071946,5.942542081869596,6.962742238849865
2462821.5,2463062.4491525423,2030-11-16 00:00:00.000,2031-07-14 22:46:46.780,240.9491525423729,10.86603916698596,5.243768969463672,5.622270197522288
2462821.5,2463080.906779661,2030-11-16 00:00:00.000,2031-08-02 09:45:45.763,259.40677966101697,9.363534654578574,4.793394986952931,4.570139667625643
2462821.5,2463099.36440678,2030-11-16 00:00:00.000,2031-08-20 20:44:44.746,277.86440677966107,8.40474587057351,4.55908769143678,3.845658179136731
2462821.5,2463117.8220338984,2030-11-16 00:00:00.000,2031-09-08 07:43:43.729,296.3220338983051,8.053047212711304,4.526321948154267,3.5267252645570366
2462821.5,2463136.279661017,2030-11-16 00:00:00.000,2031-09-26 18:42:42.712,314.77966101694915,8.36287712929996,4.697531380730126,3.665345748569835
2462821.5,2463154.737288136,2030-11-16 00:00:00.000,2031-10-15 05:41:41.695,333.23728813559325,9.317338100793474,5.094725486252021,4.222612614541453
2462821.5,2463173.194915254,2030-11-16 00:00:00.000,2031-11-02 16:40:40.678,351.69491525423734,10.883910310661562,5.764308959719344,5.11960135094222
2462821.5,2463191.6525423727,2030-11-16 00:00:00.000,2031-11-21 03:39:39.661,370.1525423728814,13.108799583922972,6.786361885192071,6.322437698730901
2462821.5,2463210.110169492,2030-11-16 00:00:00.000,2031-12-09 14:38:38.644,388.6101694915254,16.16718904930655,8.293752898817802,7.873436150488748
2462822.5,2463008.0762711866,2030-11-17 00:00:00.000,2031-05-21 13:49:49.831,185.5762711864407,18.70801490723256,8.091241764612688,10.61677314261987
2462822.5,2463026.533898305,2030-11-17 00:00:00.000,2031-06-09 00:48:48.814,204.0338983050848,15.487586684961814,6.925415609521329,8.562171075440485
2462822.5,2463044.991525424,2030-11-17 00:00:00.000,2031-06-27 11:47:47.797,222.49152542372883,12.804793148303691,5.883550595980524,6.921242552323166
2462822.5,2463063.4491525423,2030-11-17 00:00:00.000,2031-07-15 22:46:46.780,240.9491525423729,10.773343665408236,5.187339663834023,5.586004001574213
2462822.5,2463081.906779661,2030-11-17 00:00:00.000,2031-08-03 09:45:45.763,259.40677966101697,9.282328886296122,4.741612767788412,4.54071611850771
2462822.5,2463100.36440678,2030-11-17 00:00:00.000,2031-08-21 20:44:44.746,277.86440677966107,8.337120964610216,4.511843757573404,3.825277207036813
2462822.5,2463118.8220338984,2030-11-17 00:00:00.000,2031-09-09 07:43:43.729,296.3220338983051,8.000233900296283,4.482945114328468,3.517288785967815
2462822.5,2463137.279661017,2030-11-17 00:00:00.000,2031-09-27 18:42:42.712,314.77966101694915,8.322984151773406,4.657179472924254,3.665804678849153
2462822.5,2463155.737288136,2030-11-17 00:00:00.000,2031-10-16 05:41:41.695,333.23728813559325,9.285046708031322,5.056428095671365,4.2286186123599565
2462822.5,2463174.194915254,2030-11-17 00:00:00.000,2031-11-03 16:40:40.678,351.69491525423734,10.85278051674064,5.726713124470688,5.126067392269952
2462822.5,2463192.6525423727,2030-11-17 00:00:00.000,2031-11-22 03:39:39.661,370.1525423728814,13.071613873753758,6.747106602795706,6.324507270958053
2462822.5,2463211.110169492,2030-11-17 00:00:00.000,2031-12-10 14:38:38.644,388.6101694915254,16.11368791393861,8.248255409658272,7.865432504280338
2462823.5,2463009.0762711866,2030-11-18 00:00:00.000,2031-05-22 13:49:49.831,185.5762711864407,18.561440483665177,7.998547894553105,10.56289258911207
2462823.5,2463027.533898305,2030-11-18 00:00:00.000,2031-06-10 00:48:48.814,204.0338983050848,15.421472364434742,6.898031566839553,8.523440797595189
2462823.5,2463045.991525424,2030-11-18 00:00:00.000,2031-06-28 11:47:47.797,222.49152542372883,12.70603944794889,5.826144251808476,6.879895196140414
2462823.5,2463064.4491525423,2030-11-18 00:00:00.000,2031-07-16 22:46:46.780,240.9491525423729,10.68118753952134,5.131450870898826,5.549736668622513
2462823.5,2463082.906779661,2030-11-18 00:00:00.000,2031-08-04 09:45:45.763,259.40677966101697,9.201444630261346,4.690070680342535,4.51137394991881
2462823.5,2463101.36440678,2030-11-18 00:00:00.000,2031-08-22 20:44:44.746,277.86440677966107,8.269848706246485,4.46470314545637,3.805145560790115
2462823.5,2463119.8220338984,2030-11-18 00:00:00.000,2031-09-10 07:43:43.729,296.3220338983051,7.947842670965381,4.439588582099348,3.5082540888660323
2462823.5,2463138.279661017,2030-11-18 00:00:00.000,2031-09-28 18:42:42.712,314.77966101694915,8.283489676889701,4.616794540170129,3.666695136719573
2462823.5,2463156.737288136,2030-11-18 00:00:00.000,2031-10-17 05:41:41.695,333.23728813559325,9.253065648158742,5.018071491197182,4.234994156961559
2462823.5,2463175.194915254,2030-11-18 00:00:00.000,2031-11-04 16:40:40.678,351.69491525423734,10.82189339113692,5.689060297240643,5.132833093896276
2462823.5,2463193.6525423727,2030-11-18 00:00:00.000,2031-11-23 03:39:39.661,370.1525423728814,13.034665208394935,6.707829489561285,6.326835718833651
2462823.5,2463212.110169492,2030-11-18 00:00:00.000,2031-12-11 14:38:38.644,388.6101694915254,16.06052966852376,8.202825913544334,7.8577037549794255
2462824.5,2463010.0762711866,2030-11-19 00:00:00.000,2031-05-23 13:49:49.831,185.5762711864407,18.41347207337906,7.905138868435475,10.508333204943586
2462824.5,2463028.533898305,2030-11-19 00:00:00.000,2031-06-11 00:48:48.814,204.0338983050848,15.376625136438388,6.887317714825231,8.489307421613155
2462824.5,2463046.991525424,2030-11-19 00:00:00.000,2031-06-29 11:47:47.797,222.49152542372883,12.609367814664196,5.770580547189452,6.838787267474743
2462824.5,2463065.4491525423,2030-11-19 00:00:00.000,2031-07-17 22:46:46.780,240.9491525423729,10.589664446975586,5.076167088388471,5.513497358587116
2462824.5,2463083.906779661,2030-11-19 00:00:00.000,2031-08-05 09:45:45.763,259.40677966101697,9.120926261274487,4.6387927770815125,4.482133484192974
2462824.5,2463102.36440678,2030-11-19 00:00:00.000,2031-08-23 20:44:44.746,277.86440677966107,8.202956091147424,4.417674189003262,3.7852819021441615
2462824.5,2463120.8220338984,2030-11-19 00:00:00.000,2031-09-11 07:43:43.729,296.3220338983051,7.8958864955834045,4.396251126210167,3.499635369373237
2462824.5,2463139.279661017,2030-11-19 00:00:00.000,2031-09-29 18:42:42.712,314.77966101694915,8.244391205874688,4.57636758862004,3.668023617254648
2462824.5,2463157.737288136,2030-11-19 00:00:00.000,2031-10-18 05:41:41.695,333.23728813559325,9.221379668312537,4.9796393970199855,4.24174027129255
2462824.5,2463176.194915254,2030-11-19 00:00:00.000,2031-11-05 16:40:40.678,351.69491525423734,10.791223493774744,5.651326836483765,5.13989665729098
2462824.5,2463194.6525423727,2030-11-19 00:00:00.000,2031-11-24 03:39:39.661,370.1525423728814,12.997918544370483,6.668499023585511,6.329419520784974
2462824.5,2463213.110169492,2030-11-19 00:00:00.000,2031-12-12 14:38:38.644,388.6101694915254,16.00766861400152,8.15742390263204,7.850244711369481
2462825.5,2463011.0762711866,2030-11-20 00:00:00.000,2031-05-24 13:49:49.831,185.5762711864407,18.26426215320194,7.811103287999368,10.453158865202576
2462825.5,2463029.533898305,2030-11-20 00:00:00.000,2031-06-12 00:48:48.814,204.0338983050848,15.36164826089172,6.8996260059078,8.46202225498392
2462825.5,2463047.991525424,2030-11-20 00:00:00.000,2031-06-30 11:47:47.797,222.49152542372883,12.515190912128356,5.717170128738603,6.798020783389752
2462825.5,2463066.4491525423,2030-11-20 00:00:00.000,2031-07-18 22:46:46.780,240.9491525423729,10.498890051669246,5.021572251222016,5.477317800447231
2462825.5,2463084.906779661,2030-11-20 00:00:00.000,2031-08-06 09:45:45.763,259.40677966101697,9.04083446892017,4.587818394896941,4.45301607402323
2462825.5,2463103.36440678,2030-11-20 00:00:00.000,2031-08-24 20:44:44.746,277.86440677966107,8.13648485543735,4.37077938671455,3.7657054687228007
2462825.5,2463121.8220338984,2030-11-20 00:00:00.000,2031-09-12 07:43:43.729,296.3220338983051,7.844391999884853,4.3529449692062725,3.4914470306785805
2462825.5,2463140.279661017,2030-11-20 00:00:00.000,2031-09-30 18:42:42.712,314.77966101694915,8.205699003373091,4.5359022821572825,3.669796721215808
2462825.5,2463158.737288136,2030-11-20 00:00:00.000,2031-10-19 05:41:41.695,333.23728813559325,9.189985499659528,4.941127253342131,4.248858246317396
2462825.5,2463177.194915254,2030-11-20 00:00:00.000,2031-11-06 16:40:40.678,351.69491525423734,10.760756497522127,5.613499752377971,5.147256745144156
2462825.5,2463195.6525423727,2030-11-20 00:00:00.000,2031-11-25 03:39:39.661,370.1525423728814,12.9613490141491,6.629093208490344,6.332255805658755
2462825.5,2463214.110169492,2030-11-20 00:00:00.000,2031-12-13 14:38:38.644,388.6101694915254,15.955068327580584,8.112017270322974,7.843051057257608
2462826.5,2463012.0762711866,2030-11-21 00:00:00.000,2031-05-25 13:49:49.831,185.5762711864407,18.11392204800549,7.716517042146367,10.397405005859127
2462826.5,2463030.533898305,2030-11-21 00:00:00.000,2031-06-13 00:48:48.814,204.0338983050848,15.389296454484583,6.944254256120117,8.445042198364467
2462826.5,2463048.991525424,2030-11-21 00:00:00.000,2031-07-01 11:47:47.797,222.49152542372883,12.424007027008722,5.666291328618384,6.757715698390338
2462826.5,2463067.4491525423,2030-11-21 00:00:00.000,2031-07-19 22:46:46.780,240.9491525423729,10.40901084145775,4.967778216209389,5.441232625248361
2462826.5,2463085.906779661,2030-11-21 00:00:00.000,2031-08-07 09:45:45.763,259.40677966101697,8.961254493524027,4.537210282333043,4.424044211190984
2462826.5,2463104.36440678,2030-11-21 00:00:00.000,2031-08-25 20:44:44.746,277.86440677966107,8.070499604849937,4.3240634934276,3.7464361114223377
2462826.5,2463122.8220338984,2030-11-21 00:00:00.000,2031-09-13 07:43:43.729,296.3220338983051,7.793407529831395,4.309703857270764,3.4837036725606314
2462826.5,2463141.279661017,2030-11-21 00:00:00.000,2031-10-01 18:42:42.712,314.77966101694915,8.167444107069878,4.495422982709031,3.6720211243608474
2462826.5,2463159.737288136,2030-11-21 00:00:00.000,2031-10-20 05:41:41.695,333.23728813559325,9.158899780773378,4.902550184736128,4.256349596037249
2462826.5,2463178.194915254,2030-11-21 00:00:00.000,2031-11-07 16:40:40.678,351.69491525423734,10.730496978968606,5.575584553547251,5.154912425421356
2462826.5,2463196.6525423727,2030-11-21 00:00:00.000,2031-11-26 03:39:39.661,370.1525423728814,12.924949531806034,6.589607240833312,6.335342290972721
2462826.5,2463215.110169492,2030-11-21 00:00:00.000,2031-12-14 14:38:38.644,388.6101694915254,15.902709024034497,8.066589737123783,7.836119286910713
2462826.5,2463233.5677966103,2030-11-21 00:00:00.000,2032-01-02 01:37:37.627,407.0677966101695,19.98501378110972,10.20838806130009,9.776625719809628
2462827.5,2463013.0762711866,2030-11-22 00:00:00.000,2031-05-26 13:49:49.831,185.5762711864407,17.962566141729607,7.621472981369796,10.34109316035981
2462827.5,2463031.533898305,2030-11-22 00:00:00.000,2031-06-14 00:48:48.814,204.0338983050848,15.478939935354006,7.035110373817441,8.443829561536566
2462827.5,2463049.991525424,2030-11-22 00:00:00.000,2031-07-02 11:47:47.797,222.49152542372883,12.336422353516769,5.618408726749072,6.718013626767694
2462827.5,2463068.4491525423,2030-11-22 00:00:00.000,2031-07-20 22:46:46.780,240.9491525423729,10.32021598365964,4.91493621172924,5.4052797719304015
2462827.5,2463086.906779661,2030-11-22 00:00:00.000,2031-08-08 09:45:45.763,259.40677966101697,8.882307339081393,4.487065672252667,4.395241666828725
2462827.5,2463105.36440678,2030-11-22 00:00:00.000,2031-08-26 20:44:44.746,277.86440677966107,8.005098933655743,4.277604597706661,3.7274943359490815
2462827.5,2463123.8220338984,2030-11-22 00:00:00.000,2031-09-14 07:43:43.729,296.3220338983051,7.743014290878193,4.2665942360338285,3.476420054844364
2462827.5,2463142.279661017,2030-11-22 00:00:00.000,2031-10-02 18:42:42.712,314.77966101694915,8.12968957939275,4.454986085880195,3.674703493512555
2462827.5,2463160.737288136,2030-11-22 00:00:00.000,2031-10-21 05:41:41.695,333.23728813559325,9.128170461051166,4.863954522198689,4.264215938852476
2462827.5,2463179.194915254,2030-11-22 00:00:00.000,2031-11-08 16:40:40.678,351.69491525423734,10.700479966724975,5.537616939261158,5.16286302746382
2462827.5,2463197.6525423727,2030-11-22 00:00:00.000,2031-11-27 03:39:39.661,370.1525423728814,12.888742443374856,6.550065321355382,6.338677122019472
2462827.5,2463216.110169492,2030-11-22 00:00:00.000,2031-12-15 14:38:38.644,388.6101694915254,15.85059924039519,8.021152709450137,7.829446530945055
2462827.5,2463234.5677966103,2030-11-22 00:00:00.000,2032-01-03 01:37:37.627,407.0677966101695,19.900337138280207,10.148473986443047,9.751863151837158
2462828.5,2463014.0762711866,2030-11-23 00:00:00.000,2031-05-27 13:49:49.831,185.5762711864407,17.81033921487212,7.526101483533248,10.284237731338871
2462828.5,2463032.533898305,2030-11-23 00:00:00.000,2031-06-15 00:48:48.814,204.0338983050848,15.66082012716818,7.193511920703055,8.467308206465123
2462828.5,2463050.991525424,2030-11-23 00:00:00.000,2031-07-03 11:47:47.797,222.49152542372883,12.253175414248949,5.5740929676370365,6.679082446611912
2462828.5,2463069.4491525423,2030-11-23 00:00:00.000,2031-07-21 22:46:46.780,240.9491525423729,10.232749239514462,4.863248259119838,5.3695009803946245
2462828.5,2463087.906779661,2030-11-23 00:00:00.000,2031-08-09 09:45:45.763,259.40677966101697,8.804160946211518,4.437527278593199,4.366633667618319
2462828.5,2463106.36440678,2030-11-23 00:00:00.000,2031-08-27 20:44:44.746,277.86440677966107,7.940426518100343,4.2315251768268345,3.708901341273509
2462828.5,2463124.8220338984,2030-11-23 00:00:00.000,2031-09-15 07:43:43.729,296.3220338983051,7.693337608200684,4.223726594605552,3.469611013595132
2462828.5,2463143.279661017,2030-11-23 00:00:00.000,2031-10-03 18:42:42.712,314.77966101694915,8.092542180823068,4.414691865226841,3.677850315596228
2462828.5,2463161.737288136,2030-11-23 00:00:00.000,2031-10-22 05:41:41.695,333.23728813559325,9.09788906138471,4.825430299754604,4.272458761630105
2462828.5,2463180.194915254,2030-11-23 00:00:00.000,2031-11-09 16:40:40.678,351.69491525423734,10.670783873188416,5.499676015260231,5.171107857928185
2462828.5,2463198.6525423727,2030-11-23 00:00:00.000,2031-11-28 03:39:39.661,370.1525423728814,12.85279313324651,6.510534582554315,6.342258550692197
2462828.5,2463217.110169492,2030-11-23 00:00:00.000,2031-12-16 14:38:38.644,388.6101694915254,15.79879006855035,7.975759867719361,7.823030200830988
2462828.5,2463235.5677966103,2030-11-23 00:00:00.000,2032-01-04 01:37:37.627,407.0677966101695,19.816239421544843,10.08875343808118,9.727485983463664
2462829.5,2463015.0762711866,2030-11-24 00:00:00.000,2031-05-28 13:49:49.831,185.5762711864407,17.657430401537443,7.430580796763667,10.226849604773776
2462829.5,2463033.533898305,2030-11-24 00:00:00.000,2031-06-16 00:48:48.814,204.0338983050848,15.983706409975962,7.453068904047341,8.530637505928622
2462829.5,2463051.991525424,2030-11-24 00:00:00.000,2031-07-04 11:47:47.797,222.49152542372883,12.175157713262577,5.534035727053033,6.641121986209541
2462829.5,2463070.4491525423,2030-11-24 00:00:00.000,2031-07-22 22:46:46.780,240.9491525423729,10.146914498065414,4.812972133103259,5.333942364962154
2462829.5,2463088.906779661,2030-11-24 00:00:00.000,2031-08-10 09:45:45.763,259.40677966101697,8.727034841481135,4.38878774625919,4.338247095221945
2462829.5,2463107.36440678,2030-11-24 00:00:00.000,2031-08-28 20:44:44.746,277.86440677966107,7.876675691451119,4.185996653089244,3.6906790383618735
2462829.5,2463125.8220338984,2030-11-24 00:00:00.000,2031-09-16 07:43:43.729,296.3220338983051,7.644551837332521,4.181260527157624,3.4632913101748977
2462829.5,2463144.279661017,2030-11-24 00:00:00.000,2031-10-04 18:42:42.712,314.77966101694915,8.056158049841681,4.374690431788288,3.681467618053393
2462829.5,2463162.737288136,2030-11-24 00:00:00.000,2031-10-23 05:41:41.695,333.23728813559325,9.06819746728334,4.787118424411032,4.281079042872309
2462829.5,2463181.194915254,2030-11-24 00:00:00.000,2031-11-10 16:40:40.678,351.69491525423734,10.641538611921687,5.461892862826802,5.179645749094886
2462829.5,2463199.6525423727,2030-11-24 00:00:00.000,2031-11-29 03:39:39.661,370.1525423728814,12.817219554112253,6.471135133834476,6.346084420277776
2462829.5,2463218.110169492,2030-11-24 00:00:00.000,2031-12-17 14:38:38.644,388.6101694915254,15.747386107733258,7.930518698920258,7.816867408813
2462829.5,2463236.5677966103,2030-11-24 00:00:00.000,2032-01-05 01:37:37.627,407.0677966101695,19.732807760473083,10.029318254567247,9.703489505905836
2462830.5,2463016.0762711866,2030-11-25 00:00:00.000,2031-05-29 13:49:49.831,185.5762711864407,17.504069936213423,7.335131635460239,10.168938300753185
2462830.5,2463034.533898305,2030-11-25 00:00:00.000,2031-06-17 00:48:48.814,204.0338983050848,16.529383563381586,7.868606067698942,8.660777495682645
2462830.5,2463052.991525424,2030-11-25 00:00:00.000,2031-07-05 11:47:47.797,222.49152542372883,12.103424260154956,5.49905324005482,6.604371020100136
2462830.5,2463071.4491525423,2030-11-25 00:00:00.000,2031-07-23 22:46:46.780,240.9491525423729,10.063067832542371,4.764412805178689,5.298655027363684
2462830.5,2463089.906779661,2030-11-25 00:00:00.000,2031-08-11 09:45:45.763,259.40677966101697,8.651191140671514,4.341080468785993,4.31011067188552
2462830.5,2463108.36440678,2030-11-25 00:00:00.000,2031-08-29 20:44:44.746,277.86440677966107,7.814080353301698,4.14123032767421,3.672850025627489
2462830.5,2463126.8220338984,2030-11-25 00:00:00.000,2031-09-17 07:43:43.729,296.3220338983051,7.596871702196382,4.139396292610179,3.457475409586203
2462830.5,2463145.279661017,2030-11-25 00:00:00.000,2031-10-05 18:42:42.712,314.77966101694915,8.02073502450097,4.335174426814275,3.685560597686695
2462830.5,2463163.737288136,2030-11-25 00:00:00.000,2031-10-24 05:41:41.695,333.23728813559325,9.039281692916855,4.749204926224169,4.290076766692687
2462830.5,2463182.194915254,2030-11-25 00:00:00.000,2031-11-11 16:40:40.678,351.69491525423734,10.61292111869821,5.424446639390925,5.188474479307287
2462830.5,2463200.6525423727,2030-11-25 00:00:00.000,2031-11-30 03:39:39.661,370.1525423728814,12.782189684180958,6.432038184784774,6.350151499396184
2462830.5,2463219.110169492,2030-11-25 00:00:00.000,2031-12-18 14:38:38.644,388.6101694915254,15.69654495017327,7.8855907437953885,7.81095420637788
2462830.5,2463237.5677966103,2030-11-25 00:00:00.000,2032-01-06 01:37:37.627,407.0677966101695,19.650185263812784,9.970317232258978,9.679868031553806
2462831.5,2463017.0762711866,2030-11-26 00:00:00.000,2031-05-30 13:49:49.831,185.5762711864407,17.350506993179216,7.239993703709766,10.110513289469448
2462831.5,2463035.533898305,2030-11-26 00:00:00.000,2031-06-18 00:48:48.814,204.0338983050848,17.441815510170397,8.533483408194902,8.908332101975494
2462831.5,2463053.991525424,2030-11-26 00:00:00.000,2031-07-06 11:47:47.797,222.49152542372883,12.039192426466276,5.470076566472773,6.569115859993502
2462831.5,2463072.4491525423,2030-11-26 00:00:00.000,2031-07-24 22:46:46.780,240.9491525423729,9.98159356474033,4.717897922928936,5.2636956418113945
2462831.5,2463090.906779661,2030-11-26 00:00:00.000,2031-08-12 09:45:45.763,259.40677966101697,8.576909400235442,4.294654321099101,4.282255079136341
2462831.5,2463109.36440678,2030-11-26 00:00:00.000,2031-08-30 20:44:44.746,277.86440677966107,7.7528896712868125,4.097452169816031,3.655437501470781
2462831.5,2463127.8220338984,2030-11-26 00:00:00.000,2031-09-18 07:43:43.729,296.3220338983051,7.550527339588338,4.098350125590749,3.4521772139975884
2462831.5,2463146.279661017,2030-11-26 00:00:00.000,2031-10-06 18:42:42.712,314.77966101694915,7.98648853018307,4.296355302289204,3.6901332278938654
2462831.5,2463164.737288136,2030-11-26 00:00:00.000,2031-10-25 05:41:41.695,333.23728813559325,9.011349030461874,4.711898600473464,4.29945042998841
2462831.5,2463183.194915254,2030-11-26 00:00:00.000,2031-11-12 16:40:40.678,351.69491525423734,10.585134078814573,5.387543888594747,5.197590190219825
2462831.5,2463201.6525423727,2030-11-26 00:00:00.000,2031-12-01 03:39:39.661,370.1525423728814,12.747902054283552,6.393447247424293,6.354454806859262
2462831.5,2463220.110169492,2030-11-26 00:00:00.000,2031-12-19 14:38:38.644,388.6101694915254,15.646459665453412,7.84117486702084,7.805284798432574
2462831.5,2463238.5677966103,2030-11-26 00:00:00.000,2032-01-07 01:37:37.627,407.0677966101695,19.568555610511527,9.911941647107588,9.65661396340394
2462832.5,2463018.0762711866,2030-11-27 00:00:00.000,2031-05-31 13:49:49.831,185.5762711864407,17.196974554420528,7.145389860449653,10.051584693970876
2462832.5,2463036.533898305,2030-11-27 00:00:00.000,2031-06-19 00:48:48.814,204.0338983050848,18.99046779382237,9.61597608324713,9.374491710575242
2462832.5,2463054.991525424,2030-11-27 00:00:00.000,2031-07-07 11:47:47.797,222.49152542372883,11.983836128822652,5.44813517918938,6.535700949633274
2462832.5,2463073.4491525423,2030-11-27 00:00:00.000,2031-07-25 22:46:46.780,240.9491525423729,9.902870108529632,4.67374315861082,5.229126949918813
2462832.5,2463091.906779661,2030-11-27 00:00:00.000,2031-08-13 09:45:45.763,259.40677966101697,8.504451128434354,4.249738163071083,4.254712965363272
2462832.5,2463110.36440678,2030-11-27 00:00:00.000,2031-08-31 20:44:44.746,277.86440677966107,7.693332360052752,4.054867247763283,3.63846511228947
2462832.5,2463128.8220338984,2030-11-27 00:00:00.000,2031-09-19 07:43:43.729,296.3220338983051,7.505728635484796,4.058318829788059,3.4474098056967373
2462832.5,2463147.279661017,2030-11-27 00:00:00.000,2031-10-07 18:42:42.712,314.77966101694915,7.953616210607581,4.258428260335495,3.695187950272087
2462832.5,2463165.737288136,2030-11-27 00:00:00.000,2031-10-26 05:41:41.695,333.23728813559325,8.984593162574484,4.6753964751436,4.309196687430884
2462832.5,2463184.194915254,2030-11-27 00:00:00.000,2031-11-13 16:40:40.678,351.69491525423734,10.558371699842828,5.351384724894715,5.20698697494811
2462832.5,2463202.6525423727,2030-11-27 00:00:00.000,2031-12-02 03:39:39.661,370.1525423728814,12.71455235663727,6.355565228577475,6.3589871280597965
2462832.5,2463221.110169492,2030-11-27 00:00:00.000,2031-12-20 14:38:38.644,388.6101694915254,15.597326408873386,7.797475446595271,7.799850962278113
2462832.5,2463239.5677966103,2030-11-27 00:00:00.000,2032-01-08 01:37:37.627,407.0677966101695,19.48811181830611,9.854394742787605,9.633717075518506
2462833.5,2463019.0762711866,2030-11-28 00:00:00.000,2031-06-01 13:49:49.831,185.5762711864407,17.04365427900195,7.051490790573802,9.992163488428147
2462833.5,2463055.991525424,2030-11-28 00:00:00.000,2031-07-08 11:47:47.797,222.49152542372883,11.938889278291557,5.434347198378667,6.504542079912889
2462833.5,2463074.4491525423,2030-11-28 00:00:00.000,2031-07-26 22:46:46.780,240.9491525423729,9.82723807925348,4.632219931348602,5.195018147904879
2462833.5,2463092.906779661,2030-11-28 00:00:00.000,2031-08-14 09:45:45.763,259.40677966101697,8.434026496438136,4.2065076622721,4.2275188341660375
2462833.5,2463111.36440678,2030-11-28 00:00:00.000,2031-09-01 20:44:44.746,277.86440677966107,7.635583088793073,4.013626329569254,3.6219567592238193
2462833.5,2463129.8220338984,2030-11-28 00:00:00.000,2031-09-20 07:43:43.729,296.3220338983051,7.462631316904197,4.0194460550888405,3.443185261815356
2462833.5,2463148.279661017,2030-11-28 00:00:00.000,2031-10-08 18:42:42.712,314.77966101694915,7.922263560049133,4.221538013780703,3.700725546268431
2462833.5,2463166.737288136,2030-11-28 00:00:00.000,2031-10-27 05:41:41.695,333.23728813559325,8.959159175598238,4.639848920266176,4.319310255332061
2462833.5,2463185.194915254,2030-11-28 00:00:00.000,2031-11-14 16:40:40.678,351.69491525423734,10.53278404853424,5.316127267895872,5.216656780638368
2462833.5,2463203.6525423727,2030-11-28 00:00:00.000,2031-12-03 03:39:39.661,370.1525423728814,12.682297152758562,6.318558262255506,6.363738890503055
2462833.5,2463222.110169492,2030-11-28 00:00:00.000,2031-12-21 14:38:38.644,388.6101694915254,15.549307597623844,7.75466572900709,7.794641868616754
2462833.5,2463240.5677966103,2030-11-28 00:00:00.000,2032-01-09 01:37:37.627,407.0677966101695,19.40901898415246,9.797854742660618,9.61116424149184
2462834.5,2463020.0762711866,2030-11-29 00:00:00.000,2031-06-02 13:49:49.831,185.5762711864407,16.89065501401114,6.958393692934826,9.932261321076314
2462834.5,2463056.991525424,2030-11-29 00:00:00.000,2031-07-09 11:47:47.797,222.49152542372883,11.906072739583518,5.429929618146773,6.4761431214367455
2462834.5,2463075.4491525423,2030-11-29 00:00:00.000,2031-07-27 22:46:46.780,240.9491525423729,9.754983201852912,4.593537988985574,5.161445212867339
2462834.5,2463093.906779661,2030-11-29 00:00:00.000,2031-08-15 09:45:45.763,259.40677966101697,8.365775821130914,4.165066969830185,4.200708851300729
2462834.5,2463112.36440678,2030-11-29 00:00:00.000,2031-09-02 20:44:44.746,277.86440677966107,7.579743647378813,3.9738072431583458,3.605936404220468
2462834.5,2463130.8220338984,2030-11-29 00:00:00.000,2031-09-21 07:43:43.729,296.3220338983051,7.421317535320592,3.981802953593769,3.439514581726824
2462834.5,2463149.279661017,2030-11-29 00:00:00.000,2031-10-09 18:42:42.712,314.77966101694915,7.892503455319789,4.185758230282498,3.7067452250372903
2462834.5,2463167.737288136,2030-11-29 00:00:00.000,2031-10-28 05:41:41.695,333.23728813559325,8.935121575306953,4.605337467550499,4.329784107756454
2462834.5,2463186.194915254,2030-11-29 00:00:00.000,2031-11-15 16:40:40.678,351.69491525423734,10.508453262951551,5.281863601111138,5.226589661840415
2462834.5,2463204.6525423727,2030-11-29 00:00:00.000,2031-12-04 03:39:39.661,370.1525423728814,12.651228173837154,6.282529729934516,6.368698443902638
2462834.5,2463223.110169492,2030-11-29 00:00:00.000,2031-12-22 14:38:38.644,388.6101694915254,15.502504285706417,7.712859919757515,7.7896443659489
2462834.5,2463241.5677966103,2030-11-29 00:00:00.000,2032-01-10 01:37:37.627,407.0677966101695,19.331384717448604,9.742445019278648,9.588939698169956
2462835.5,2463021.0762711866,2030-11-30 00:00:00.000,2031-06-03 13:49:49.831,185.5762711864407,16.738011660801153,6.866121524694521,9.871890136106632
2462835.5,2463057.991525424,2030-11-30 00:00:00.000,2031-07-10 11:47:47.797,222.49152542372883,11.88735229920166,5.43623479280093,6.4511175064007285
2462835.5,2463076.4491525423,2030-11-30 00:00:00.000,2031-07-28 22:46:46.780,240.9491525423729,9.68633937304589,4.5578481097972725,5.128491263248617
2462835.5,2463094.906779661,2030-11-30 00:00:00.000,2031-08-16 09:45:45.763,259.40677966101697,8.29977117010377,4.125450532607391,4.17432063749638
2462835.5,2463113.36440678,2030-11-30 00:00:00.000,2031-09-03 20:44:44.746,277.86440677966107,7.52584429867357,3.9354163839460488,3.590427914727521
2462835.5,2463131.8220338984,2030-11-30 00:00:00.000,2031-09-22 07:43:43.729,296.3220338983051,7.381796620366178,3.945388893565887,3.4364077268002915
2462835.5,2463150.279661017,2030-11-30 00:00:00.000,2031-10-10 18:42:42.712,314.77966101694915,7.864335723957765,4.151090838588446,3.71324488536932
2462835.5,2463168.737288136,2030-11-30 00:00:00.000,2031-10-29 05:41:41.695,333.23728813559325,8.912482078708464,4.571872186538399,4.340609892170066
2462835.5,2463187.194915254,2030-11-30 00:00:00.000,2031-11-16 16:40:40.678,351.69491525423734,10.485389161603829,5.248614868131417,5.23677429347241
2462835.5,2463205.6525423727,2030-11-30 00:00:00.000,2031-12-05 03:39:39.661,370.1525423728814,12.621365528744697,6.247512885895718,6.373852642848977
2462835.5,2463224.110169492,2030-11-30 00:00:00.000,2031-12-23 14:38:38.644,388.6101694915254,15.45694685485118,7.672103234296913,7.784843620554267
2462835.5,2463242.5677966103,2030-11-30 00:00:00.000,2032-01-11 01:37:37.627,407.0677966101695,19.25524719398088,9.68822145787196,9.567025736108915
2462836.5,2463022.0762711866,2030-12-01 00:00:00.000,2031-06-04 13:49:49.831,185.5762711864407,16.585701017394463,6.774639247033414,9.811061770361048
2462836.5,2463058.991525424,2030-12-01 00:00:00.000,2031-07-11 11:47:47.797,222.49152542372883,11.885026287379588,5.454810203987105,6.430216083392483
2462836.5,2463077.4491525423,2030-12-01 00:00:00.000,2031-07-29 22:46:46.780,240.9491525423729,9.621507591467012,4.525260536420023,5.096247055046989
2462836.5,2463095.906779661,2030-12-01 00:00:00.000,2031-08-17 09:45:45.763,259.40677966101697,8.236033738577117,4.087640627261183,4.148393111315934
2462836.5,2463114.36440678,2030-12-01 00:00:00.000,2031-09-04 20:44:44.746,277.86440677966107,7.47386101020124,3.898406042621624,3.575454967579616
2462836.5,2463132.8220338984,2030-12-01 00:00:00.000,2031-09-23 07:43:43.729,296.3220338983051,7.344021937555896,3.9101482029946095,3.4338737345612858
2462836.5,2463151.279661017,2030-12-01 00:00:00.000,2031-10-11 18:42:42.712,314.77966101694915,7.8377031571836575,4.117481700802207,3.7202214563814495
2462836.5,2463169.737288136,2030-12-01 00:00:00.000,2031-10-30 05:41:41.695,333.23728813559325,8.891184278810954,4.539405852056656,4.351778426754297
2462836.5,2463188.194915254,2030-12-01 00:00:00.000,2031-11-17 16:40:40.678,351.69491525423734,10.463542186415545,5.216343611007843,5.2471985754077
2462836.5,2463206.6525423727,2030-12-01 00:00:00.000,2031-12-06 03:39:39.661,370.1525423728814,12.592668686467304,6.213481146725873,6.379187539741431
2462836.5,2463225.110169492,2030-12-01 00:00:00.000,2031-12-24 14:38:38.644,388.6101694915254,15.41260387348872,7.632379977084345,7.780223896404375
2462836.5,2463243.5677966103,2030-12-01 00:00:00.000,2032-01-12 01:37:37.627,407.0677966101695,19.18058172506725,9.635178149097705,9.545403575969546
2462837.5,2463023.0762711866,2030-12-02 00:00:00.000,2031-06-05 13:49:49.831,185.5762711864407,16.433664518872224,6.683876873899659,9.749787644972566
2462837.5,2463059.991525424,2030-12-02 00:00:00.000,2031-07-12 11:47:47.797,222.49152542372883,11.901836946218186,5.487473478005933,6.414363468212252
2462837.5,2463078.4491525423,2030-12-02 00:00:00.000,2031-07-30 22:46:46.780,240.9491525423729,9.560680673359652,4.495868991143685,5.064811682215968
2462837.5,2463096.906779661,2030-12-02 00:00:00.000,2031-08-18 09:45:45.763,259.40677966101697,8.174556806766574,4.051590390620659,4.122966416145915
2462837.5,2463115.36440678,2030-12-02 00:00:00.000,2031-09-05 20:44:44.746,277.86440677966107,7.423738349787751,3.862697341016468,3.5610410087712827
2462837.5,2463133.8220338984,2030-12-02 00:00:00.000,2031-09-24 07:43:43.729,296.3220338983051,7.30791371938145,3.875992863987201,3.4319208553942486
2462837.5,2463152.279661017,2030-12-02 00:00:00.000,2031-10-12 18:42:42.712,314.77966101694915,7.812514052777619,4.084842833156072,3.727671219621547
2462837.5,2463170.737288136,2030-12-02 00:00:00.000,2031-10-31 05:41:41.695,333.23728813559325,8.871135613527454,4.507855465637748,4.363280147889706
2462837.5,2463189.194915254,2030-12-02 00:00:00.000,2031-11-18 16:40:40.678,351.69491525423734,10.44282456485395,5.184974394397085,5.257850170456866
2462837.5,2463207.6525423727,2030-12-02 00:00:00.000,2031-12-07 03:39:39.661,370.1525423728814,12.56505665592359,6.180367651202118,6.384689004721471
2462837.5,2463226.110169492,2030-12-02 00:00:00.000,2031-12-25 14:38:38.644,388.6101694915254,15.369401152257222,7.5936318883634755,7.775769263893746
2462837.5,2463244.5677966103,2030-12-02 00:00:00.000,2032-01-13 01:37:37.627,407.0677966101695,19.10731854587885,9.58326436073076,9.524054185148092
2462838.5,2463005.618644068,2030-12-03 00:00:00.000,2031-05-19 02:50:50.847,167.11864406779662,19.94811743658106,8.06043575073356,11.8876816858475
2462838.5,2463024.0762711866,2030-12-03 00:00:00.000,2031-06-06 13:49:49.831,185.5762711864407,16.281828008025066,6.593749416763733,9.688078591261332
2462838.5,2463060.991525424,2030-12-03 00:00:00.000,2031-07-13 11:47:47.797,222.49152542372883,11.941102274700574,5.536396556683648,6.404705718016927
2462838.5,2463079.4491525423,2030-12-03 00:00:00.000,2031-07-31 22:46:46.780,240.9491525423729,9.504064603759222,4.469771100303009,5.034293503456213
2462838.5,2463097.906779661,2030-12-03 00:00:00.000,2031-08-19 09:45:45.763,259.40677966101697,8.115325017726121,4.0172430881429,4.098081929583222
2462838.5,2463116.36440678,2030-12-03 00:00:00.000,2031-09-06 20:44:44.746,277.86440677966107,7.375408711268563,3.828199460727866,3.5472092505406967
2462838.5,2463134.8220338984,2030-12-03 00:00:00.000,2031-09-25 07:43:43.729,296.3220338983051,7.273378442283969,3.8428217697479066,3.4305566725360617
2462838.5,2463153.279661017,2030-12-03 00:00:00.000,2031-10-13 18:42:42.712,314.77966101694915,7.788661747981958,4.053071692411821,3.7355900555701376
2462838.5,2463171.737288136,2030-12-03 00:00:00.000,2031-11-01 05:41:41.695,333.23728813559325,8.852226984950178,4.477121547843612,4.375105437106566
2462838.5,2463190.194915254,2030-12-03 00:00:00.000,2031-11-19 16:40:40.678,351.69491525423734,10.423129943122454,5.154413051093138,5.268716892029316
2462838.5,2463208.6525423727,2030-12-03 00:00:00.000,2031-12-08 03:39:39.661,370.1525423728814,12.538427556794888,6.148084382993597,6.390343173801291
2462838.5,2463227.110169492,2030-12-03 00:00:00.000,2031-12-26 14:38:38.644,388.6101694915254,15.327241174936592,7.555777055812049,7.771464119124542
2462838.5,2463245.5677966103,2030-12-03 00:00:00.000,2032-01-14 01:37:37.627,407.0677966101695,19.035362031177257,9.532403141845036,9.502958889332222
2462839.5,2463006.618644068,2030-12-04 00:00:00.000,2031-05-20 02:50:50.847,167.11864406779662,19.772831254117907,7.955465874968577,11.817365379149331
2462839.5,2463025.0762711866,2030-12-04 00:00:00.000,2031-06-07 13:49:49.831,185.5762711864407,16.13011395906196,6.504169170955761,9.625944788106198
2462839.5,2463061.991525424,2030-12-04 00:00:00.000,2031-07-14 11:47:47.797,222.49152542372883,12.006872665594226,5.6041994749845845,6.402673190609643
2462839.5,2463080.4491525423,2030-12-04 00:00:00.000,2031-08-01 22:46:46.780,240.9491525423729,9.451892741415096,4.447081454618604,5.004811286796492
2462839.5,2463098.906779661,2030-12-04 00:00:00.000,2031-08-20 09:45:45.763,259.40677966101697,8.058326130123259,3.9845437983488017,4.073782331774458
2462839.5,2463117.36440678,2030-12-04 00:00:00.000,2031-09-07 20:44:44.746,277.86440677966107,7.328803955856674,3.794821270207597,3.533982685649078
2462839.5,2463135.8220338984,2030-12-04 00:00:00.000,2031-09-26 07:43:43.729,296.3220338983051,7.240320667672361,3.810532476686841,3.42978819098552
2462839.5,2463154.279661017,2030-12-04 00:00:00.000,2031-10-14 18:42:42.712,314.77966101694915,7.766036781447028,4.022063174031667,3.743973607415361
2462839.5,2463172.737288136,2030-12-04 00:00:00.000,2031-11-02 05:41:41.695,333.23728813559325,8.834345298123656,4.447100472591989,4.387244825531667
2462839.5,2463191.194915254,2030-12-04 00:00:00.000,2031-11-20 16:40:40.678,351.69491525423734,10.404346337467487,5.124559396741939,5.2797869407255495
2462839.5,2463209.6525423727,2030-12-04 00:00:00.000,2031-12-09 03:39:39.661,370.1525423728814,12.512671990048789,6.116535267974828,6.396136722073961
2462839.5,2463228.110169492,2030-12-04 00:00:00.000,2031-12-27 14:38:38.644,388.6101694915254,15.28601687775372,7.518723373135564,7.767293504618155
2462839.5,2463246.5677966103,2030-12-04 00:00:00.000,2032-01-15 01:37:37.627,407.0677966101695,18.96460487741447,9.482505118626309,9.48209975878816
2462840.5,2463007.618644068,2030-12-05 00:00:00.000,2031-05-21 02:50:50.847,167.11864406779662,19.597399592051715,7.850873159425948,11.746526432625766
2462840.5,2463026.0762711866,2030-12-05 00:00:00.000,2031-06-08 13:49:49.831,185.5762711864407,15.978447089738678,6.41505132371001,9.563395766028668
2462840.5,2463062.991525424,2030-12-05 00:00:00.000,2031-07-15 11:47:47.797,222.49152542372883,12.10412472344006,5.694060759709597,6.410063963730462
2462840.5,2463081.4491525423,2030-12-05 00:00:00.000,2031-08-02 22:46:46.780,240.9491525423729,9.404434145448572,4.427938586597768,4.976495558850805
2462840.5,2463099.906779661,2030-12-05 00:00:00.000,2031-08-21 09:45:45.763,259.40677966101697,8.003556509530569,3.953444802558413,4.050111706972157
2462840.5,2463118.36440678,2030-12-05 00:00:00.000,2031-09-08 20:44:44.746,277.86440677966107,7.283860713417891,3.762476607433662,3.521384105984229
2462840.5,2463136.8220338984,2030-12-05 00:00:00.000,2031-09-27 07:43:43.729,296.3220338983051,7.208648478562432,3.779026578382444,3.429621900179989
2462840.5,2463155.279661017,2030-12-05 00:00:00.000,2031-10-15 18:42:42.712,314.77966101694915,7.744532595790075,3.9917152108411833,3.752817384948892
2462840.5,2463173.737288136,2030-12-05 00:00:00.000,2031-11-03 05:41:41.695,333.23728813559325,8.81737951408605,4.4176904018425125,4.399689112243537
2462840.5,2463192.194915254,2030-12-05 00:00:00.000,2031-11-21 16:40:40.678,351.69491525423734,10.386362611695574,5.095313576687848,5.291049035007727
2462840.5,2463210.6525423727,2030-12-05 00:00:00.000,2031-12-10 03:39:39.661,370.1525423728814,12.48767998724837,6.085622974393882,6.402057012854487
2462840.5,2463229.110169492,2030-12-05 00:00:00.000,2031-12-28 14:38:38.644,388.6101694915254,15.245619100612082,7.482375814366388,7.763243286245693
2462840.5,2463247.5677966103,2030-12-05 00:00:00.000,2032-01-16 01:37:37.627,407.0677966101695,18.8949360910558,9.433476264557356,9.46145982649844
2462841.5,2463008.618644068,2030-12-06 00:00:00.000,2031-05-22 02:50:50.847,167.11864406779662,19.42174287892949,7.746570202322562,11.67517267660692
2462841.5,2463027.0762711866,2030-12-06 00:00:00.000,2031-06-09 13:49:49.831,185.5762711864407,15.826756519254998,6.326316077242,9.500440442012998
2462841.5,2463063.991525424,2030-12-06 00:00:00.000,2031-07-16 11:47:47.797,222.49152542372883,12.239010874242805,5.809855495935101,6.429155378307704
2462841.5,2463082.4491525423,2030-12-06 00:00:00.000,2031-08-03 22:46:46.780,240.9491525423729,9.361999032927304,4.412508874385409,4.949490158541894
2462841.5,2463100.906779661,2030-12-06 00:00:00.000,2031-08-22 09:45:45.763,259.40677966101697,7.951023389785963,3.9239077283971033,4.02711566138886
2462841.5,2463119.36440678,2030-12-06 00:00:00.000,2031-09-09 20:44:44.746,277.86440677966107,7.240522402336165,3.731086282093143,3.509436120243022
2462841.5,2463137.8220338984,2030-12-06 00:00:00.000,2031-09-28 07:43:43.729,296.3220338983051,7.178275558244208,3.748211737311356,3.430063820932852
2462841.5,2463156.279661017,2030-12-06 00:00:00.000,2031-10-16 18:42:42.712,314.77966101694915,7.724047768622967,3.961930933913144,3.7621168347098233
2462841.5,2463174.737288136,2030-12-06 00:00:00.000,2031-11-04 05:41:41.695,333.23728813559325,8.801223097957816,4.388793663175372,4.412429434782443
2462841.5,2463193.194915254,2030-12-06 00:00:00.000,2031-11-22 16:40:40.678,351.69491525423734,10.369071211108071,5.066578728124164,5.302492482983906
2462841.5,2463211.6525423727,2030-12-06 00:00:00.000,2031-12-11 03:39:39.661,370.1525423728814,12.46334408276216,6.0552519057898335,6.408092176972325
2462841.5,2463230.110169492,2030-12-06 00:00:00.000,2031-12-29 14:38:38.644,388.6101694915254,15.20594003817934,7.446639790613403,7.759300247565937
2462841.5,2463248.5677966103,2030-12-06 00:00:00.000,2032-01-17 01:37:37.627,407.0677966101695,18.826244863361303,9.385221656448254,9.441023206913052
2462842.5,2463009.618644068,2030-12-07 00:00:00.000,2031-05-23 02:50:50.847,167.11864406779662,19.245787251019344,7.6424757918622435,11.6033114591571
2462842.5,2463028.0762711866,2030-12-07 00:00:00.000,2031-06-10 13:49:49.831,185.5762711864407,15.674976715251798,6.237889549548416,9.437087165703382
2462842.5,2463064.991525424,2030-12-07 00:00:00.000,2031-07-17 11:47:47.797,222.49152542372883,12.419189252211428,5.956334809071832,6.462854443139595
2462842.5,2463083.4491525423,2030-12-07 00:00:00.000,2031-08-04 22:46:46.780,240.9491525423729,9.324943372574038,4.400989362312384,4.923954010261655
2462842.5,2463101.906779661,2030-12-07 00:00:00.000,2031-08-23 09:45:45.763,259.40677966101697,7.90074590945418,3.8959044602667032,4.004841449187476
2462842.5,2463120.36440678,2030-12-07 00:00:00.000,2031-09-10 20:44:44.746,277.86440677966107,7.198740007682163,3.700578838605911,3.498161169076252
2462842.5,2463138.8220338984,2030-12-07 00:00:00.000,2031-09-29 07:43:43.729,296.3220338983051,7.149121989274965,3.718002445526589,3.4311195437483755
2462842.5,2463157.279661017,2030-12-07 00:00:00.000,2031-10-17 18:42:42.712,314.77966101694915,7.704486892270111,3.932619500050235,3.771867392219877
2462842.5,2463175.737288136,2030-12-07 00:00:00.000,2031-11-05 05:41:41.695,333.23728813559325,8.78577502112059,4.360317706435862,4.425457314684729
2462842.5,2463194.194915254,2030-12-07 00:00:00.000,2031-11-23 16:40:40.678,351.69491525423734,10.352369341042245,5.038262117412337,5.314107223629908
2462842.5,2463212.6525423727,2030-12-07 00:00:00.000,2031-12-12 03:39:39.661,370.1525423728814,12.439560712530543,6.025329557050419,6.414231155480125
2462842.5,2463231.110169492,2030-12-07 00:00:00.000,2031-12-30 14:38:38.644,388.6101694915254,15.166874894549212,7.411422754412849,7.755452140136366
2462842.5,2463249.5677966103,2030-12-07 00:00:00.000,2032-01-18 01:37:37.627,407.0677966101695,18.758422519215788,9.337647358887958,9.42077516032783
2462843.5,2463010.618644068,2030-12-08 00:00:00.000,2031-05-24 02:50:50.847,167.11864406779662,19.069464776681794,7.538515107966615,11.53094966871518
2462843.5,2463029.0762711866,2030-12-08 00:00:00.000,2031-06-11 13:49:49.831,185.5762711864407,15.523047889880548,6.149704122007903,9.373343767872646
2462843.5,2463047.533898305,2030-12-08 00:00:00.000,2031-06-30 00:48:48.814,204.0338983050848,18.49861918555314,8.905007657272789,9.593611528280348
2462843.5,2463065.991525424,2030-12-08 00:00:00.000,2031-07-18 11:47:47.797,222.49152542372883,12.6542675092314,6.1393650058713565,6.5149025033600445
2462843.5,2463084.4491525423,2030-12-08 00:00:00.000,2031-08-05 22:46:46.780,240.9491525423729,9.293673269551428,4.393610128119506,4.900063141431921
2462843.5,2463102.906779661,2030-12-08 00:00:00.000,2031-08-24 09:45:45.763,259.40677966101697,7.852755535730363,3.869417433149272,3.9833381025810906
2462843.5,2463121.36440678,2030-12-08 00:00:00.000,2031-09-11 20:44:44.746,277.86440677966107,7.158472242417355,3.670890705549503,3.487581536867852
2462843.5,2463139.8220338984,2030-12-08 00:00:00.000,2031-09-30 07:43:43.729,296.3220338983051,7.121114419684627,3.6883201579041662,3.4327942617804608
2462843.5,2463158.279661017,2030-12-08 00:00:00.000,2031-10-18 18:42:42.712,314.77966101694915,7.685760782370626,3.903696258631828,3.782064523738798
2462843.5,2463176.737288136,2030-12-08 00:00:00.000,2031-11-06 05:41:41.695,333.23728813559325,8.77094003955547,4.332175350635328,4.43876468892014
2462843.5,2463195.194915254,2030-12-08 00:00:00.000,2031-11-24 16:40:40.678,351.69491525423734,10.336159358708716,5.010275507594672,5.325883851114044
2462843.5,2463213.6525423727,2030-12-08 00:00:00.000,2031-12-13 03:39:39.661,370.1525423728814,12.41623075607091,5.995767033972816,6.420463722098092
2462843.5,2463232.110169492,2030-12-08 00:00:00.000,2031-12-31 14:38:38.644,388.6101694915254,15.128322605603431,7.37663489648708,7.751687709116353
2462843.5,2463250.5677966103,2030-12-08 00:00:00.000,2032-01-19 01:37:37.627,407.0677966101695,18.69136345092262,9.290661324859371,9.400702126063246
2462844.5,2463011.618644068,2030-12-09 00:00:00.000,2031-05-25 02:50:50.847,167.11864406779662,18.89271333606691,7.434619575835375,11.458093760231538
2462844.5,2463030.0762711866,2030-12-09 00:00:00.000,2031-06-12 13:49:49.831,185.5762711864407,15.370916046192605,6.061698439643084,9.30921760654952
2462844.5,2463048.533898305,2030-12-09 00:00:00.000,2031-07-01 00:48:48.814,204.0338983050848,17.37161788654518,8.190804171912129,9.180813714633052
2462844.5,2463066.991525424,2030-12-09 00:00:00.000,2031-07-19 11:47:47.797,222.49152542372883,12.956409920058285,6.366253356864312,6.590156563193971
2462844.5,2463085.4491525423,2030-12-09 00:00:00.000,2031-08-06 22:46:46.780,240.9491525423729,9.268649517970156,4.390636541401806,4.878012976568352
2462844.5,2463103.906779661,2030-12-09 00:00:00.000,2031-08-25 09:45:45.763,259.40677966101697,7.807096190626979,3.844439627002244,3.962656563624734
2462844.5,2463122.36440678,2030-12-09 00:00:00.000,2031-09-12 20:44:44.746,277.86440677966107,7.119685404041151,3.641966044061897,3.477719359979254
2462844.5,2463140.8220338984,2030-12-09 00:00:00.000,2031-10-01 07:43:43.729,296.3220338983051,7.094185902737005,3.6590931018118265,3.4350928009251787
2462844.5,2463159.279661017,2030-12-09 00:00:00.000,2031-10-19 18:42:42.712,314.77966101694915,7.667786313126985,3.875082550473354,3.792703762653631
2462844.5,2463177.737288136,2030-12-09 00:00:00.000,2031-11-07 05:41:41.695,333.23728813559325,8.756628536669947,4.304284602152036,4.452343934517912
2462844.5,2463196.194915254,2030-12-09 00:00:00.000,2031-11-25 16:40:40.678,351.69491525423734,10.320348658096568,4.982535026829164,5.3378136312674025
2462844.5,2463214.6525423727,2030-12-09 00:00:00.000,2031-12-14 03:39:39.661,370.1525423728814,12.393259495211849,5.966478999055279,6.426780496156567
2462844.5,2463233.110169492,2030-12-09 00:00:00.000,2032-01-01 14:38:38.644,388.6101694915254,15.090185899252036,7.342189192356503,7.747996706895533
2462844.5,2463251.5677966103,2030-12-09 00:00:00.000,2032-01-20 01:37:37.627,407.0677966101695,18.62496530730666,9.24417356755086,9.380791739755802
2462845.5,2463012.618644068,2030-12-10 00:00:00.000,2031-05-26 02:50:50.847,167.11864406779662,18.71547674280901,7.330726959862394,11.384749782946612
2462845.5,2463031.0762711866,2030-12-10 00:00:00.000,2031-06-13 13:49:49.831,185.5762711864407,15.21853324531721,5.973817634629237,9.244715610687974
2462845.5,2463049.533898305,2030-12-10 00:00:00.000,2031-07-02 00:48:48.814,204.0338983050848,16.511309678493024,7.645052391564773,8.866257286928251
2462845.5,2463067.991525424,2030-12-10 00:00:00.000,2031-07-20 11:47:47.797,222.49152542372883,13.341182217701531,6.646201875704804,6.694980341996728
2462845.5,2463086.4491525423,2030-12-10 00:00:00.000,2031-08-07 22:46:46.780,240.9491525423729,9.250392980110185,4.3923720314530375,4.858020948657148
2462845.5,2463104.906779661,2030-12-10 00:00:00.000,2031-08-26 09:45:45.763,259.40677966101697,7.763824686582695,3.820974869355409,3.942849817227286
2462845.5,2463123.36440678,2030-12-10 00:00:00.000,2031-09-13 20:44:44.746,277.86440677966107,7.082353542487494,3.613756910176076,3.468596632311418
2462845.5,2463141.8220338984,2030-12-10 00:00:00.000,2031-10-02 07:43:43.729,296.3220338983051,7.068276028299672,3.630256378930537,3.438019649369135
2462845.5,2463160.279661017,2030-12-10 00:00:00.000,2031-10-20 18:42:42.712,314.77966101694915,7.650486495148366,3.846705750804997,3.8037807443433698
2462845.5,2463178.737288136,2030-12-10 00:00:00.000,2031-11-08 05:41:41.695,333.23728813559325,8.7427565403555,4.276568648795567,4.466187891559935
2462845.5,2463197.194915254,2030-12-10 00:00:00.000,2031-11-26 16:40:40.678,351.69491525423734,10.304849647879571,4.954961131325293,5.349888516554278
2462845.5,2463215.6525423727,2030-12-10 00:00:00.000,2031-12-15 03:39:39.661,370.1525423728814,12.370556577090037,5.937383623421012,6.433172953669023
2462845.5,2463234.110169492,2030-12-10 00:00:00.000,2032-01-02 14:38:38.644,388.6101694915254,15.052371267035117,7.308001363101864,7.744369903933253
2462845.5,2463252.5677966103,2030-12-10 00:00:00.000,2032-01-21 01:37:37.627,407.0677966101695,18.55912899670937,9.19809615061516,9.361032846094211
2462846.5,2463013.618644068,2030-12-11 00:00:00.000,2031-05-27 02:50:50.847,167.11864406779662,18.53770563876504,7.226782225453847,11.310923413311189
2462846.5,2463032.0762711866,2030-12-11 00:00:00.000,2031-06-14 13:49:49.831,185.5762711864407,15.06585862008345,5.886014294025654,9.179844326057797
2462846.5,2463050.533898305,2030-12-11 00:00:00.000,2031-07-03 00:48:48.814,204.0338983050848,15.828557545100796,7.212573179143325,8.61598436595747
2462846.5,2463068.991525424,2030-12-11 00:00:00.000,2031-07-21 11:47:47.797,222.49152542372883,13.828747770046077,6.990952888179392,6.837794881866684
2462846.5,2463087.4491525423,2030-12-11 00:00:00.000,2031-08-08 22:46:46.780,240.9491525423729,9.239491222638051,4.399161743791538,4.840329478846513
2462846.5,2463105.906779661,2030-12-11 00:00:00.000,2031-08-27 09:45:45.763,259.40677966101697,7.723011849866449,3.799038823096344,3.9239730267701054
2462846.5,2463124.36440678,2030-12-11 00:00:00.000,2031-09-14 20:44:44.746,277.86440677966107,7.046459342376895,3.586224133371292,3.460235209005604
2462846.5,2463142.8220338984,2030-12-11 00:00:00.000,2031-10-03 07:43:43.729,296.3220338983051,7.043331780641651,3.601752793935121,3.441578986706529
2462846.5,2463161.279661017,2030-12-11 00:00:00.000,2031-10-21 18:42:42.712,314.77966101694915,7.633791272901403,3.818500033614298,3.8152912392871055
2462846.5,2463179.737288136,2030-12-11 00:00:00.000,2031-11-09 05:41:41.695,333.23728813559325,8.729246440323916,4.248956556035798,4.480289884288119
2462846.5,2463198.194915254,2030-12-11 00:00:00.000,2031-11-27 16:40:40.678,351.69491525423734,10.289580398916556,4.927479239459508,5.362101159457047
2462846.5,2463216.6525423727,2030-12-11 00:00:00.000,2031-12-16 03:39:39.661,370.1525423728814,12.348036606246136,5.9084031693915255,6.439633436854612
2462846.5,2463235.110169492,2030-12-11 00:00:00.000,2032-01-03 14:38:38.644,388.6101694915254,15.014789516247545,7.273990418450922,7.740799097796621
2462846.5,2463253.5677966103,2030-12-11 00:00:00.000,2032-01-22 01:37:37.627,407.0677966101695,18.493759213804346,9.152343704722949,9.3414155090814
2462847.5,2463014.618644068,2030-12-12 00:00:00.000,2031-05-28 02:50:50.847,167.11864406779662,18.35935890003318,7.122738902020321,11.23661999801286
2462847.5,2463033.0762711866,2030-12-12 00:00:00.000,2031-06-15 13:49:49.831,185.5762711864407,14.912859880385437,5.798249911938514,9.114609968446922
2462847.5,2463051.533898305,2030-12-12 00:00:00.000,2031-07-04 00:48:48.814,204.0338983050848,15.268834757461196,6.859242899748934,8.409591857712263
2462847.5,2463069.991525424,2030-12-12 00:00:00.000,2031-07-22 11:47:47.797,222.49152542372883,14.445592134148916,7.415726663199319,7.029865470949598
2462847.5,2463088.4491525423,2030-12-12 00:00:00.000,2031-08-09 22:46:46.780,240.9491525423729,9.236606077166927,4.411396693215532,4.825209383951395
2462847.5,2463106.906779661,2030-12-12 00:00:00.000,2031-08-28 09:45:45.763,259.40677966101697,7.684743904127738,3.778660230724179,3.9060836734035593
2462847.5,2463125.36440678,2030-12-12 00:00:00.000,2031-09-15 20:44:44.746,277.86440677966107,7.011995308632768,3.559338500978267,3.452656807654501
2462847.5,2463143.8220338984,2030-12-12 00:00:00.000,2031-10-04 07:43:43.729,296.3220338983051,7.019308744368704,3.573534034429922,3.445774709938782
2462847.5,2463162.279661017,2030-12-12 00:00:00.000,2031-10-22 18:42:42.712,314.77966101694915,7.61763871554578,3.790407535300659,3.827231180245121
2462847.5,2463180.737288136,2030-12-12 00:00:00.000,2031-11-10 05:41:41.695,333.23728813559325,8.71602814742931,4.22138441223017,4.494643735199141
2462847.5,2463199.194915254,2030-12-12 00:00:00.000,2031-11-28 16:40:40.678,351.69491525423734,10.274465780679945,4.900020862227893,5.374444918452049
2462847.5,2463217.6525423727,2030-12-12 00:00:00.000,2031-12-17 03:39:39.661,370.1525423728814,12.325620266926473,5.879465111162312,6.446155155764158
2462847.5,2463236.110169492,2030-12-12 00:00:00.000,2032-01-04 14:38:38.644,388.6101694915254,14.977356886335738,7.240079772747143,7.737277113588594
2462847.5,2463254.5677966103,2030-12-12 00:00:00.000,2032-01-23 01:37:37.627,407.0677966101695,18.428765557248397,9.106834544577444,9.321931012670948
2462848.5,2463015.618644068,2030-12-13 00:00:00.000,2031-05-29 02:50:50.847,167.11864406779662,18.18040468716753,7.01856008009063,11.161844607076905
2462848.5,2463034.0762711866,2030-12-13 00:00:00.000,2031-06-16 13:49:49.831,185.5762711864407,14.759514461231964,5.710495977254665,9.0490184839773
2462848.5,2463052.533898305,2030-12-13 00:00:00.000,2031-07-05 00:48:48.814,204.0338983050848,14.797219632348472,6.563001866490289,8.234217765858183
2462848.5,2463070.991525424,2030-12-13 00:00:00.000,2031-07-23 11:47:47.797,222.49152542372883,15.227059396570093,7.940613054323022,7.286446342247069
2462848.5,2463089.4491525423,2030-12-13 00:00:00.000,2031-08-10 22:46:46.780,240.9491525423729,9.242481445143437,4.429517667540884,4.812963777602552
2462848.5,2463107.906779661,2030-12-13 00:00:00.000,2031-08-29 09:45:45.763,259.40677966101697,7.649123275996816,3.7598815783099018,3.889241697686914
2462848.5,2463126.36440678,2030-12-13 00:00:00.000,2031-09-16 20:44:44.746,277.86440677966107,6.978964406836647,3.5330814016536247,3.4458830051830223
2462848.5,2463144.8220338984,2030-12-13 00:00:00.000,2031-10-05 07:43:43.729,296.3220338983051,6.9961718032437386,3.5455613495389,3.450610453704838
2462848.5,2463163.279661017,2030-12-13 00:00:00.000,2031-10-23 18:42:42.712,314.77966101694915,7.601975744702145,3.7623790643304464,3.839596680371698
2462848.5,2463181.737288136,2030-12-13 00:00:00.000,2031-11-11 05:41:41.695,333.23728813559325,8.703039845051759,4.193796076473439,4.509243768578321
2462848.5,2463200.194915254,2030-12-13 00:00:00.000,2031-11-29 16:40:40.678,351.69491525423734,10.259438252111815,4.872524399575581,5.386913852536235
2462848.5,2463218.6525423727,2030-12-13 00:00:00.000,2031-12-18 03:39:39.661,370.1525423728814,12.303235164999778,5.850502987584957,6.452732177414822
2462848.5,2463237.110169492,2030-12-13 00:00:00.000,2032-01-05 14:38:38.644,388.6101694915254,14.93999595003031,7.206198159572255,7.733797790458055
2462848.5,2463255.5677966103,2030-12-13 00:00:00.000,2032-01-24 01:37:37.627,407.0677966101695,18.3640634961433,9.061491650584212,9.302571845559086
2462849.5,2463016.618644068,2030-12-14 00:00:00.000,2031-05-30 02:50:50.847,167.11864406779662,18.000820681840285,6.914218590828832,11.086602091011452
2462849.5,2463035.0762711866,2030-12-14 00:00:00.000,2031-06-17 13:49:49.831,185.5762711864407,14.605809872867171,5.622734261985603,8.983075610881569
2462849.5,2463053.533898305,2030-12-14 00:00:00.000,2031-07-06 00:48:48.814,204.0338983050848,14.39047868994771,6.309057479716552,8.081421210231158
2462849.5,2463071.991525424,2030-12-14 00:00:00.000,2031-07-24 11:47:47.797,222.49152542372883,16.22116554142068,8.592684608488192,7.62848093293249
2462849.5,2463090.4491525423,2030-12-14 00:00:00.000,2031-08-11 22:46:46.780,240.9491525423729,9.257951270571986,4.454018731377573,4.803932539194413
2462849.5,2463108.906779661,2030-12-14 00:00:00.000,2031-08-30 09:45:45.763,259.40677966101697,7.616268561346034,3.742758920879975,3.873509640466059
2462849.5,2463127.36440678,2030-12-14 00:00:00.000,2031-09-17 20:44:44.746,277.86440677966107,6.947379876869912,3.507444647634356,3.4399352292355565
2462849.5,2463145.8220338984,2030-12-14 00:00:00.000,2031-10-06 07:43:43.729,296.3220338983051,6.973895009834197,3.517805404471204,3.456089605362993
2462849.5,2463164.279661017,2030-12-14 00:00:00.000,2031-10-24 18:42:42.712,314.77966101694915,7.586758017214507,3.7343739727333327,3.852384044481174
2462849.5,2463182.737288136,2030-12-14 00:00:00.000,2031-11-12 05:41:41.695,333.23728813559325,8.69022787930731,4.166143072572851,4.524084806734459
2462849.5,2463201.194915254,2030-12-14 00:00:00.000,2031-11-30 16:40:40.678,351.69491525423734,10.244437780125883,4.844935071991717,5.399502708134166
2462849.5,2463219.6525423727,2030-12-14 00:00:00.000,2031-12-19 03:39:39.661,370.1525423728814,12.280815793394506,5.821456386771509,6.459359406622999
2462849.5,2463238.110169492,2030-12-14 00:00:00.000,2032-01-06 14:38:38.644,388.6101694915254,14.902635640643116,7.172279682048849,7.730355958594266
2462849.5,2463256.5677966103,2030-12-14 00:00:00.000,2032-01-25 01:37:37.627,407.0677966101695,18.29957447092383,9.01624279627476,9.28333167464907
2462850.5,2463017.618644068,2030-12-15 00:00:00.000,2031-05-31 02:50:50.847,167.11864406779662,17.820594061386394,6.809696925165158,11.010897136221235
2462850.5,2463036.0762711866,2030-12-15 00:00:00.000,2031-06-18 13:49:49.831,185.5762711864407,14.451743807027178,5.534956869171635,8.916786937855543
2462850.5,2463054.533898305,2030-12-15 00:00:00.000,2031-07-07 00:48:48.814,204.0338983050848,14.032652328748256,6.087181639160738,7.945470689587519
2462850.5,2463072.991525424,2030-12-15 00:00:00.000,2031-07-25 11:47:47.797,222.49152542372883,17.49446897194037,9.409280077955184,8.08518889398519
2462850.5,2463091.4491525423,2030-12-15 00:00:00.000,2031-08-12 22:46:46.780,240.9491525423729,9.28394851009655,4.485451070584616,4.798497439511935
2462850.5,2463109.906779661,2030-12-15 00:00:00.000,2031-08-31 09:45:45.763,259.40677966101697,7.586314320239774,3.727361539439668,3.858952780800106
2462850.5,2463128.36440678,2030-12-15 00:00:00.000,2031-09-18 20:44:44.746,277.86440677966107,6.917264896825845,3.482430152017032,3.434834744808813
2462850.5,2463146.8220338984,2030-12-15 00:00:00.000,2031-10-07 07:43:43.729,296.3220338983051,6.952461279018978,3.490245960609353,3.4622153184096245
2462850.5,2463165.279661017,2030-12-15 00:00:00.000,2031-10-25 18:42:42.712,314.77966101694915,7.571949563334991,3.706359784007673,3.865589779327318
2462850.5,2463183.737288136,2030-12-15 00:00:00.000,2031-11-13 05:41:41.695,333.23728813559325,8.677546314263333,4.138384147770068,4.5391621664932655
2462850.5,2463202.194915254,2030-12-15 00:00:00.000,2031-12-01 16:40:40.678,351.69491525423734,10.229411325009288,4.817204417806862,5.4122069072024255
2462850.5,2463220.6525423727,2030-12-15 00:00:00.000,2031-12-20 03:39:39.661,370.1525423728814,12.258302968434878,5.792270399908307,6.466032568526571
2462850.5,2463239.110169492,2030-12-15 00:00:00.000,2032-01-07 14:38:38.644,388.6101694915254,14.86521066043091,7.138263242483942,7.726947417946968
2462850.5,2463257.5677966103,2030-12-15 00:00:00.000,2032-01-26 01:37:37.627,407.0677966101695,18.235225291389632,8.971019971472181,9.264205319917451
2462851.5,2463018.618644068,2030-12-16 00:00:00.000,2031-06-01 02:50:50.847,167.11864406779662,17.63972224961128,6.704987929951101,10.93473431966018
2462851.5,2463037.0762711866,2030-12-16 00:00:00.000,2031-06-19 13:49:49.831,185.5762711864407,14.297325028653027,5.447167068095267,8.85015796055776
2462851.5,2463055.533898305,2030-12-16 00:00:00.000,2031-07-08 00:48:48.814,204.0338983050848,13.712476702975763,5.890117526471892,7.822359176503872
2462851.5,2463073.991525424,2030-12-16 00:00:00.000,2031-07-26 11:47:47.797,222.49152542372883,19.141327550069573,10.443221003147537,8.698106546922038
2462851.5,2463092.4491525423,2030-12-16 00:00:00.000,2031-08-13 22:46:46.780,240.9491525423729,9.321516139342876,4.524428106564762,4.797088032778114
2462851.5,2463110.906779661,2030-12-16 00:00:00.000,2031-09-01 09:45:45.763,259.40677966101697,7.559411597800409,3.7137723266812266,3.845639271119182
2462851.5,2463129.36440678,2030-12-16 00:00:00.000,2031-09-19 20:44:44.746,277.86440677966107,6.888653047373307,3.4580504096418028,3.4306026377315044
2462851.5,2463147.8220338984,2030-12-16 00:00:00.000,2031-10-08 07:43:43.729,296.3220338983051,6.931862884532676,3.462872357708846,3.46899052682383
2462851.5,2463166.279661017,2030-12-16 00:00:00.000,2031-10-26 18:42:42.712,314.77966101694915,7.557523172810413,3.678312566359856,3.879210606450557
2462851.5,2463184.737288136,2030-12-16 00:00:00.000,2031-11-14 05:41:41.695,333.23728813559325,8.664957143653668,4.110485483295229,4.554471660358439
2462851.5,2463203.194915254,2030-12-16 00:00:00.000,2031-12-02 16:40:40.678,351.69491525423734,10.21431287049507,4.789290328715846,5.425022541779224
2462851.5,2463221.6525423727,2030-12-16 00:00:00.000,2031-12-21 03:39:39.661,370.1525423728814,12.235643691108482,5.762895492035812,6.472748199072671
2462851.5,2463240.110169492,2030-12-16 00:00:00.000,2032-01-08 14:38:38.644,388.6101694915254,14.827661192878736,7.104092266627149,7.723568926251587
2462851.5,2463258.5677966103,2030-12-16 00:00:00.000,2032-01-27 01:37:37.627,407.0677966101695,18.17094771776769,8.925758977731242,9.24518874003645
2462852.5,2463019.618644068,2030-12-17 00:00:00.000,2031-06-02 02:50:50.847,167.11864406779662,17.458215102655014,6.600096932170367,10.858118170484646
2462852.5,2463038.0762711866,2030-12-17 00:00:00.000,2031-06-20 13:49:49.831,185.5762711864407,14.142575708258056,5.359381564670115,8.783194143587943
2462852.5,2463056.533898305,2030-12-17 00:00:00.000,2031-07-09 00:48:48.814,204.0338983050848,13.42181805931163,5.712604309973068,7.70921374933856
2462852.5,2463093.4491525423,2030-12-17 00:00:00.000,2031-08-14 22:46:46.780,240.9491525423729,9.371820697021544,4.571632249286565,4.80018844773498
2462852.5,2463111.906779661,2030-12-17 00:00:00.000,2031-09-02 09:45:45.763,259.40677966101697,7.535729500082322,3.7020892295433314,3.833640270538991
2462852.5,2463130.36440678,2030-12-17 00:00:00.000,2031-09-20 20:44:44.746,277.86440677966107,6.861589983664794,3.4343301884771558,3.42725979518764
2462852.5,2463148.8220338984,2030-12-17 00:00:00.000,2031-10-09 07:43:43.729,296.3220338983051,6.912103231260474,3.4356852722471105,3.476417959013363
2462852.5,2463167.279661017,2030-12-17 00:00:00.000,2031-10-27 18:42:42.712,314.77966101694915,7.543462065702807,3.650218590457741,3.8932434752450655
2462852.5,2463185.737288136,2030-12-17 00:00:00.000,2031-11-15 05:41:41.695,333.23728813559325,8.65243175667404,4.082422157203949,4.570009599470092
2462852.5,2463204.194915254,2030-12-17 00:00:00.000,2031-12-03 16:40:40.678,351.69491525423734,10.199104650027907,4.761158278079575,5.437946371948335
2462852.5,2463222.6525423727,2030-12-17 00:00:00.000,2031-12-22 03:39:39.661,370.1525423728814,12.212792130455009,5.73328848984203,6.479503640612978
2462852.5,2463241.110169492,2030-12-17 00:00:00.000,2032-01-09 14:38:38.644,388.6101694915254,14.78993365388985,7.069715459931051,7.720218193958798
2462852.5,2463259.5677966103,2030-12-17 00:00:00.000,2032-01-28 01:37:37.627,407.0677966101695,18.1066789913284,8.88039996414393,9.226279027184468
2462853.5,2463020.618644068,2030-12-18 00:00:00.000,2031-06-03 02:50:50.847,167.11864406779662,17.276098813604303,6.4950455643617575,10.781053249242545
2462853.5,2463039.0762711866,2030-12-18 00:00:00.000,2031-06-21 13:49:49.831,185.5762711864407,13.987535478348736,5.271634481388193,8.715900996960544
2462853.5,2463057.533898305,2030-12-18 00:00:00.000,2031-07-10 00:48:48.814,204.0338983050848,13.154690082307408,5.550761153780493,7.603928928526914
2462853.5,2463094.4491525423,2030-12-18 00:00:00.000,2031-08-15 22:46:46.780,240.9491525423729,9.436168504045098,4.627823270890207,4.808345233154891
2462853.5,2463112.906779661,2030-12-18 00:00:00.000,2031-09-03 09:45:45.763,259.40677966101697,7.515457742836327,3.692427667662687,3.82303007517364
2462853.5,2463131.36440678,2030-12-18 00:00:00.000,2031-09-21 20:44:44.746,277.86440677966107,6.836136325160024,3.411309444466342,3.424826880693682
2462853.5,2463149.8220338984,2030-12-18 00:00:00.000,2031-10-10 07:43:43.729,296.3220338983051,6.893199986275072,3.4086998401587887,3.4845001461162823
2462853.5,2463168.279661017,2030-12-18 00:00:00.000,2031-10-28 18:42:42.712,314.77966101694915,7.529762996837812,3.6220774277692,3.907685569068613
2462853.5,2463186.737288136,2030-12-18 00:00:00.000,2031-11-16 05:41:41.695,333.23728813559325,8.639953865892304,4.054181075922458,4.5857727899698455
2462853.5,2463205.194915254,2030-12-18 00:00:00.000,2031-12-04 16:40:40.678,351.69491525423734,10.18375982829254,4.7327840102349,5.450975818057642
2462853.5,2463223.6525423727,2030-12-18 00:00:00.000,2031-12-23 03:39:39.661,370.1525423728814,12.189712031337958,5.703414998370465,6.486297032967494
2462853.5,2463242.110169492,2030-12-18 00:00:00.000,2032-01-10 14:38:38.644,388.6101694915254,14.751982820872254,7.035088944751008,7.716893876121245
2462853.5,2463260.5677966103,2030-12-18 00:00:00.000,2032-01-29 01:37:37.627,407.0677966101695,18.042363685765515,8.834889284816482,9.207474400949035
2462854.5,2463021.618644068,2030-12-19 00:00:00.000,2031-06-04 02:50:50.847,167.11864406779662,17.093422210094072,6.38987795213201,10.70354425796206
2462854.5,2463040.0762711866,2030-12-19 00:00:00.000,2031-06-22 13:49:49.831,185.5762711864407,13.832267841713834,5.183983663374169,8.648284178339665
2462854.5,2463058.533898305,2030-12-19 00:00:00.000,2031-07-11 00:48:48.814,204.0338983050848,12.90662020854764,5.401688433572221,7.50493177497542
2462854.5,2463095.4491525423,2030-12-19 00:00:00.000,2031-08-16 22:46:46.780,240.9491525423729,9.516025054915694,4.693848614478703,4.822176440436991
2462854.5,2463113.906779661,2030-12-19 00:00:00.000,2031-09-04 09:45:45.763,259.40677966101697,7.498810431596745,3.684924190152497,3.813886241444248
2462854.5,2463132.36440678,2030-12-19 00:00:00.000,2031-09-22 20:44:44.746,277.86440677966107,6.812372151858292,3.389047854004356,3.4233242978539367
2462854.5,2463150.8220338984,2030-12-19 00:00:00.000,2031-10-11 07:43:43.729,296.3220338983051,6.875190055782007,3.3819506401569903,3.4932394156250166
2462854.5,2463169.279661017,2030-12-19 00:00:00.000,2031-10-29 18:42:42.712,314.77966101694915,7.516441363258375,3.593907070334624,3.922534292923751
2462854.5,2463187.737288136,2030-12-19 00:00:00.000,2031-11-17 05:41:41.695,333.23728813559325,8.627524530144086,4.025766020431234,4.601758509712853
2462854.5,2463206.194915254,2030-12-19 00:00:00.000,2031-12-05 16:40:40.678,351.69491525423734,10.168267314444062,4.704158381426668,5.464108933017395
2462854.5,2463224.6525423727,2030-12-19 00:00:00.000,2031-12-24 03:39:39.661,370.1525423728814,12.166381249633083,5.673253964695037,6.493127284938046
2462854.5,2463243.110169492,2030-12-19 00:00:00.000,2032-01-11 14:38:38.644,388.6101694915254,14.71377605675454,7.000180511270247,7.713595545484293
2462854.5,2463261.5677966103,2030-12-19 00:00:00.000,2032-01-30 01:37:37.627,407.0677966101695,17.977957601600195,8.789183416684008,9.188774184916186
2462855.5,2463022.618644068,2030-12-20 00:00:00.000,2031-06-05 02:50:50.847,167.11864406779662,16.910266463707302,6.2846702612485,10.625596202458803
2462855.5,2463041.0762711866,2030-12-20 00:00:00.000,2031-06-23 13:49:49.831,185.5762711864407,13.676869793175246,5.096520152682508,8.58034964049274
2462855.5,2463059.533898305,2030-12-20 00:00:00.000,2031-07-12 00:48:48.814,204.0338983050848,12.674232294443463,5.263205040587137,7.411027253856326
2462855.5,2463096.4491525423,2030-12-20 00:00:00.000,2031-08-17 22:46:46.780,240.9491525423729,9.61303841374518,4.770656245836416,4.842382167908763
2462855.5,2463114.906779661,2030-12-20 00:00:00.000,2031-09-05 09:45:45.763,259.40677966101697,7.486031547615175,3.6797418499847887,3.806289697630386
2462855.5,2463133.36440678,2030-12-20 00:00:00.000,2031-09-23 20:44:44.746,277.86440677966107,6.790403740263439,3.36763160690582,3.42277213335762
2462855.5,2463151.8220338984,2030-12-20 00:00:00.000,2031-10-12 07:43:43.729,296.3220338983051,6.858137209770835,3.355499355414487,3.502637854356348
2462855.5,2463170.279661017,2030-12-20 00:00:00.000,2031-10-30 18:42:42.712,314.77966101694915,7.503539299105973,3.5657520770296376,3.9377872220763352
2462855.5,2463188.737288136,2030-12-20 00:00:00.000,2031-11-18 05:41:41.695,333.23728813559325,8.61517043250383,3.997205990955106,4.617964441548723
2462855.5,2463207.194915254,2030-12-20 00:00:00.000,2031-12-06 16:40:40.678,351.69491525423734,10.152640018934209,4.675295690362246,5.477344328571961
2462855.5,2463225.6525423727,2030-12-20 00:00:00.000,2031-12-25 03:39:39.661,370.1525423728814,12.142799849794423,5.642805851592714,6.499993998201712
2462855.5,2463244.110169492,2030-12-20 00:00:00.000,2032-01-12 14:38:38.644,388.6101694915254,14.675301161238632,6.964977544443543,7.710323616795089
2462855.5,2463262.5677966103,2030-12-20 00:00:00.000,2032-01-31 01:37:37.627,407.0677966101695,17.913435313357887,8.743256579432508,9.17017873392538
2462856.5,2463023.618644068,2030-12-21 00:00:00.000,2031-06-06 02:50:50.847,167.11864406779662,16.72675767440636,6.179543039382739,10.547214635023622
2462856.5,2463042.0762711866,2030-12-21 00:00:00.000,2031-06-24 13:49:49.831,185.5762711864407,13.52148386094226,5.009380009171579,8.51210385177068
2462856.5,2463060.533898305,2030-12-21 00:00:00.000,2031-07-13 00:48:48.814,204.0338983050848,12.454966505488594,5.133672513796055,7.321293991692539
2462856.5,2463097.4491525423,2030-12-21 00:00:00.000,2031-08-18 22:46:46.780,240.9491525423729,9.729066598010023,4.859309738141244,4.869756859868782
2462856.5,2463115.906779661,2030-12-21 00:00:00.000,2031-09-06 09:45:45.763,259.40677966101697,7.477401224348979,3.6770763834420896,3.800324840906889
2462856.5,2463134.36440678,2030-12-21 00:00:00.000,2031-09-24 20:44:44.746,277.86440677966107,6.770371662444553,3.347181597686358,3.423190064758196
2462856.5,2463152.8220338984,2030-12-21 00:00:00.000,2031-10-13 07:43:43.729,296.3220338983051,6.842141663597444,3.3294444490422417,3.5126972145552022
2462856.5,2463171.279661017,2030-12-21 00:00:00.000,2031-10-31 18:42:42.712,314.77966101694915,7.491136361731506,3.5376943847430917,3.9534419769884153
2462856.5,2463189.737288136,2030-12-21 00:00:00.000,2031-11-19 05:41:41.695,333.23728813559325,8.602955365574546,3.968566842989653,4.634388522584893
2462856.5,2463208.194915254,2030-12-21 00:00:00.000,2031-12-07 16:40:40.678,351.69491525423734,10.136926861004287,4.646245850849002,5.490681010155284
2462856.5,2463226.6525423727,2030-12-21 00:00:00.000,2031-12-26 03:39:39.661,370.1525423728814,12.119002406366732,5.612105112699917,6.506897293666815
2462856.5,2463245.110169492,2030-12-21 00:00:00.000,2032-01-13 14:38:38.644,388.6101694915254,14.636578797331278,6.929499629735793,7.707079167595485
2462856.5,2463263.5677966103,2030-12-21 00:00:00.000,2032-02-01 01:37:37.627,407.0677966101695,17.84880259996656,8.697113348262098,9.151689251704465
2462857.5,2463024.618644068,2030-12-22 00:00:00.000,2031-06-07 02:50:50.847,167.11864406779662,16.543077874160783,6.074671880985199,10.468405993175583
2462857.5,2463043.0762711866,2030-12-22 00:00:00.000,2031-06-25 13:49:49.831,185.5762711864407,13.366307905320191,4.922753797192669,8.443554108127522
2462857.5,2463061.533898305,2030-12-22 00:00:00.000,2031-07-14 00:48:48.814,204.0338983050848,12.24688501572229,5.011872481279613,7.235012534442677
2462857.5,2463098.4491525423,2030-12-22 00:00:00.000,2031-08-19 22:46:46.780,240.9491525423729,9.86620716817382,4.96100340942354,4.905203758750281
2462857.5,2463116.906779661,2030-12-22 00:00:00.000,2031-09-07 09:45:45.763,259.40677966101697,7.473238979650176,3.677159359052395,3.796079620597781
2462857.5,2463135.36440678,2030-12-22 00:00:00.000,2031-09-25 20:44:44.746,277.86440677966107,6.752456059462453,3.327858843232126,3.4245972162303278
2462857.5,2463153.8220338984,2030-12-22 00:00:00.000,2031-10-14 07:43:43.729,296.3220338983051,6.827347410180048,3.3039286773655943,3.523418732814454
2462857.5,2463172.279661017,2030-12-22 00:00:00.000,2031-11-01 18:42:42.712,314.77966101694915,7.479358804803127,3.5098628199105155,3.9694959848926112
2462857.5,2463190.737288136,2030-12-22 00:00:00.000,2031-11-20 05:41:41.695,333.23728813559325,8.59099126362801,3.939962601101347,4.651028662526664
2462857.5,2463209.194915254,2030-12-22 00:00:00.000,2031-12-08 16:40:40.678,351.69491525423734,10.12122528449238,4.617107217685891,5.504118066806487
2462857.5,2463227.6525423727,2030-12-22 00:00:00.000,2031-12-27 03:39:39.661,370.1525423728814,12.095071711328792,5.581234231507861,6.51383747982093
2462857.5,2463246.110169492,2030-12-22 00:00:00.000,2032-01-14 14:38:38.644,388.6101694915254,14.597677140247342,6.893813553296617,7.703863586950724
2462857.5,2463264.5677966103,2030-12-22 00:00:00.000,2032-02-02 01:37:37.627,407.0677966101695,17.784111846082546,8.65080442579108,9.133307420291466
2462858.5,2463025.618644068,2030-12-23 00:00:00.000,2031-06-08 02:50:50.847,167.11864406779662,16.35946632285466,5.970288317015925,10.389178005838737
2462858.5,2463044.0762711866,2030-12-23 00:00:00.000,2031-06-26 13:49:49.831,185.5762711864407,13.211594622816786,4.836885707520308,8.374708915296479
2462858.5,2463062.533898305,2030-12-23 00:00:00.000,2031-07-15 00:48:48.814,204.0338983050848,12.04852736824478,4.896912320549083,7.151615047695698
2462858.5,2463099.4491525423,2030-12-23 00:00:00.000,2031-08-20 22:46:46.780,240.9491525423729,10.026826705847846,5.077074646194974,4.949752059652871
2462858.5,2463117.906779661,2030-12-23 00:00:00.000,2031-09-08 09:45:45.763,259.40677966101697,7.473898143079081,3.6802525301051694,3.793645612973912
2462858.5,2463136.36440678,2030-12-23 00:00:00.000,2031-09-26 20:44:44.746,277.86440677966107,6.736872424193277,3.3098604710067305,3.4270119531865464
2462858.5,2463154.8220338984,2030-12-23 00:00:00.000,2031-10-15 07:43:43.729,296.3220338983051,6.813940160831197,3.279137312691637,3.5348028481395595
2462858.5,2463173.279661017,2030-12-23 00:00:00.000,2031-11-02 18:42:42.712,314.77966101694915,7.468380059490805,3.4824339474373347,3.9859461120534703
2462858.5,2463191.737288136,2030-12-23 00:00:00.000,2031-11-21 05:41:41.695,333.23728813559325,8.579441350865336,3.9115590388275288,4.667882312037807
2462858.5,2463210.194915254,2030-12-23 00:00:00.000,2031-12-09 16:40:40.678,351.69491525423734,10.105686940929935,4.588032748313761,5.517654192616173
2462858.5,2463228.6525423727,2030-12-23 00:00:00.000,2031-12-28 03:39:39.661,370.1525423728814,12.07114673192481,5.550332198409815,6.5208145335149945
2462858.5,2463247.110169492,2030-12-23 00:00:00.000,2032-01-15 14:38:38.644,388.6101694915254,14.55872183889024,6.858043824335442,7.700678014554796
2462858.5,2463265.5677966103,2030-12-23 00:00:00.000,2032-02-03 01:37:37.627,407.0677966101695,17.71947378954855,8.604438996726765,9.115034792821788
2462859.5,2463026.618644068,2030-12-24 00:00:00.000,2031-06-09 02:50:50.847,167.11864406779662,16.17620371701072,5.866663640869124,10.309540076141596
2462859.5,2463045.0762711866,2030-12-24 00:00:00.000,2031-06-27 13:49:49.831,185.5762711864407,13.05763386217664,4.752055501151734,8.305578361024905
2462859.5,2463063.533898305,2030-12-24 00:00:00.000,2031-07-16 00:48:48.814,204.0338983050848,11.858791216692754,4.788141812361196,7.07064940433156
2462859.5,2463100.4491525423,2030-12-24 00:00:00.000,2031-08-21 22:46:46.780,240.9491525423729,10.21359062366008,5.209013105616505,5.004577518043575
2462859.5,2463118.906779661,2030-12-24 00:00:00.000,2031-09-09 09:45:45.763,259.40677966101697,7.479747798826262,3.6866296988203966,3.7931181000058647
2462859.5,2463137.36440678,2030-12-24 00:00:00.000,2031-09-27 20:44:44.746,277.86440677966107,6.723853017875287,3.2934013890719283,3.4304516288033584
2462859.5,2463155.8220338984,2030-12-24 00:00:00.000,2031-10-16 07:43:43.729,296.3220338983051,6.802130084552844,3.255281236864481,3.5468488476883624
2462859.5,2463174.279661017,2030-12-24 00:00:00.000,2031-11-03 18:42:42.712,314.77966101694915,7.45840576586717,3.4556175578640342,4.002788208003136
2462859.5,2463192.737288136,2030-12-24 00:00:00.000,2031-11-22 05:41:41.695,333.23728813559325,8.568508013879331,3.883562084456358,4.684945929422974
2462859.5,2463211.194915254,2030-12-24 00:00:00.000,2031-12-10 16:40:40.678,351.69491525423734,10.09050855938812,4.559221468427967,5.531287090960154
2462859.5,2463229.6525423727,2030-12-24 00:00:00.000,2031-12-29 03:39:39.661,370.1525423728814,12.047416390274268,5.519588945451553,6.527827444822715
2462859.5,2463248.110169492,2030-12-24 00:00:00.000,2032-01-16 14:38:38.644,388.6101694915254,14.519892526376523,6.822369906124664,7.697522620251861
2462859.5,2463266.5677966103,2030-12-24 00:00:00.000,2032-02-04 01:37:37.627,407.0677966101695,17.655056598765118,8.55818460301577,9.096871995749348
2462860.5,2463027.618644068,2030-12-25 00:00:00.000,2031-06-10 02:50:50.847,167.11864406779662,15.99357886404964,5.7640753535623,10.22950351048734
2462860.5,2463046.0762711866,2030-12-25 00:00:00.000,2031-06-28 13:49:49.831,185.5762711864407,12.904718065152151,4.668543708024049,8.236174357128103
2462860.5,2463064.533898305,2030-12-25 00:00:00.000,2031-07-17 00:48:48.814,204.0338983050848,11.67682689068737,4.685073855886654,6.991753034800714
2462860.5,2463101.4491525423,2030-12-25 00:00:00.000,2031-08-22 22:46:46.780,240.9491525423729,10.429499249965772,5.358471736641981,5.071027513323792
2462860.5,2463119.906779661,2030-12-25 00:00:00.000,2031-09-10 09:45:45.763,259.40677966101697,7.491144877980942,3.696548703746605,3.7945961742343375
2462860.5,2463138.36440678,2030-12-25 00:00:00.000,2031-09-28 20:44:44.746,277.86440677966107,6.713615768724438,3.2786834433200363,3.434932325404401
2462860.5,2463156.8220338984,2030-12-25 00:00:00.000,2031-10-17 07:43:43.729,296.3220338983051,6.792120237728068,3.2325657183938765,3.5595545193341915
2462860.5,2463175.279661017,2030-12-25 00:00:00.000,2031-11-04 18:42:42.712,314.77966101694915,7.449643083913152,3.42962641522694,4.020016668686211
2462860.5,2463193.737288136,2030-12-25 00:00:00.000,2031-11-23 05:41:41.695,333.23728813559325,8.55840389138178,3.856189420606667,4.702214470775112
2462860.5,2463212.194915254,2030-12-25 00:00:00.000,2031-12-11 16:40:40.678,351.69491525423734,10.075905309135964,4.53089240978546,5.545012899350504
2462860.5,2463230.6525423727,2030-12-25 00:00:00.000,2031-12-30 03:39:39.661,370.1525423728814,12.024095392034797,5.489221817938607,6.534873574096189
2462860.5,2463249.110169492,2030-12-25 00:00:00.000,2032-01-17 14:38:38.644,388.6101694915254,14.481401141005176,6.787005259253706,7.69439588175147
2462860.5,2463267.5677966103,2030-12-25 00:00:00.000,2032-02-05 01:37:37.627,407.0677966101695,17.591066662899962,8.512248754817863,9.0788179080821
2462861.5,2463028.618644068,2030-12-26 00:00:00.000,2031-06-11 02:50:50.847,167.11864406779662,15.811847175960995,5.662765690489978,10.14908148547102
2462861.5,2463047.0762711866,2030-12-26 00:00:00.000,2031-06-29 13:49:49.831,185.5762711864407,12.753100830492196,4.586590183780768,8.166510646711428
2462861.5,2463065.533898305,2030-12-26 00:00:00.000,2031-07-18 00:48:48.814,204.0338983050848,11.50194642108816,4.587312953963584,6.914633467124575
2462861.5,2463102.4491525423,2030-12-26 00:00:00.000,2031-08-23 22:46:46.780,240.9491525423729,10.677940945583826,5.527289073806896,5.15065187177693
2462861.5,2463120.906779661,2030-12-26 00:00:00.000,2031-09-11 09:45:45.763,259.40677966101697,7.508405814107517,3.710222914103611,3.798182900003906
2462861.5,2463139.36440678,2030-12-26 00:00:00.000,2031-09-29 20:44:44.746,277.86440677966107,6.706330406745954,3.265861753354343,3.440468653391611
2462861.5,2463157.8220338984,2030-12-26 00:00:00.000,2031-10-18 07:43:43.729,296.3220338983051,6.7840701287821705,3.211154212538843,3.5729159162433275
2462861.5,2463176.279661017,2030-12-26 00:00:00.000,2031-11-05 18:42:42.712,314.77966101694915,7.44226294734467,3.4046387919693006,4.037624155375369
2462861.5,2463194.737288136,2030-12-26 00:00:00.000,2031-11-24 05:41:41.695,333.23728813559325,8.54931378098954,3.829632717900693,4.719681063088846
2462861.5,2463213.194915254,2030-12-26 00:00:00.000,2031-12-12 16:40:40.678,351.69491525423734,10.062073076482848,4.50324726354429,5.558825812938558
2462861.5,2463231.6525423727,2030-12-26 00:00:00.000,2031-12-31 03:39:39.661,370.1525423728814,12.00138733941196,5.45943912228358,6.541948217128381
2462861.5,2463250.110169492,2030-12-26 00:00:00.000,2032-01-18 14:38:38.644,388.6101694915254,14.44345614480649,6.752162068749374,7.691294076057116
2462861.5,2463268.5677966103,2030-12-26 00:00:00.000,2032-02-06 01:37:37.627,407.0677966101695,17.52771407133813,8.466845015041182,9.060869056296948
2462862.5,2463011.161016949,2030-12-27 00:00:00.000,2031-05-24 15:51:51.864,148.66101694915255,19.790011356502397,7.192931392888663,12.59707996361373
2462862.5,2463029.618644068,2030-12-27 00:00:00.000,2031-06-12 02:50:50.847,167.11864406779662,15.631196337319428,5.562907607067365,10.06828873025206
2462862.5,2463048.0762711866,2030-12-27 00:00:00.000,2031-06-30 13:49:49.831,185.5762711864407,12.602964075353704,4.506361527452463,8.09660254790124
2462862.5,2463066.533898305,2030-12-27 00:00:00.000,2031-07-19 00:48:48.814,204.0338983050848,11.333554629365985,4.494501098548183,6.839053530817801
2462862.5,2463103.4491525423,2030-12-27 00:00:00.000,2031-08-24 22:46:46.780,240.9491525423729,10.962773628345456,5.717532512568221,5.245241115777235
2462862.5,2463121.906779661,2030-12-27 00:00:00.000,2031-09-12 09:45:45.763,259.40677966101697,7.531789274588965,3.7278037138992426,3.8039855606897217
2462862.5,2463140.36440678,2030-12-27 00:00:00.000,2031-09-30 20:44:44.746,277.86440677966107,6.702094910121129,3.255021247172814,3.4470736629483154
2462862.5,2463158.8220338984,2030-12-27 00:00:00.000,2031-10-19 07:43:43.729,296.3220338983051,6.778068221531391,3.191140906357555,3.586927315173836
2462862.5,2463177.279661017,2030-12-27 00:00:00.000,2031-11-06 18:42:42.712,314.77966101694915,7.43636928136338,3.3807677113549897,4.05560157000839
2462862.5,2463195.737288136,2030-12-27 00:00:00.000,2031-11-25 05:41:41.695,333.23728813559325,8.54136123197597,3.804024255325901,4.737336976650068
2462862.5,2463214.194915254,2030-12-27 00:00:00.000,2031-12-13 16:40:40.678,351.69491525423734,10.04915312114843,4.47643508255582,5.572718038592611
2462862.5,2463232.6525423727,2030-12-27 00:00:00.000,2032-01-01 03:39:39.661,370.1525423728814,11.979448041591098,5.430403513726545,6.549044527864554
2462862.5,2463251.110169492,2030-12-27 00:00:00.000,2032-01-19 14:38:38.644,388.6101694915254,14.406224921541464,6.718013766244759,7.688211155296706
2462862.5,2463269.5677966103,2030-12-27 00:00:00.000,2032-02-07 01:37:37.627,407.0677966101695,17.46517438698785,8.422154964250447,9.043019422737403
2462863.5,2463012.161016949,2030-12-28 00:00:00.000,2031-05-25 15:51:51.864,148.66101694915255,19.575496386319987,7.072971477656361,12.502524908663627
2462863.5,2463030.618644068,2030-12-28 00:00:00.000,2031-06-13 02:50:50.847,167.11864406779662,15.4517319113117,5.464590902303445,9.987141009008257
2462863.5,2463049.0762711866,2030-12-28 00:00:00.000,2031-07-01 13:49:49.831,185.5762711864407,12.454406020742937,4.427939516832671,8.026466503910266
2462863.5,2463067.533898305,2030-12-28 00:00:00.000,2031-07-20 00:48:48.814,204.0338983050848,11.171108486692937,4.406288566969351,6.7648199197235845
2462863.5,2463104.4491525423,2030-12-28 00:00:00.000,2031-08-25 22:46:46.780,240.9491525423729,11.288442229031729,5.931567946670067,5.35687428236166
2462863.5,2463122.906779661,2030-12-28 00:00:00.000,2031-09-13 09:45:45.763,259.40677966101697,7.561496755460604,3.7493807462319735,3.8121160092286313
2462863.5,2463141.36440678,2030-12-28 00:00:00.000,2031-10-01 20:44:44.746,277.86440677966107,6.700931061620192,3.2461721738170146,3.4547588878031776
2462863.5,2463159.8220338984,2030-12-28 00:00:00.000,2031-10-20 07:43:43.729,296.3220338983051,6.774123653269688,3.1725422704342594,3.601581382835428
2462863.5,2463178.279661017,2030-12-28 00:00:00.000,2031-11-07 18:42:42.712,314.77966101694915,7.431986686518828,3.3580483900074345,4.073938296511393
2462863.5,2463196.737288136,2030-12-28 00:00:00.000,2031-11-26 05:41:41.695,333.23728813559325,8.53459229994606,3.779420393684752,4.7551719062613085
2462863.5,2463215.194915254,2030-12-28 00:00:00.000,2031-12-14 16:40:40.678,351.69491525423734,10.037212301506797,4.450532207911951,5.586680093594844
2462863.5,2463233.6525423727,2030-12-28 00:00:00.000,2032-01-02 03:39:39.661,370.1525423728814,11.95836270258055,5.402208881591408,6.556153820989142
2462863.5,2463252.110169492,2030-12-28 00:00:00.000,2032-01-20 14:38:38.644,388.6101694915254,14.369808359687362,6.6846693180499415,7.685139041637421
2462863.5,2463270.5677966103,2030-12-28 00:00:00.000,2032-02-08 01:37:37.627,407.0677966101695,17.403560931990135,8.378300212011933,9.0252607199782
2462864.5,2463013.161016949,2030-12-29 00:00:00.000,2031-05-26 15:51:51.864,148.66101694915255,19.361851992709667,6.954320569926111,12.407531422783556
2462864.5,2463031.618644068,2030-12-29 00:00:00.000,2031-06-14 02:50:50.847,167.11864406779662,15.273485761343544,5.367831206076138,9.905654555267406
2462864.5,2463050.0762711866,2030-12-29 00:00:00.000,2031-07-02 13:49:49.831,185.5762711864407,12.307451961747294,4.351332387325728,7.956119574421565
2462864.5,2463068.533898305,2030-12-29 00:00:00.000,2031-07-21 00:48:48.814,204.0338983050848,11.01410316400228,4.322328881690764,6.691774282311516
2462864.5,2463105.4491525423,2030-12-29 00:00:00.000,2031-08-26 22:46:46.780,240.9491525423729,11.66013480727762,6.172155667894232,5.487979139383388
2462864.5,2463123.906779661,2030-12-29 00:00:00.000,2031-09-14 09:45:45.763,259.40677966101697,7.597689241915956,3.774998120558804,3.822691121357152
2462864.5,2463142.36440678,2030-12-29 00:00:00.000,2031-10-02 20:44:44.746,277.86440677966107,6.702798598805535,3.2392641041460624,3.463534494659472
2462864.5,2463160.8220338984,2030-12-29 00:00:00.000,2031-10-21 07:43:43.729,296.3220338983051,6.772178032023444,3.155308542249849,3.616869489773594
2462864.5,2463179.279661017,2030-12-29 00:00:00.000,2031-11-08 18:42:42.712,314.77966101694915,7.429068998209437,3.3364463768125763,4.092622621396861
2462864.5,2463197.737288136,2030-12-29 00:00:00.000,2031-11-27 05:41:41.695,333.23728813559325,8.528980433497892,3.7558059745628087,4.773174458935085
2462864.5,2463216.194915254,2030-12-29 00:00:00.000,2031-12-15 16:40:40.678,351.69491525423734,10.026244279357526,4.425542941509211,5.600701337848315
2462864.5,2463234.6525423727,2030-12-29 00:00:00.000,2032-01-03 03:39:39.661,370.1525423728814,11.938143665552108,5.374877527181409,6.563266138370698
2462864.5,2463253.110169492,2030-12-29 00:00:00.000,2032-01-21 14:38:38.644,388.6101694915254,14.334235407841224,6.652167185007257,7.6820682228339665
2462864.5,2463271.5677966103,2030-12-29 00:00:00.000,2032-02-09 01:37:37.627,407.0677966101695,17.34291636461461,8.335333351895065,9.007583012719545
2462865.5,2463014.161016949,2030-12-30 00:00:00.000,2031-05-27 15:51:51.864,148.66101694915255,19.149058985442288,6.836943705749721,12.312115279692568
2462865.5,2463032.618644068,2030-12-30 00:00:00.000,2031-06-15 02:50:50.847,167.11864406779662,15.096439586894329,5.272593984621596,9.823845602272732
2462865.5,2463051.0762711866,2030-12-30 00:00:00.000,2031-07-03 13:49:49.831,185.5762711864407,12.162079337585174,4.276500336150745,7.885579001434429
2462865.5,2463069.533898305,2030-12-30 00:00:00.000,2031-07-22 00:48:48.814,204.0338983050848,10.862075175197766,4.242288889935793,6.619786285261974
2462865.5,2463106.4491525423,2030-12-30 00:00:00.000,2031-08-27 22:46:46.780,240.9491525423729,12.08397883925388,6.442570189177839,5.64140865007604
2462865.5,2463124.906779661,2030-12-30 00:00:00.000,2031-09-15 09:45:45.763,259.40677966101697,7.640511441787898,3.804678102403616,3.8358333393842816
2462865.5,2463143.36440678,2030-12-30 00:00:00.000,2031-10-03 20:44:44.746,277.86440677966107,6.707619317597533,3.2342098349231296,3.4734094826744037
2462865.5,2463161.8220338984,2030-12-30 00:00:00.000,2031-10-22 07:43:43.729,296.3220338983051,6.772129167769935,3.1393470969617034,3.632782070808231
2462865.5,2463180.279661017,2030-12-30 00:00:00.000,2031-11-09 18:42:42.712,314.77966101694915,7.427521538716119,3.3158793397833373,4.111642198932782
2462865.5,2463198.737288136,2030-12-30 00:00:00.000,2031-11-28 05:41:41.695,333.23728813559325,8.524446536063877,3.7331138454704234,4.791332690593455
2462865.5,2463217.194915254,2030-12-30 00:00:00.000,2031-12-16 16:40:40.678,351.69491525423734,10.016187057355715,4.40141649202925,5.614770565326467
2462865.5,2463235.6525423727,2030-12-30 00:00:00.000,2032-01-04 03:39:39.661,370.1525423728814,11.918745350849756,5.348374460401629,6.570370890448127
2462865.5,2463254.110169492,2030-12-30 00:00:00.000,2032-01-22 14:38:38.644,388.6101694915254,14.299475458623554,6.620487013836503,7.678988444787051
2462865.5,2463272.5677966103,2030-12-30 00:00:00.000,2032-02-10 01:37:37.627,407.0677966101695,17.283222566262655,8.29324709877766,8.989975467484994
2462866.5,2463015.161016949,2030-12-31 00:00:00.000,2031-05-28 15:51:51.864,148.66101694915255,18.9370728218346,6.720781022357979,12.216291799476616
2462866.5,2463033.618644068,2030-12-31 00:00:00.000,2031-06-16 02:50:50.847,167.11864406779662,14.920551243615304,5.178821158149438,9.741730085465866
2462866.5,2463052.0762711866,2030-12-31 00:00:00.000,2031-07-04 13:49:49.831,185.5762711864407,12.018244511135098,4.203382586657033,7.814861924478065
2462866.5,2463070.533898305,2030-12-31 00:00:00.000,2031-07-23 00:48:48.814,204.0338983050848,10.714610384343878,4.165862147590278,6.5487482367536
2462866.5,2463107.4491525423,2030-12-31 00:00:00.000,2031-08-28 22:46:46.780,240.9491525423729,12.567283578153848,6.746744541596614,5.820539036557233
2462866.5,2463125.906779661,2030-12-31 00:00:00.000,2031-09-16 09:45:45.763,259.40677966101697,7.690114179585546,3.838442882477141,3.8516712971084046
2462866.5,2463144.36440678,2030-12-31 00:00:00.000,2031-10-04 20:44:44.746,277.86440677966107,6.715300434629924,3.230908555690674,3.4843918789392507
2462866.5,2463162.8220338984,2030-12-31 00:00:00.000,2031-10-23 07:43:43.729,296.3220338983051,6.773855511772124,3.124546569209247,3.649308942562878
2462866.5,2463181.279661017,2030-12-31 00:00:00.000,2031-11-10 18:42:42.712,314.77966101694915,7.427225773654996,3.2962413277452742,4.130984445909722
2462866.5,2463199.737288136,2030-12-31 00:00:00.000,2031-11-29 05:41:41.695,333.23728813559325,8.520883188303625,3.711248630356255,4.809634557947369
2462866.5,2463218.194915254,2030-12-31 00:00:00.000,2031-12-17 16:40:40.678,351.69491525423734,10.006946324244955,4.378069819461904,5.628876504783054
2462866.5,2463236.6525423727,2030-12-31 00:00:00.000,2032-01-05 03:39:39.661,370.1525423728814,11.90008646888544,5.32262906259504,6.577457406290399
2462866.5,2463255.110169492,2030-12-31 00:00:00.000,2032-01-23 14:38:38.644,388.6101694915254,14.265459301427626,6.589569984988182,7.675889316439445
2462866.5,2463273.5677966103,2030-12-31 00:00:00.000,2032-02-11 01:37:37.627,407.0677966101695,17.224420265368018,8.251993242208005,8.972427023160014
2462867.5,2463016.161016949,2031-01-01 00:00:00.000,2031-05-29 15:51:51.864,148.66101694915255,18.72584311477473,6.605767392956283,12.12007572181844
2462867.5,2463034.618644068,2031-01-01 00:00:00.000,2031-06-17 02:50:50.847,167.11864406779662,14.7457744709961,5.086450958137001,9.659323512859098
2462867.5,2463053.0762711866,2031-01-01 00:00:00.000,2031-07-05 13:49:49.831,185.5762711864407,11.875902155987392,4.131916908134585,7.743985247852807
2462867.5,2463071.533898305,2031-01-01 00:00:00.000,2031-07-24 00:48:48.814,204.0338983050848,10.571348339126232,4.092777412678056,6.478570926448177
2462867.5,2463108.4491525423,2031-01-01 00:00:00.000,2031-08-29 22:46:46.780,240.9491525423729,13.11884298637728,7.089446064436853,6.029396921940427
2462867.5,2463126.906779661,2031-01-01 00:00:00.000,2031-09-17 09:45:45.763,259.40677966101697,7.746669664969259,3.8763291343426896,3.870340530626569
2462867.5,2463145.36440678,2031-01-01 00:00:00.000,2031-10-05 20:44:44.746,277.86440677966107,6.725750481421508,3.22926158035257,3.496488901068937
2462867.5,2463163.8220338984,2031-01-01 00:00:00.000,2031-10-24 07:43:43.729,296.3220338983051,6.777233564459016,3.1107940293668888,3.666439535092128
2462867.5,2463182.279661017,2031-01-01 00:00:00.000,2031-11-11 18:42:42.712,314.77966101694915,7.428057836249778,3.277421022400492,4.150636813849286
2462867.5,2463200.737288136,2031-01-01 00:00:00.000,2031-11-30 05:41:41.695,333.23728813559325,8.518173907315449,3.690105682217157,4.828068225098292
2462867.5,2463219.194915254,2031-01-01 00:00:00.000,2031-12-18 16:40:40.678,351.69491525423734,9.998415099613949,4.35540693938936,5.643008160224587
2462867.5,2463237.6525423727,2031-01-01 00:00:00.000,2032-01-06 03:39:39.661,370.1525423728814,11.88206977890636,5.297554466840833,6.584515312065527
2462867.5,2463256.110169492,2031-01-01 00:00:00.000,2032-01-24 14:38:38.644,388.6101694915254,14.232098810184963,6.559338076879604,7.672760733305362
2462867.5,2463274.5677966103,2031-01-01 00:00:00.000,2032-02-12 01:37:37.627,407.0677966101695,17.16642853635344,8.211501665249534,8.954926871103906
2462868.5,2463017.161016949,2031-01-02 00:00:00.000,2031-05-30 15:51:51.864,148.66101694915255,18.51532418048631,6.491842978806583,12.023481201679726
2462868.5,2463035.618644068,2031-01-02 00:00:00.000,2031-06-18 02:50:50.847,167.11864406779662,14.5720693365475,4.99542838617075,9.57664095037675
2462868.5,2463054.0762711866,2031-01-02 00:00:00.000,2031-07-06 13:49:49.831,185.5762711864407,11.735015058589203,4.062049442204716,7.672965616384489
2462868.5,2463072.533898305,2031-01-02 00:00:00.000,2031-07-25 00:48:48.814,204.0338983050848,10.431980697394776,4.022800305612075,6.409180391782701
2462868.5,2463109.4491525423,2031-01-02 00:00:00.000,2031-08-30 22:46:46.780,240.9491525423729,13.74932389533978,7.476497893001859,6.27282600233792
2462868.5,2463127.906779661,2031-01-02 00:00:00.000,2031-09-18 09:45:45.763,259.40677966101697,7.810379562395517,3.918395268170508,3.891984294225009
2462868.5,2463146.36440678,2031-01-02 00:00:00.000,2031-10-06 20:44:44.746,277.86440677966107,6.7388868847801735,3.229179798671152,3.5097070861090214
2462868.5,2463164.8220338984,2031-01-02 00:00:00.000,2031-10-25 07:43:43.729,296.3220338983051,6.782146627449428,3.097983585780915,3.6841630416685134
2462868.5,2463183.279661017,2031-01-02 00:00:00.000,2031-11-12 18:42:42.712,314.77966101694915,7.429898443175521,3.2593114955109743,4.170586947664547
2462868.5,2463201.737288136,2031-01-02 00:00:00.000,2031-12-01 05:41:41.695,333.23728813559325,8.516204124543945,3.669581888893339,4.846622235650606
2462868.5,2463220.194915254,2031-01-02 00:00:00.000,2031-12-19 16:40:40.678,351.69491525423734,9.990485601158074,4.33333060006888,5.657155001089193
2462868.5,2463238.6525423727,2031-01-02 00:00:00.000,2032-01-07 03:39:39.661,370.1525423728814,11.864594664870076,5.273059919887355,6.59153474498272
2462868.5,2463257.110169492,2031-01-02 00:00:00.000,2032-01-25 14:38:38.644,388.6101694915254,14.199300081163136,6.529706959338656,7.66959312182448
2462868.5,2463275.5677966103,2031-01-02 00:00:00.000,2032-02-13 01:37:37.627,407.0677966101695,17.109158401064242,8.171693661491666,8.937464739572578
2462869.5,2463018.161016949,2031-01-03 00:00:00.000,2031-05-31 15:51:51.864,148.66101694915255,18.305478788177204,6.378956926276652,11.926521861900552
2462869.5,2463036.618644068,2031-01-03 00:00:00.000,2031-06-19 02:50:50.847,167.11864406779662,14.399405810528322,4.905708746854438,9.493697063673885
2462869.5,2463055.0762711866,2031-01-03 00:00:00.000,2031-07-07 13:49:49.831,185.5762711864407,11.595557129334397,3.99373768129045,7.601819448043944
2462869.5,2463073.533898305,2031-01-03 00:00:00.000,2031-07-26 00:48:48.814,204.0338983050848,10.296245867274376,3.955730490387389,6.340515376886986
2462869.5,2463091.991525424,2031-01-03 00:00:00.000,2031-08-13 11:47:47.797,222.49152542372883,18.799782017213683,9.839439070438576,8.960342946775109
2462869.5,2463110.4491525423,2031-01-03 00:00:00.000,2031-08-31 22:46:46.780,240.9491525423729,14.471774772909614,7.915066903299848,6.556707869609766
2462869.5,2463128.906779661,2031-01-03 00:00:00.000,2031-09-19 09:45:45.763,259.40677966101697,7.881478626047823,3.9647241196109855,3.916754506436837
2462869.5,2463147.36440678,2031-01-03 00:00:00.000,2031-10-07 20:44:44.746,277.86440677966107,6.754638006556431,3.2305856070735235,3.5240523994829074
2462869.5,2463165.8220338984,2031-01-03 00:00:00.000,2031-10-26 07:43:43.729,296.3220338983051,6.788487451046976,3.086018936987526,3.70246851405945
2462869.5,2463184.279661017,2031-01-03 00:00:00.000,2031-11-13 18:42:42.712,314.77966101694915,7.432636328869632,3.2418135597013427,4.19082276916829
2462869.5,2463202.737288136,2031-01-03 00:00:00.000,2031-12-02 05:41:41.695,333.23728813559325,8.514865470013387,3.649579874503972,4.865285595509415
2462869.5,2463221.194915254,2031-01-03 00:00:00.000,2031-12-20 16:40:40.678,351.69491525423734,9.983054348706748,4.311747297302586,5.671307051404162
2462869.5,2463239.6525423727,2031-01-03 00:00:00.000,2032-01-08 03:39:39.661,370.1525423728814,11.847562983690295,5.249056529083001,6.598506454607295
2462869.5,2463258.110169492,2031-01-03 00:00:00.000,2032-01-26 14:38:38.644,388.6101694915254,14.1669699479183,6.500592389684572,7.666377558233728
2462869.5,2463276.5677966103,2031-01-03 00:00:00.000,2032-02-14 01:37:37.627,407.0677966101695,17.052519957103797,8.132488919941002,8.920031037162794
2462870.5,2463019.161016949,2031-01-04 00:00:00.000,2031-06-01 15:51:51.864,148.66101694915255,18.09627852192598,6.26706766128172,11.82921086064426
2462870.5,2463037.618644068,2031-01-04 00:00:00.000,2031-06-20 02:50:50.847,167.11864406779662,14.227764018372678,4.817257841047489,9.410506177325187
2462870.5,2463056.0762711866,2031-01-04 00:00:00.000,2031-07-08 13:49:49.831,185.5762711864407,11.457513303601424,3.9269503166155726,7.53056298698585
2462870.5,2463074.533898305,2031-01-04 00:00:00.000,2031-07-27 00:48:48.814,204.0338983050848,10.163922679386568,3.891397371024664,6.272525308361904
2462870.5,2463092.991525424,2031-01-04 00:00:00.000,2031-08-14 11:47:47.797,222.49152542372883,17.61687580117085,9.142016444947624,8.474859356223224
2462870.5,2463111.4491525423,2031-01-04 00:00:00.000,2031-09-01 22:46:46.780,240.9491525423729,15.30230349137032,8.414045940185124,6.8882575511851964
2462870.5,2463129.906779661,2031-01-04 00:00:00.000,2031-09-20 09:45:45.763,259.40677966101697,7.960236594654486,4.015423745269548,3.944812849384938
2462870.5,2463148.36440678,2031-01-04 00:00:00.000,2031-10-08 20:44:44.746,277.86440677966107,6.77294267269772,3.2334123355919075,3.5395303371058127
2462870.5,2463166.8220338984,2031-01-04 00:00:00.000,2031-10-27 07:43:43.729,296.3220338983051,6.796157960172193,3.0748130306100894,3.721344929562104
2462870.5,2463185.279661017,2031-01-04 00:00:00.000,2031-11-14 18:42:42.712,314.77966101694915,7.436168379380704,3.224835857511419,4.211332521869285
2462870.5,2463203.737288136,2031-01-04 00:00:00.000,2031-12-03 05:41:41.695,333.23728813559325,8.514056428380389,3.6300086188083753,4.884047809572013
2462870.5,2463222.194915254,2031-01-04 00:00:00.000,2031-12-21 16:40:40.678,351.69491525423734,9.97602338218084,4.290568456091144,5.685454926089697
2462870.5,2463240.6525423727,2031-01-04 00:00:00.000,2032-01-09 03:39:39.661,370.1525423728814,11.830880836043928,5.225458992078545,6.605421843965382
2462870.5,2463259.110169492,2031-01-04 00:00:00.000,2032-01-27 14:38:38.644,388.6101694915254,14.135018279058748,6.471912460466468,7.66310581859228
2462870.5,2463277.5677966103,2031-01-04 00:00:00.000,2032-02-15 01:37:37.627,407.0677966101695,16.99642518432533,8.09380826783747,8.902616916487858
2462871.5,2463020.161016949,2031-01-05 00:00:00.000,2031-06-02 15:51:51.864,148.66101694915255,17.887702864485348,6.156141910140229,11.73156095434512
2462871.5,2463038.618644068,2031-01-05 00:00:00.000,2031-06-21 02:50:50.847,167.11864406779662,14.0571333099141,4.730050977456909,9.327082332457191
2462871.5,2463057.0762711866,2031-01-05 00:00:00.000,2031-07-09 13:49:49.831,185.5762711864407,11.32087845135838,3.861666093282212,7.459212358076169
2462871.5,2463075.533898305,2031-01-05 00:00:00.000,2031-07-28 00:48:48.814,204.0338983050848,10.03482453454518,3.829655873504061,6.205168661041119
2462871.5,2463093.991525424,2031-01-05 00:00:00.000,2031-08-15 11:47:47.797,222.49152542372883,16.617666821005056,8.55275526669805,8.064911554307006
2462871.5,2463112.4491525423,2031-01-05 00:00:00.000,2031-09-02 22:46:46.780,240.9491525423729,16.260991108392282,8.984568202971271,7.27642290542101
2462871.5,2463130.906779661,2031-01-05 00:00:00.000,2031-09-21 09:45:45.763,259.40677966101697,8.046959802854175,4.0706277605579375,3.976332042296237
2462871.5,2463149.36440678,2031-01-05 00:00:00.000,2031-10-09 20:44:44.746,277.86440677966107,6.793748866661954,3.237602839002377,3.5561460276595764
2462871.5,2463167.8220338984,2031-01-05 00:00:00.000,2031-10-28 07:43:43.729,296.3220338983051,6.805067913765547,3.064286667941255,3.740781245824292
2462871.5,2463186.279661017,2031-01-05 00:00:00.000,2031-11-15 18:42:42.712,314.77966101694915,7.440398445644009,3.208293645870401,4.232104799773608
2462871.5,2463204.737288136,2031-01-05 00:00:00.000,2031-12-04 05:41:41.695,333.23728813559325,8.513681421286233,3.61078252167502,4.9028988996112135
2462871.5,2463223.194915254,2031-01-05 00:00:00.000,2031-12-22 16:40:40.678,351.69491525423734,9.969299678637608,4.269709833299259,5.699589845338349
2462871.5,2463241.6525423727,2031-01-05 00:00:00.000,2032-01-10 03:39:39.661,370.1525423728814,11.81445834220008,5.202185357419742,6.612272984780337
2462871.5,2463260.110169492,2031-01-05 00:00:00.000,2032-01-28 14:38:38.644,388.6101694915254,14.1033581157941,6.443587717819062,7.65977039797504
2462871.5,2463278.5677966103,2031-01-05 00:00:00.000,2032-02-16 01:37:37.627,407.0677966101695,16.94078844548173,8.055574145076578,8.88521430040515
2462872.5,2463021.161016949,2031-01-06 00:00:00.000,2031-06-03 15:51:51.864,148.66101694915255,17.679737857559402,6.046153309260471,11.63358454829893
2462872.5,2463039.618644068,2031-01-06 00:00:00.000,2031-06-22 02:50:50.847,167.11864406779662,13.887511002389338,4.644071667747874,9.243439334641463
2462872.5,2463058.0762711866,2031-01-06 00:00:00.000,2031-07-10 13:49:49.831,185.5762711864407,11.185656109653875,3.797872495437886,7.38778361421599
2462872.5,2463076.533898305,2031-01-06 00:00:00.000,2031-07-29 00:48:48.814,204.0338983050848,9.908794399086776,3.77038277610198,6.138411622984797
2462872.5,2463094.991525424,2031-01-06 00:00:00.000,2031-08-16 11:47:47.797,222.49152542372883,15.76249709028139,8.048703501647013,7.713793588634376
2462872.5,2463113.4491525423,2031-01-06 00:00:00.000,2031-09-03 22:46:46.780,240.9491525423729,17.373136261552677,9.640706913759413,7.732429347793264
2462872.5,2463131.906779661,2031-01-06 00:00:00.000,2031-09-22 09:45:45.763,259.40677966101697,8.141993217364284,4.130495904094691,4.011497313269593
2462872.5,2463150.36440678,2031-01-06 00:00:00.000,2031-10-10 20:44:44.746,277.86440677966107,6.817012338432507,3.2431079995409555,3.5739043388915515
2462872.5,2463168.8220338984,2031-01-06 00:00:00.000,2031-10-29 07:43:43.729,296.3220338983051,6.815133314246059,3.054366861434281,3.7607664528117777
2462872.5,2463187.279661017,2031-01-06 00:00:00.000,2031-11-16 18:42:42.712,314.77966101694915,7.445235700458609,3.1921071270097863,4.253128573448823
2462872.5,2463205.737288136,2031-01-06 00:00:00.000,2031-12-05 05:41:41.695,333.23728813559325,8.51364921470402,3.591819795414244,4.921829419289776
2462872.5,2463224.194915254,2031-01-06 00:00:00.000,2031-12-23 16:40:40.678,351.69491525423734,9.96279369114093,4.249090045870623,5.713703645270309
2462872.5,2463242.6525423727,2031-01-06 00:00:00.000,2032-01-11 03:39:39.661,370.1525423728814,11.79820836167994,5.179155734403537,6.619052627276402
2462872.5,2463261.110169492,2031-01-06 00:00:00.000,2032-01-29 14:38:38.644,388.6101694915254,14.071904598658534,6.415540076887766,7.656364521770767
2462872.5,2463279.5677966103,2031-01-06 00:00:00.000,2032-02-17 01:37:37.627,407.0677966101695,16.885525637708845,8.017709740908652,8.867815896800195
2462873.5,2463022.161016949,2031-01-07 00:00:00.000,2031-06-04 15:51:51.864,148.66101694915255,17.472375085147405,5.937081352441852,11.535293732705554
2462873.5,2463040.618644068,2031-01-07 00:00:00.000,2031-06-23 02:50:50.847,167.11864406779662,13.718901555635252,4.559310766251344,9.159590789383907
2462873.5,2463059.0762711866,2031-01-07 00:00:00.000,2031-07-11 13:49:49.831,185.5762711864407,11.05185776394238,3.7355649903505705,7.31629277359181
2462873.5,2463077.533898305,2031-01-07 00:00:00.000,2031-07-30 00:48:48.814,204.0338983050848,9.785701023604547,3.713474027983632,6.072226995620915
2462873.5,2463095.991525424,2031-01-07 00:00:00.000,2031-08-17 11:47:47.797,222.49152542372883,15.022091732735689,7.612864059444054,7.409227673291635
2462873.5,2463114.4491525423,2031-01-07 00:00:00.000,2031-09-04 22:46:46.780,240.9491525423729,18.670964217238016,10.400435378307876,8.27052883893014
2462873.5,2463132.906779661,2031-01-07 00:00:00.000,2031-09-23 09:45:45.763,259.40677966101697,8.245723517742466,4.195215417302679,4.050508100439787
2462873.5,2463151.36440678,2031-01-07 00:00:00.000,2031-10-11 20:44:44.746,277.86440677966107,6.842695804632168,3.249885812738517,3.592809991893651
2462873.5,2463169.8220338984,2031-01-07 00:00:00.000,2031-10-30 07:43:43.729,296.3220338983051,6.8262752969414695,3.044985667839283,3.781289629102186
2462873.5,2463188.279661017,2031-01-07 00:00:00.000,2031-11-17 18:42:42.712,314.77966101694915,7.450593283014406,3.1762000602218703,4.274393222792536
2462873.5,2463206.737288136,2031-01-07 00:00:00.000,2031-12-06 05:41:41.695,333.23728813559325,8.513871383974443,3.5730409066017765,4.940830477372668
2462873.5,2463225.194915254,2031-01-07 00:00:00.000,2031-12-24 16:40:40.678,351.69491525423734,9.956417718997017,4.228628921570813,5.727788797426202
2462873.5,2463243.6525423727,2031-01-07 00:00:00.000,2032-01-12 03:39:39.661,370.1525423728814,11.78204483969384,5.156290620978703,6.625754218715138
2462873.5,2463262.110169492,2031-01-07 00:00:00.000,2032-01-30 14:38:38.644,388.6101694915254,14.040573340451708,6.387691175317797,7.652882165133911
2462873.5,2463280.5677966103,2031-01-07 00:00:00.000,2032-02-18 01:37:37.627,407.0677966101695,16.83055262812273,7.980137407785079,8.850415220337654
2462874.5,2463023.161016949,2031-01-08 00:00:00.000,2031-06-05 15:51:51.864,148.66101694915255,17.265611941882973,5.828911633280957,11.436700308602015
2462874.5,2463041.618644068,2031-01-08 00:00:00.000,2031-06-24 02:50:50.847,167.11864406779662,13.551317132035404,4.4757670033021135,9.07555012873329
2462874.5,2463060.0762711866,2031-01-08 00:00:00.000,2031-07-12 13:49:49.831,185.5762711864407,10.919503565908109,3.674747715944455,7.244755849963655
2462874.5,2463078.533898305,2031-01-08 00:00:00.000,2031-07-31 00:48:48.814,204.0338983050848,9.665436953463423,3.658843668131446,6.006593285331977
2462874.5,2463096.991525424,2031-01-08 00:00:00.000,2031-08-18 11:47:47.797,222.49152542372883,14.374447098613397,7.2324180837168255,7.142029014896569
2462874.5,2463133.906779661,2031-01-08 00:00:00.000,2031-09-24 09:45:45.763,259.40677966101697,8.358583674380187,4.265003655116081,4.093580019264106
2462874.5,2463152.36440678,2031-01-08 00:00:00.000,2031-10-12 20:44:44.746,277.86440677966107,6.870769333650356,3.257901647744532,3.6128676859058233
2462874.5,2463170.8220338984,2031-01-08 00:00:00.000,2031-10-31 07:43:43.729,296.3220338983051,6.8384202446821885,3.0360802383572936,3.8023400063248944
2462874.5,2463189.279661017,2031-01-08 00:00:00.000,2031-11-18 18:42:42.712,314.77966101694915,7.456388081819308,3.1604995005932706,4.295888581226038
2462874.5,2463207.737288136,2031-01-08 00:00:00.000,2031-12-07 05:41:41.695,333.23728813559325,8.514261752804408,3.554367978180045,4.959893774624364
2462874.5,2463226.194915254,2031-01-08 00:00:00.000,2031-12-25 16:40:40.678,351.69491525423734,9.950085059837711,4.208246616346536,5.741838443491175
2462874.5,2463244.6525423727,2031-01-08 00:00:00.000,2032-01-13 03:39:39.661,370.1525423728814,11.76588174451939,5.133509806330956,6.632371938188434
2462874.5,2463263.110169492,2031-01-08 00:00:00.000,2032-01-31 14:38:38.644,388.6101694915254,14.009279211143207,6.359961121606367,7.64931808953684
2462874.5,2463281.5677966103,2031-01-08 00:00:00.000,2032-02-19 01:37:37.627,407.0677966101695,16.775783934104464,7.942777302093631,8.833006632010832
2462875.5,2463024.161016949,2031-01-09 00:00:00.000,2031-06-06 15:51:51.864,148.66101694915255,17.059453656740263,5.721637842373398,11.337815814366866
2462875.5,2463042.618644068,2031-01-09 00:00:00.000,2031-06-25 02:50:50.847,167.11864406779662,13.384779954130254,4.393449315778437,8.991330638351817
2462875.5,2463061.0762711866,2031-01-09 00:00:00.000,2031-07-13 13:49:49.831,185.5762711864407,10.788624794433852,3.6154359102129785,7.173188884220874
2462875.5,2463079.533898305,2031-01-09 00:00:00.000,2031-08-01 00:48:48.814,204.0338983050848,9.54791843136976,3.6064244747717167,5.941493956598042
2462875.5,2463097.991525424,2031-01-09 00:00:00.000,2031-08-19 11:47:47.797,222.49152542372883,13.802755868114891,6.897539675474781,6.905216192640111
2462875.5,2463134.906779661,2031-01-09 00:00:00.000,2031-09-25 09:45:45.763,259.40677966101697,8.481058916871406,4.340111782010188,4.140947134861218
2462875.5,2463153.36440678,2031-01-09 00:00:00.000,2031-10-13 20:44:44.746,277.86440677966107,6.901211879696003,3.26712964828948,3.634082231406523
2462875.5,2463171.8220338984,2031-01-09 00:00:00.000,2031-11-01 07:43:43.729,296.3220338983051,6.851501272711591,3.027594233687114,3.823907039024477
2462875.5,2463190.279661017,2031-01-09 00:00:00.000,2031-11-19 18:42:42.712,314.77966101694915,7.462541986975143,3.144936998830517,4.317604988144626
2462875.5,2463208.737288136,2031-01-09 00:00:00.000,2031-12-08 05:41:41.695,333.23728813559325,8.514737305362015,3.5357256543323463,4.979011651029669
2462875.5,2463227.194915254,2031-01-09 00:00:00.000,2031-12-26 16:40:40.678,351.69491525423734,9.943710581753963,4.187864139752196,5.755846442001769
2462875.5,2463245.6525423727,2031-01-09 00:00:00.000,2032-01-14 03:39:39.661,370.1525423728814,11.749633344075434,5.110732599297874,6.638900744777559
2462875.5,2463264.110169492,2031-01-09 00:00:00.000,2032-02-01 14:38:38.644,388.6101694915254,13.977936369833944,6.332268475724119,7.645667894109827
2462875.5,2463282.5677966103,2031-01-09 00:00:00.000,2032-02-20 01:37:37.627,407.0677966101695,16.721132553920647,7.905547158831855,8.815585395088794
2462876.5,2463025.161016949,2031-01-10 00:00:00.000,2031-06-07 15:51:51.864,148.66101694915255,16.853916564176473,5.615265000203508,11.238651563972963
2462876.5,2463043.618644068,2031-01-10 00:00:00.000,2031-06-26 02:50:50.847,167.11864406779662,13.219325877023543,4.312380381952808,8.906945495070737
2462876.5,2463062.0762711866,2031-01-10 00:00:00.000,2031-07-14 13:49:49.831,185.5762711864407,10.659267387179966,3.5576594013471885,7.1016079858327785
2462876.5,2463080.533898305,2031-01-10 00:00:00.000,2031-08-02 00:48:48.814,204.0338983050848,9.433086489416931,3.556169666154631,5.876916823262302
2462876.5,2463098.991525424,2031-01-10 00:00:00.000,2031-08-20 11:47:47.797,222.49152542372883,13.293994430894143,6.600588482423986,6.693405948470157
2462876.5,2463135.906779661,2031-01-10 00:00:00.000,2031-09-26 09:45:45.763,259.40677966101697,8.613693530545913,4.420828949339711,4.1928645812062015
2462876.5,2463154.36440678,2031-01-10 00:00:00.000,2031-10-14 20:44:44.746,277.86440677966107,6.934013246451297,3.2775545617875386,3.656458684663758
2462876.5,2463172.8220338984,2031-01-10 00:00:00.000,2031-11-02 07:43:43.729,296.3220338983051,6.865460423925269,3.019479952008666,3.845980471916603
2462876.5,2463191.279661017,2031-01-10 00:00:00.000,2031-11-20 18:42:42.712,314.77966101694915,7.468984071354883,3.1294507308893085,4.339533340465574
2462876.5,2463209.737288136,2031-01-10 00:00:00.000,2031-12-09 05:41:41.695,333.23728813559325,8.51522017587382,3.5170430425335595,4.998177133340261
2462876.5,2463228.194915254,2031-01-10 00:00:00.000,2031-12-27 16:40:40.678,351.69491525423734,9.937212465706136,4.167405049258561,5.769807416447575
2462876.5,2463246.6525423727,2031-01-10 00:00:00.000,2032-01-15 03:39:39.661,370.1525423728814,11.733215706427814,5.087879278379731,6.645336428048083
2462876.5,2463265.110169492,2031-01-10 00:00:00.000,2032-02-02 14:38:38.644,388.6101694915254,13.946459548817268,6.304531478468393,7.641928070348875
2462876.5,2463283.5677966103,2031-01-10 00:00:00.000,2032-02-21 01:37:37.627,407.0677966101695,16.666511061111983,7.868363325418435,8.798147735693547
2462877.5,2463026.161016949,2031-01-11 00:00:00.000,2031-06-08 15:51:51.864,148.66101694915255,16.64903169099625,5.509812988513461,11.13921870248279
2462877.5,2463044.618644068,2031-01-11 00:00:00.000,2031-06-27 02:50:50.847,167.11864406779662,13.055008204564071,4.232600384512704,8.82240782005137
2462877.5,2463063.0762711866,2031-01-11 00:00:00.000,2031-07-15 13:49:49.831,185.5762711864407,10.531495546261771,3.501466157776252,7.03002938848552
2462877.5,2463081.533898305,2031-01-11 00:00:00.000,2031-08-03 00:48:48.814,204.0338983050848,9.320908293783791,3.5080547373717565,5.812853556412035
2462877.5,2463099.991525424,2031-01-11 00:00:00.000,2031-08-21 11:47:47.797,222.49152542372883,12.837942097037295,6.3355486866603865,6.502393410376911
2462877.5,2463136.906779661,2031-01-11 00:00:00.000,2031-09-27 09:45:45.763,259.40677966101697,8.757098084723335,4.507486506882792,4.249611577840544
2462877.5,2463155.36440678,2031-01-11 00:00:00.000,2031-10-15 20:44:44.746,277.86440677966107,6.969175766441964,3.289173289653927,3.6800024767880375
2462877.5,2463173.8220338984,2031-01-11 00:00:00.000,2031-11-03 07:43:43.729,296.3220338983051,6.880250768912144,3.011700371964339,3.868550396947805
2462877.5,2463192.279661017,2031-01-11 00:00:00.000,2031-11-21 18:42:42.712,314.77966101694915,7.475652858803634,3.113987723921884,4.36166513488175
2462877.5,2463210.737288136,2031-01-11 00:00:00.000,2031-12-10 05:41:41.695,333.23728813559325,8.51563987628984,3.49825590250648,5.017383973783361
2462877.5,2463229.194915254,2031-01-11 00:00:00.000,2031-12-28 16:40:40.678,351.69491525423734,9.930514307524083,4.146797512636597,5.783716794887488
2462877.5,2463247.6525423727,2031-01-11 00:00:00.000,2032-01-16 03:39:39.661,370.1525423728814,11.716548657145797,5.064873006866467,6.651675650279329
2462877.5,2463266.110169492,2031-01-11 00:00:00.000,2032-02-03 14:38:38.644,388.6101694915254,13.91476587320394,6.276669824438823,7.6380960487651155
2462877.5,2463284.5677966103,2031-01-11 00:00:00.000,2032-02-22 01:37:37.627,407.0677966101695,16.611833299914267,7.831142404277923,8.780690895636342
2462877.5,2463303.025423729,2031-01-11 00:00:00.000,2032-03-11 12:36:36.610,425.5254237288136,19.95042341749123,9.81072218943022,10.13970122806101
2462878.5,2463027.161016949,2031-01-12 00:00:00.000,2031-06-09 15:51:51.864,148.66101694915255,16.444848255776137,5.405319977215727,11.039528278560413
2462878.5,2463045.618644068,2031-01-12 00:00:00.000,2031-06-28 02:50:50.847,167.11864406779662,12.891901346942266,4.154170599382411,8.737730747559855
2462878.5,2463064.0762711866,2031-01-12 00:00:00.000,2031-07-16 13:49:49.831,185.5762711864407,10.40539502323685,3.446925503282337,6.958469519954512
2462878.5,2463082.533898305,2031-01-12 00:00:00.000,2031-08-04 00:48:48.814,204.0338983050848,9.211378343940655,3.462079054153417,5.749299289787238
2462878.5,2463100.991525424,2031-01-12 00:00:00.000,2031-08-22 11:47:47.797,222.49152542372883,12.426487594980712,6.097631904674588,6.328855690306123
2462878.5,2463137.906779661,2031-01-12 00:00:00.000,2031-09-28 09:45:45.763,259.40677966101697,8.911957272078403,4.600462361725558,4.311494910352845
2462878.5,2463156.36440678,2031-01-12 00:00:00.000,2031-10-16 20:44:44.746,277.86440677966107,7.0067156076365125,3.301996073478563,3.704719534157949
2462878.5,2463174.8220338984,2031-01-12 00:00:00.000,2031-11-04 07:43:43.729,296.3220338983051,6.895838216019205,3.004230918747346,3.8916072972718583
2462878.5,2463193.279661017,2031-01-12 00:00:00.000,2031-11-22 18:42:42.712,314.77966101694915,7.482498376644726,3.0985058787879782,4.383992497856748
2462878.5,2463211.737288136,2031-01-12 00:00:00.000,2031-12-11 05:41:41.695,333.23728813559325,8.51593535914807,3.479308682437356,5.036626676710714
2462878.5,2463230.194915254,2031-01-12 00:00:00.000,2031-12-29 16:40:40.678,351.69491525423734,9.923547094617334,4.125976257091286,5.797570837526049
2462878.5,2463248.6525423727,2031-01-12 00:00:00.000,2032-01-17 03:39:39.661,370.1525423728814,11.69955764686436,5.041641670379936,6.657915976484423
2462878.5,2463267.110169492,2031-01-12 00:00:00.000,2032-02-04 14:38:38.644,388.6101694915254,13.882776624411918,6.248606391384008,7.634170233027909
2462878.5,2463285.5677966103,2031-01-12 00:00:00.000,2032-02-23 01:37:37.627,407.0677966101695,16.557016057061343,7.793802884633091,8.763213172428253
2462878.5,2463304.025423729,2031-01-12 00:00:00.000,2032-03-12 12:36:36.610,425.5254237288136,19.860787180727883,9.757001842805035,10.103785337922847
2462879.5,2463028.161016949,2031-01-13 00:00:00.000,2031-06-10 15:51:51.864,148.66101694915255,16.241437403794613,5.301846070546995,10.939591333247616
2462879.5,2463046.618644068,2031-01-13 00:00:00.000,2031-06-29 02:50:50.847,167.11864406779662,12.730104634817742,4.077177125981065,8.652927508836676
2462879.5,2463065.0762711866,2031-01-13 00:00:00.000,2031-07-17 13:49:49.831,185.5762711864407,10.281076372540667,3.394131286485919,6.886945086054747
2462879.5,2463083.533898305,2031-01-13 00:00:00.000,2031-08-05 00:48:48.814,204.0338983050848,9.10451971578161,3.418267407117355,5.686252308664254
2462879.5,2463101.991525424,2031-01-13 00:00:00.000,2031-08-23 11:47:47.797,222.49152542372883,12.053130550024004,5.88299140027838,6.170139149745624
2462879.5,2463138.906779661,2031-01-13 00:00:00.000,2031-09-29 09:45:45.763,259.40677966101697,9.079038856114884,4.700185897000685,4.378852959114201
2462879.5,2463157.36440678,2031-01-13 00:00:00.000,2031-10-17 20:44:44.746,277.86440677966107,7.046664068633978,3.316047678320024,3.7306163903139535
2462879.5,2463175.8220338984,2031-01-13 00:00:00.000,2031-11-05 07:43:43.729,296.3220338983051,6.912203401125346,2.9970613226193485,3.915142078505998
2462879.5,2463194.279661017,2031-01-13 00:00:00.000,2031-11-23 18:42:42.712,314.77966101694915,7.489484332889447,3.0829761290060564,4.406508203883391
2462879.5,2463212.737288136,2031-01-13 00:00:00.000,2031-12-12 05:41:41.695,333.23728813559325,8.516057198594773,3.460156684835378,5.055900513759395
2462879.5,2463231.194915254,2031-01-13 00:00:00.000,2031-12-30 16:40:40.678,351.69491525423734,9.916251271595096,4.104884618762346,5.811366652832753
2462879.5,2463249.6525423727,2031-01-13 00:00:00.000,2032-01-18 03:39:39.661,370.1525423728814,11.682175675664318,5.0181197828292445,6.664055892835075
2462879.5,2463268.110169492,2031-01-13 00:00:00.000,2032-02-05 14:38:38.644,388.6101694915254,13.850419032381746,6.22026901014625,7.630150022235496
2462879.5,2463286.5677966103,2031-01-13 00:00:00.000,2032-02-24 01:37:37.627,407.0677966101695,16.501980738933266,7.756266791827734,8.745713947105532
2462879.5,2463305.025423729,2031-01-13 00:00:00.000,2032-03-13 12:36:36.610,425.5254237288136,19.771311805606203,9.703282849570575,10.068028956035628
2462880.5,2463029.161016949,2031-01-14 00:00:00.000,2031-06-11 15:51:51.864,148.66101694915255,16.038896565738188,5.199477558343408,10.83941900739478
2462880.5,2463047.618644068,2031-01-14 00:00:00.000,2031-06-30 02:50:50.847,167.11864406779662,12.56974662875936,4.001735095507747,8.568011533251614
2462880.5,2463066.0762711866,2031-01-14 00:00:00.000,2031-07-18 13:49:49.831,185.5762711864407,10.158678444889818,3.343205274096066,6.815473170793752
2462880.5,2463084.533898305,2031-01-14 00:00:00.000,2031-08-06 00:48:48.814,204.0338983050848,9.000385539508006,3.3766717266322197,5.623713812875788
2462880.5,2463102.991525424,2031-01-14 00:00:00.000,2031-08-24 11:47:47.797,222.49152542372883,11.71261782176775,5.688513402309642,6.024104419458108
2462880.5,2463139.906779661,2031-01-14 00:00:00.000,2031-09-30 09:45:45.763,259.40677966101697,9.259204024877008,4.807143646979043,4.452060377897965
2462880.5,2463158.36440678,2031-01-14 00:00:00.000,2031-10-18 20:44:44.746,277.86440677966107,7.0890690281312825,3.3313687393386746,3.757700288792608
2462880.5,2463176.8220338984,2031-01-14 00:00:00.000,2031-11-06 07:43:43.729,296.3220338983051,6.9293439177452605,2.9901978313352595,3.939146086410001
2462880.5,2463195.279661017,2031-01-14 00:00:00.000,2031-11-24 18:42:42.712,314.77966101694915,7.496590760138389,3.067385079150893,4.429205680987495
2462880.5,2463213.737288136,2031-01-14 00:00:00.000,2031-12-13 05:41:41.695,333.23728813559325,8.515970284205144,3.440768757771652,5.075201526433492
2462880.5,2463232.194915254,2031-01-14 00:00:00.000,2031-12-31 16:40:40.678,351.69491525423734,9.90857931546385,4.083477114343861,5.825102201119988
2462880.5,2463250.6525423727,2031-01-14 00:00:00.000,2032-01-19 03:39:39.661,370.1525423728814,11.664345703494044,4.994250891001914,6.670094812492129
2462880.5,2463269.110169492,2031-01-14 00:00:00.000,2032-02-06 14:38:38.644,388.6101694915254,13.81762852428087,6.191592703840132,7.626035820440738
2462880.5,2463287.5677966103,2031-01-14 00:00:00.000,2032-02-25 01:37:37.627,407.0677966101695,16.44665547461389,7.718461775428219,8.728193699185674
2462880.5,2463306.025423729,2031-01-14 00:00:00.000,2032-03-14 12:36:36.610,425.5254237288136,19.68191516268804,9.6494845823391,10.032430580348931
2462881.5,2463030.161016949,2031-01-15 00:00:00.000,2031-06-12 15:51:51.864,148.66101694915255,15.83735441777518,5.098331745836029,10.739022671939152
2462881.5,2463048.618644068,2031-01-15 00:00:00.000,2031-07-01 02:50:50.847,167.11864406779662,12.410989832507052,3.9279932620778535,8.482996570429199
2462881.5,2463067.0762711866,2031-01-15 00:00:00.000,2031-07-19 13:49:49.831,185.5762711864407,10.038371970964793,3.294300615258408,6.744071355706384
2462881.5,2463085.533898305,2031-01-15 00:00:00.000,2031-08-07 00:48:48.814,204.0338983050848,8.899060582215203,3.3373728362869555,5.561687745928247
2462881.5,2463103.991525424,2031-01-15 00:00:00.000,2031-08-25 11:47:47.797,222.49152542372883,11.400674649765303,5.511662714660108,5.889011935105194
2462881.5,2463140.906779661,2031-01-15 00:00:00.000,2031-10-01 09:45:45.763,259.40677966101697,9.453419180096803,4.92188563965406,4.531533540442745
2462881.5,2463159.36440678,2031-01-15 00:00:00.000,2031-10-19 20:44:44.746,277.86440677966107,7.133996322153952,3.3480170490119603,3.785979273141992
2462881.5,2463177.8220338984,2031-01-15 00:00:00.000,2031-11-07 07:43:43.729,296.3220338983051,6.947276732994264,2.983665626076468,3.9636111069177966
2462881.5,2463196.279661017,2031-01-15 00:00:00.000,2031-11-25 18:42:42.712,314.77966101694915,7.50381706616041,3.0517380670694148,4.452078999090995
2462881.5,2463214.737288136,2031-01-15 00:00:00.000,2031-12-14 05:41:41.695,333.23728813559325,8.515657053503627,3.421130542009568,5.094526511494059
2462881.5,2463233.194915254,2031-01-15 00:00:00.000,2032-01-01 16:40:40.678,351.69491525423734,9.900498913052648,4.061722632253828,5.838776280798819
2462881.5,2463251.6525423727,2031-01-15 00:00:00.000,2032-01-20 03:39:39.661,370.1525423728814,11.64602368906964,4.969990625106763,6.676033063962876
2462881.5,2463270.110169492,2031-01-15 00:00:00.000,2032-02-07 14:38:38.644,388.6101694915254,13.784351609606574,6.162522581140151,7.621829028466424
2462881.5,2463288.5677966103,2031-01-15 00:00:00.000,2032-02-26 01:37:37.627,407.0677966101695,16.39097785396441,7.680323850253981,8.71065400371043
2462881.5,2463307.025423729,2031-01-15 00:00:00.000,2032-03-15 12:36:36.610,425.5254237288136,19.592523261333483,9.595533300809205,9.996989960524278
2462882.5,2463031.161016949,2031-01-16 00:00:00.000,2031-06-13 15:51:51.864,148.66101694915255,15.636976404666672,4.998562319784207,10.638414084882465
2462882.5,2463049.618644068,2031-01-16 00:00:00.000,2031-07-02 02:50:50.847,167.11864406779662,12.254035695391032,3.8561388588316894,8.397896836559342
2462882.5,2463068.0762711866,2031-01-16 00:00:00.000,2031-07-20 13:49:49.831,185.5762711864407,9.920363064849264,3.247605204443635,6.672757860405629
2462882.5,2463086.533898305,2031-01-16 00:00:00.000,2031-08-08 00:48:48.814,204.0338983050848,8.800662783391363,3.300482101704219,5.500180681687144
2462882.5,2463104.991525424,2031-01-16 00:00:00.000,2031-08-26 11:47:47.797,222.49152542372883,11.113803404978569,5.350367086385582,5.763436318592985
2462882.5,2463141.906779661,2031-01-16 00:00:00.000,2031-10-02 09:45:45.763,259.40677966101697,9.662769347580696,5.045032454619287,4.6177368929614095
2462882.5,2463160.36440678,2031-01-16 00:00:00.000,2031-10-20 20:44:44.746,277.86440677966107,7.1815309182625136,3.366068660709641,3.815462257552872
2462882.5,2463178.8220338984,2031-01-16 00:00:00.000,2031-11-08 07:43:43.729,296.3220338983051,6.966040704966503,2.9775113624502025,3.988529342516301
2462882.5,2463197.279661017,2031-01-16 00:00:00.000,2031-11-26 18:42:42.712,314.77966101694915,7.511185465692327,3.036062630469245,4.475122835223082
2462882.5,2463215.737288136,2031-01-16 00:00:00.000,2031-12-15 05:41:41.695,333.23728813559325,8.515121282465921,3.40124829943865,5.113872983027271
2462882.5,2463234.194915254,2031-01-16 00:00:00.000,2032-01-02 16:40:40.678,351.69491525423734,9.89199678509172,4.039608294059841,5.852388491031879
2462882.5,2463252.6525423727,2031-01-16 00:00:00.000,2032-01-21 03:39:39.661,370.1525423728814,11.627182313869,4.945310458317671,6.681871855551329
2462882.5,2463271.110169492,2031-01-16 00:00:00.000,2032-02-08 14:38:38.644,388.6101694915254,13.75054946372618,6.133017452323129,7.617532011403052
2462882.5,2463289.5677966103,2031-01-16 00:00:00.000,2032-02-27 01:37:37.627,407.0677966101695,16.334898364728513,7.641800861169627,8.693097503558887
2462882.5,2463308.025423729,2031-01-16 00:00:00.000,2032-03-16 12:36:36.610,425.5254237288136,19.50307354252883,9.541365466794678,9.961708075734151
2462883.5,2463032.161016949,2031-01-17 00:00:00.000,2031-06-14 15:51:51.864,148.66101694915255,15.437971239580904,4.90036565853447,10.537605581046437
2462883.5,2463050.618644068,2031-01-17 00:00:00.000,2031-07-03 02:50:50.847,167.11864406779662,12.099130150665928,3.7864029606545326,8.312727190011396
2462883.5,2463069.0762711866,2031-01-17 00:00:00.000,2031-07-21 13:49:49.831,185.5762711864407,9.80489672189514,3.20334501390652,6.601551707988619
2462883.5,2463087.533898305,2031-01-17 00:00:00.000,2031-08-09 00:48:48.814,204.0338983050848,8.705344688527193,3.266142925398972,5.439201763128222
2462883.5,2463105.991525424,2031-01-17 00:00:00.000,2031-08-27 11:47:47.797,222.49152542372883,10.849131112821553,5.202929526206732,5.646201586614819
2462883.5,2463142.906779661,2031-01-17 00:00:00.000,2031-10-03 09:45:45.763,259.40677966101697,9.88847379037945,5.177283410654396,4.711190379725054
2462883.5,2463161.36440678,2031-01-17 00:00:00.000,2031-10-21 20:44:44.746,277.86440677966107,7.231778166563168,3.3856190968770736,3.8461590696860943
2462883.5,2463179.8220338984,2031-01-17 00:00:00.000,2031-11-09 07:43:43.729,296.3220338983051,6.985699607476754,2.971806250572624,4.01389335690413
2462883.5,2463198.279661017,2031-01-17 00:00:00.000,2031-11-27 18:42:42.712,314.77966101694915,7.518745332517854,3.020412925222656,4.498332407295198
2462883.5,2463216.737288136,2031-01-17 00:00:00.000,2031-12-16 05:41:41.695,333.23728813559325,8.514393066566198,3.3811539638851813,5.133239102681016
2462883.5,2463235.194915254,2031-01-17 00:00:00.000,2032-01-03 16:40:40.678,351.69491525423734,9.883083833638343,4.017144671574245,5.865939162064098
2462883.5,2463253.6525423727,2031-01-17 00:00:00.000,2032-01-22 03:39:39.661,370.1525423728814,11.607816078495016,4.920202871479788,6.687613207015229
2462883.5,2463272.110169492,2031-01-17 00:00:00.000,2032-02-09 14:38:38.644,388.6101694915254,13.71620288969306,6.103054856965496,7.613148032727565
2462883.5,2463290.5677966103,2031-01-17 00:00:00.000,2032-02-28 01:37:37.627,407.0677966101695,16.27838519195113,7.602857344174851,8.67552784777628
2462883.5,2463309.025423729,2031-01-17 00:00:00.000,2032-03-17 12:36:36.610,425.5254237288136,19.41351950536493,9.48693242761929,9.92658707774564
2462884.5,2463014.7033898304,2031-01-18 00:00:00.000,2031-05-28 04:52:52.881,130.20338983050848,19.7805839341736,6.503340473961705,13.277243460211894
2462884.5,2463033.161016949,2031-01-18 00:00:00.000,2031-06-15 15:51:51.864,148.66101694915255,15.240598407918188,4.803988101035092,10.436610306883097
2462884.5,2463051.618644068,2031-01-18 00:00:00.000,2031-07-04 02:50:50.847,167.11864406779662,11.946569337271953,3.719065990006412,8.22750334726554
2462884.5,2463070.0762711866,2031-01-18 00:00:00.000,2031-07-22 13:49:49.831,185.5762711864407,9.692259600905002,3.1617866763928806,6.530472924512122
2462884.5,2463088.533898305,2031-01-18 00:00:00.000,2031-08-10 00:48:48.814,204.0338983050848,8.613293915730416,3.234531220661408,5.378762695069009
2462884.5,2463106.991525424,2031-01-18 00:00:00.000,2031-08-28 11:47:47.797,222.49152542372883,10.604292017777617,5.067960412528276,5.53633160524934
2462884.5,2463143.906779661,2031-01-18 00:00:00.000,2031-10-04 09:45:45.763,259.40677966101697,10.131904380324729,5.319426224474019,4.812478155850709
2462884.5,2463162.36440678,2031-01-18 00:00:00.000,2031-10-22 20:44:44.746,277.86440677966107,7.284865112112793,3.406784656892185,3.878080455220608
2462884.5,2463180.8220338984,2031-01-18 00:00:00.000,2031-11-10 07:43:43.729,296.3220338983051,7.006345808524824,2.966649834743589,4.039695973781234
2462884.5,2463199.279661017,2031-01-18 00:00:00.000,2031-11-28 18:42:42.712,314.77966101694915,7.526578923851296,3.0048755638045224,4.521703360046773
2462884.5,2463217.737288136,2031-01-18 00:00:00.000,2031-12-17 05:41:41.695,333.23728813559325,8.513535757378497,3.3609121971086595,5.152623560269837
2462884.5,2463236.194915254,2031-01-18 00:00:00.000,2032-01-04 16:40:40.678,351.69491525423734,9.873802625352967,3.994373390950503,5.879429234402465
2462884.5,2463254.6525423727,2031-01-18 00:00:00.000,2032-01-23 03:39:39.661,370.1525423728814,11.587948961325486,4.894689132591214,6.693259828734272
2462884.5,2463273.110169492,2031-01-18 00:00:00.000,2032-02-10 14:38:38.644,388.6101694915254,13.68131997396518,6.07263883945296,7.608681134512219
2462884.5,2463291.5677966103,2031-01-18 00:00:00.000,2032-02-29 01:37:37.627,407.0677966101695,16.22143178675771,7.563482212258229,8.65794957449948
2462884.5,2463310.025423729,2031-01-18 00:00:00.000,2032-03-18 12:36:36.610,425.5254237288136,19.323838143416616,9.432207966463624,9.891630176952992
2462885.5,2463015.7033898304,2031-01-19 00:00:00.000,2031-05-29 04:52:52.881,130.20338983050848,19.535013342116613,6.377863748782057,13.157149593334555
2462885.5,2463034.161016949,2031-01-19 00:00:00.000,2031-06-16 15:51:51.864,148.66101694915255,15.04517428488994,4.709731771564664,10.335442513325274
2462885.5,2463052.618644068,2031-01-19 00:00:00.000,2031-07-05 02:50:50.847,167.11864406779662,11.796702580812584,3.65446042909924,8.142242151713344
2462885.5,2463071.0762711866,2031-01-19 00:00:00.000,2031-07-23 13:49:49.831,185.5762711864407,9.582778863693346,3.123236079935804,6.459542783757542
2462885.5,2463089.533898305,2031-01-19 00:00:00.000,2031-08-11 00:48:48.814,204.0338983050848,8.52472971566036,3.2058519194464816,5.318877796213878
2462885.5,2463107.991525424,2031-01-19 00:00:00.000,2031-08-29 11:47:47.797,222.49152542372883,10.377334116504256,4.944322269931696,5.433011846572559
2462885.5,2463144.906779661,2031-01-19 00:00:00.000,2031-10-05 09:45:45.763,259.40677966101697,10.394606671777655,5.472347791810766,4.922258879966888
2462885.5,2463163.36440678,2031-01-19 00:00:00.000,2031-10-23 20:44:44.746,277.86440677966107,7.340940327544796,3.429702293771491,3.911238033773305
2462885.5,2463181.8220338984,2031-01-19 00:00:00.000,2031-11-11 07:43:43.729,296.3220338983051,7.028102873919655,2.962172766105832,4.065930107813824
2462885.5,2463200.279661017,2031-01-19 00:00:00.000,2031-11-29 18:42:42.712,314.77966101694915,7.534807020327998,2.98957544495076,4.545231575377238
2462885.5,2463218.737288136,2031-01-19 00:00:00.000,2031-12-18 05:41:41.695,333.23728813559325,8.512653879556742,3.340628506213407,5.172025373343336
2462885.5,2463237.194915254,2031-01-19 00:00:00.000,2032-01-05 16:40:40.678,351.69491525423734,9.864236734325392,3.971376681703945,5.892860052621447
2462885.5,2463255.6525423727,2031-01-19 00:00:00.000,2032-01-24 03:39:39.661,370.1525423728814,11.567644600514967,4.868829688948626,6.69881491156634
2462885.5,2463274.110169492,2031-01-19 00:00:00.000,2032-02-11 14:38:38.644,388.6101694915254,13.645946763548848,6.04181083935982,7.604135924189028
2462885.5,2463292.5677966103,2031-01-19 00:00:00.000,2032-03-01 01:37:37.627,407.0677966101695,16.164067841639568,7.523699945748072,8.640367895891496
2462885.5,2463311.025423729,2031-01-19 00:00:00.000,2032-03-19 12:36:36.610,425.5254237288136,19.234041098683,9.37719967342911,9.856841425253888
2462886.5,2463016.7033898304,2031-01-20 00:00:00.000,2031-05-30 04:52:52.881,130.20338983050848,19.291048844357704,6.254258011097491,13.036790833260214
2462886.5,2463035.161016949,2031-01-20 00:00:00.000,2031-06-17 15:51:51.864,148.66101694915255,14.852071092324488,4.617953192128002,10.234117900196486
2462886.5,2463053.618644068,2031-01-20 00:00:00.000,2031-07-06 02:50:50.847,167.11864406779662,11.649926570157357,3.592964678550121,8.056961891607235
2462886.5,2463072.0762711866,2031-01-20 00:00:00.000,2031-07-24 13:49:49.831,185.5762711864407,9.476811319793248,3.088027225170844,6.388784094622404
2462886.5,2463090.533898305,2031-01-20 00:00:00.000,2031-08-12 00:48:48.814,204.0338983050848,8.43989099496433,3.180326891375685,5.2595641035886445
2462886.5,2463108.991525424,2031-01-20 00:00:00.000,2031-08-30 11:47:47.797,222.49152542372883,10.166640255781171,4.8310806571949145,5.335559598586256
2462886.5,2463145.906779661,2031-01-20 00:00:00.000,2031-10-06 09:45:45.763,259.40677966101697,10.678323272686558,5.637045269477675,5.041278003208884
2462886.5,2463164.36440678,2031-01-20 00:00:00.000,2031-10-24 20:44:44.746,277.86440677966107,7.400169096172885,3.4545248901041847,3.945644206068701
2462886.5,2463182.8220338984,2031-01-20 00:00:00.000,2031-11-12 07:43:43.729,296.3220338983051,7.051122917369593,2.9585344088648484,4.092588508504745
2462886.5,2463201.279661017,2031-01-20 00:00:00.000,2031-11-30 18:42:42.712,314.77966101694915,7.543590017253161,2.974677137681303,4.568912879571857
2462886.5,2463219.737288136,2031-01-20 00:00:00.000,2031-12-19 05:41:41.695,333.23728813559325,8.51189777223437,3.320454199213528,5.191443573020841
2462886.5,2463238.194915254,2031-01-20 00:00:00.000,2032-01-06 16:40:40.678,351.69491525423734,9.854518121671411,3.948285084974751,5.906233036696659
2462886.5,2463256.6525423727,2031-01-20 00:00:00.000,2032-01-25 03:39:39.661,370.1525423728814,11.547015658674203,4.842733872781961,6.704281785892243
2462886.5,2463275.110169492,2031-01-20 00:00:00.000,2032-02-12 14:38:38.644,388.6101694915254,13.610178084049736,6.0106608625541496,7.599517221495585
2462886.5,2463293.5677966103,2031-01-20 00:00:00.000,2032-03-02 01:37:37.627,407.0677966101695,16.106371215392187,7.483582882439354,8.622788332952833
2462886.5,2463312.025423729,2031-01-20 00:00:00.000,2032-03-20 12:36:36.610,425.5254237288136,19.14418747098265,9.3219621343307,9.822225336651952
2462887.5,2463017.7033898304,2031-01-21 00:00:00.000,2031-05-31 04:52:52.881,130.20338983050848,19.04906387278961,6.13287970379035,12.916184168999257
2462887.5,2463036.161016949,2031-01-21 00:00:00.000,2031-06-18 15:51:51.864,148.66101694915255,14.661701964900692,4.529048001251888,10.132653963648806
2462887.5,2463054.618644068,2031-01-21 00:00:00.000,2031-07-07 02:50:50.847,167.11864406779662,11.506664517945834,3.534981891687824,7.97168262625801
2462887.5,2463073.0762711866,2031-01-21 00:00:00.000,2031-07-25 13:49:49.831,185.5762711864407,9.374718031560828,3.056496535730087,6.318221495830741
2462887.5,2463091.533898305,2031-01-21 00:00:00.000,2031-08-13 00:48:48.814,204.0338983050848,8.359012626024949,3.1581711327975106,5.200841493227439
2462887.5,2463109.991525424,2031-01-21 00:00:00.000,2031-08-31 11:47:47.797,222.49152542372883,9.970857001923754,4.727456484684264,5.243400517239489
2462887.5,2463146.906779661,2031-01-21 00:00:00.000,2031-10-07 09:45:45.763,259.40677966101697,10.985020136404296,5.8146374962982375,5.170382640106058
2462887.5,2463165.36440678,2031-01-21 00:00:00.000,2031-10-25 20:44:44.746,277.86440677966107,7.462721182161279,3.481409143569052,3.981312038592227
2462887.5,2463183.8220338984,2031-01-21 00:00:00.000,2031-11-13 07:43:43.729,296.3220338983051,7.075574151192281,2.9559107275547998,4.119663423637482
2462887.5,2463202.279661017,2031-01-21 00:00:00.000,2031-12-01 18:42:42.712,314.77966101694915,7.55311868894659,2.9603760408426454,4.592742648103944
2462887.5,2463220.737288136,2031-01-21 00:00:00.000,2031-12-20 05:41:41.695,333.23728813559325,8.511458550730747,3.300581777774938,5.210876772955809
2462887.5,2463239.194915254,2031-01-21 00:00:00.000,2032-01-07 16:40:40.678,351.69491525423734,9.844825962174175,3.92527673819509,5.919549223979086
2462887.5,2463257.6525423727,2031-01-21 00:00:00.000,2032-01-26 03:39:39.661,370.1525423728814,11.526225827741186,4.816562389022797,6.7096634387183895
2462887.5,2463276.110169492,2031-01-21 00:00:00.000,2032-02-13 14:38:38.644,388.6101694915254,13.574162106836194,5.979332557412987,7.594829549423208
2462887.5,2463294.5677966103,2031-01-21 00:00:00.000,2032-03-03 01:37:37.627,407.0677966101695,16.04847460997635,7.443258432204648,8.605216177771702
2462887.5,2463313.025423729,2031-01-21 00:00:00.000,2032-03-21 12:36:36.610,425.5254237288136,19.054392300010125,9.266605984872667,9.787786315137456
2462888.5,2463018.7033898304,2031-01-22 00:00:00.000,2031-06-01 04:52:52.881,130.20338983050848,18.809449895930907,6.014101147149234,12.795348748781672
2462888.5,2463037.161016949,2031-01-22 00:00:00.000,2031-06-19 15:51:51.864,148.66101694915255,14.474489718738091,4.443419464106304,10.03107025463179
2462888.5,2463055.618644068,2031-01-22 00:00:00.000,2031-07-08 02:50:50.847,167.11864406779662,11.367329448774662,3.480903009065374,7.886426439709289
2462888.5,2463074.0762711866,2031-01-22 00:00:00.000,2031-07-26 13:49:49.831,185.5762711864407,9.276825674160465,3.028943986779108,6.247881687381355
2462888.5,2463092.533898305,2031-01-22 00:00:00.000,2031-08-14 00:48:48.814,204.0338983050848,8.282292454986758,3.1395597039173757,5.142732751069382
2462888.5,2463110.991525424,2031-01-22 00:00:00.000,2031-09-01 11:47:47.797,222.49152542372883,9.788828983342412,4.632779051553649,5.156049931788765
2462888.5,2463147.906779661,2031-01-22 00:00:00.000,2031-10-08 09:45:45.763,259.40677966101697,11.316918839822437,6.006379042151686,5.310539797670749
2462888.5,2463166.36440678,2031-01-22 00:00:00.000,2031-10-26 20:44:44.746,277.86440677966107,7.528751850643594,3.510496663133952,4.018255187509642
2462888.5,2463184.8220338984,2031-01-22 00:00:00.000,2031-11-14 07:43:43.729,296.3220338983051,7.101617663763201,2.954471428588758,4.147146235174443
2462888.5,2463203.279661017,2031-01-22 00:00:00.000,2031-12-02 18:42:42.712,314.77966101694915,7.563591786910729,2.946876424124131,4.616715362786598
2462888.5,2463221.737288136,2031-01-22 00:00:00.000,2031-12-21 05:41:41.695,333.23728813559325,8.511548982798057,3.2812263052211224,5.230322677576934
2462888.5,2463240.194915254,2031-01-22 00:00:00.000,2032-01-08 16:40:40.678,351.69491525423734,9.835371400602227,3.9025626624568552,5.932808738145373
2462888.5,2463258.6525423727,2031-01-22 00:00:00.000,2032-01-27 03:39:39.661,370.1525423728814,11.50547820556588,4.7905162610841865,6.714961944481694
2462888.5,2463277.110169492,2031-01-22 00:00:00.000,2032-02-14 14:38:38.644,388.6101694915254,13.538091879670024,5.948015356276033,7.59007652339399
2462888.5,2463295.5677966103,2031-01-22 00:00:00.000,2032-03-04 01:37:37.627,407.0677966101695,15.9905598402729,7.402904005126647,8.587655835146254
2462888.5,2463314.025423729,2031-01-22 00:00:00.000,2032-03-22 12:36:36.610,425.5254237288136,18.964823275459693,9.211295337192851,9.753527938266844
2462889.5,2463019.7033898304,2031-01-23 00:00:00.000,2031-06-02 04:52:52.881,130.20338983050848,18.57257824013526,5.898272331546051,12.674305908589211
2462889.5,2463038.161016949,2031-01-23 00:00:00.000,2031-06-20 15:51:51.864,148.66101694915255,14.290825424653985,4.361436978109896,9.92938844654409
2462889.5,2463056.618644068,2031-01-23 00:00:00.000,2031-07-09 02:50:50.847,167.11864406779662,11.232279770820726,3.4310622409684477,7.80121752985228
2462889.5,2463075.0762711866,2031-01-23 00:00:00.000,2031-07-27 13:49:49.831,185.5762711864407,9.183384614228585,3.005591096275058,6.177793517953525
2462889.5,2463093.533898305,2031-01-23 00:00:00.000,2031-08-15 00:48:48.814,204.0338983050848,8.209858349188606,3.124594826821128,5.085263522367478
2462889.5,2463111.991525424,2031-01-23 00:00:00.000,2031-09-02 11:47:47.797,222.49152542372883,9.619541504267485,4.546443782346254,5.073097721921231
2462889.5,2463148.906779661,2031-01-23 00:00:00.000,2031-10-09 09:45:45.763,259.40677966101697,11.676540300376171,6.2136813859624445,5.4628589144137285
2462889.5,2463167.36440678,2031-01-23 00:00:00.000,2031-10-27 20:44:44.746,277.86440677966107,7.598381539686746,3.5418935932391973,4.0564879464475485
2462889.5,2463185.8220338984,2031-01-23 00:00:00.000,2031-11-15 07:43:43.729,296.3220338983051,7.129378670147021,2.9543515080182545,4.175027162128767
2462889.5,2463204.279661017,2031-01-23 00:00:00.000,2031-12-03 18:42:42.712,314.77966101694915,7.575184299905989,2.934360071965472,4.640824227940517
2462889.5,2463222.737288136,2031-01-23 00:00:00.000,2031-12-22 05:41:41.695,333.23728813559325,8.512372289918513,3.2625946453468546,5.249777644571659
2462889.5,2463241.194915254,2031-01-23 00:00:00.000,2032-01-09 16:40:40.678,351.69491525423734,9.82636857282787,3.880358266600876,5.946010306226992
2462889.5,2463259.6525423727,2031-01-23 00:00:00.000,2032-01-28 03:39:39.661,370.1525423728814,11.484988993567953,4.7648110576124125,6.720177935955541
2462889.5,2463278.110169492,2031-01-23 00:00:00.000,2032-02-15 14:38:38.644,388.6101694915254,13.502181643218467,5.916921372917186,7.58526027030128
2462889.5,2463296.5677966103,2031-01-23 00:00:00.000,2032-03-05 01:37:37.627,407.0677966101695,15.932836580889017,7.362726400121262,8.570110180767756
2462889.5,2463315.025423729,2031-01-23 00:00:00.000,2032-03-23 12:36:36.610,425.5254237288136,18.875681744239067,9.156229504584587,9.71945223965448
2462890.5,2463020.7033898304,2031-01-24 00:00:00.000,2031-06-03 04:52:52.881,130.20338983050848,18.338763050749854,5.785684129293949,12.553078921455908
2462890.5,2463039.161016949,2031-01-24 00:00:00.000,2031-06-21 15:51:51.864,148.66101694915255,14.111030260811432,4.283398105956025,9.827632154855408
2462890.5,2463057.618644068,2031-01-24 00:00:00.000,2031-07-10 02:50:50.847,167.11864406779662,11.101782017755106,3.385699939621799,7.716082078133308
2462890.5,2463076.0762711866,2031-01-24 00:00:00.000,2031-07-28 13:49:49.831,185.5762711864407,9.094538737120237,2.986550857330854,6.107987879789381
2462890.5,2463094.533898305,2031-01-24 00:00:00.000,2031-08-16 00:48:48.814,204.0338983050848,8.141747734355802,3.1132856344334003,5.028462099922401
2462890.5,2463112.991525424,2031-01-24 00:00:00.000,2031-09-03 11:47:47.797,222.49152542372883,9.4620770387926,4.4678811146734825,4.994195924119119
2462890.5,2463149.906779661,2031-01-24 00:00:00.000,2031-10-10 09:45:45.763,259.40677966101697,12.06676590064873,6.438146095779505,5.628619804869223
2462890.5,2463168.36440678,2031-01-24 00:00:00.000,2031-10-28 20:44:44.746,277.86440677966107,7.671682160054443,3.575656670126509,4.096025489927935
2462890.5,2463186.8220338984,2031-01-24 00:00:00.000,2031-11-16 07:43:43.729,296.3220338983051,7.158922216687547,2.955627086891334,4.203295129796213
2462890.5,2463205.279661017,2031-01-24 00:00:00.000,2031-12-04 18:42:42.712,314.77966101694915,7.588016538570935,2.9229555748027622,4.665060963768173
2462890.5,2463223.737288136,2031-01-24 00:00:00.000,2031-12-23 05:41:41.695,333.23728813559325,8.514088123942532,3.244851691265013,5.269236432677518
2462890.5,2463242.194915254,2031-01-24 00:00:00.000,2032-01-10 16:40:40.678,351.69491525423734,9.8179998452118,3.858848879740784,5.959150965471018
2462890.5,2463260.6525423727,2031-01-24 00:00:00.000,2032-01-29 03:39:39.661,370.1525423728814,11.464953170685458,4.739642903229712,6.725310267455747
2462890.5,2463279.110169492,2031-01-24 00:00:00.000,2032-02-16 14:38:38.644,388.6101694915254,13.466633410391854,5.88625236939063,7.580381041001225
2462890.5,2463297.5677966103,2031-01-24 00:00:00.000,2032-03-06 01:37:37.627,407.0677966101695,15.875510012781888,7.322929900067179,8.552580112714708
2462890.5,2463316.025423729,2031-01-24 00:00:00.000,2032-03-24 12:36:36.610,425.5254237288136,18.78717147323512,9.1016122903429,9.68555918289222
2462891.5,2463021.7033898304,2031-01-25 00:00:00.000,2031-06-04 04:52:52.881,130.20338983050848,18.10823901276963,5.676546504411034,12.431692508358596
2462891.5,2463040.161016949,2031-01-25 00:00:00.000,2031-06-22 15:51:51.864,148.66101694915255,13.9353346351484,4.209508099136724,9.725826536011676
2462891.5,2463058.618644068,2031-01-25 00:00:00.000,2031-07-11 02:50:50.847,167.11864406779662,10.975994524029057,3.34494660493896,7.631047919090097
2462891.5,2463077.0762711866,2031-01-25 00:00:00.000,2031-07-29 13:49:49.831,185.5762711864407,9.010318806776192,2.97182137956184,6.038497427214352
2462891.5,2463095.533898305,2031-01-25 00:00:00.000,2031-08-17 00:48:48.814,204.0338983050848,8.077908066532764,3.1055489971552,4.972359069377563
2462891.5,2463113.991525424,2031-01-25 00:00:00.000,2031-09-04 11:47:47.797,222.49152542372883,9.315589653314234,4.39654115571858,4.919048497595655
2462891.5,2463150.906779661,2031-01-25 00:00:00.000,2031-10-11 09:45:45.763,259.40677966101697,12.490920203078044,6.681612947732074,5.809307255345972
2462891.5,2463169.36440678,2031-01-25 00:00:00.000,2031-10-29 20:44:44.746,277.86440677966107,7.74867601624234,3.611791683899524,4.136884332342817
2462891.5,2463187.8220338984,2031-01-25 00:00:00.000,2031-11-17 07:43:43.729,296.3220338983051,7.190242742620169,2.9583048834947383,4.231937859125431
2462891.5,2463206.279661017,2031-01-25 00:00:00.000,2031-12-05 18:42:42.712,314.77966101694915,7.60213548888195,2.912719640921124,4.689415847960826
2462891.5,2463224.737288136,2031-01-25 00:00:00.000,2031-12-24 05:41:41.695,333.23728813559325,8.516787931660055,3.228095714034886,5.288692217625169
2462891.5,2463243.194915254,2031-01-25 00:00:00.000,2032-01-11 16:40:40.678,351.69491525423734,9.810387454324404,3.838161400734938,5.972226053589465
2462891.5,2463261.6525423727,2031-01-25 00:00:00.000,2032-01-30 03:39:39.661,370.1525423728814,11.445513936034896,4.715157960814923,6.7303559752199735
2462891.5,2463280.110169492,2031-01-25 00:00:00.000,2032-02-17 14:38:38.644,388.6101694915254,13.431605088295385,5.856167954188922,7.575437134106464
2462891.5,2463298.5677966103,2031-01-25 00:00:00.000,2032-03-07 01:37:37.627,407.0677966101695,15.818748107704836,7.28368367800135,8.535064429703484
2462891.5,2463317.025423729,2031-01-25 00:00:00.000,2032-03-25 12:36:36.610,425.5254237288136,18.69946536038436,9.047618880603377,9.651846479780982
2462892.5,2463022.7033898304,2031-01-26 00:00:00.000,2031-06-05 04:52:52.881,130.20338983050848,17.881161065588522,5.570988827680438,12.310172237908086
2462892.5,2463041.161016949,2031-01-26 00:00:00.000,2031-06-23 15:51:51.864,148.66101694915255,13.763881003932095,4.139883231377474,9.623997772554622
2462892.5,2463059.618644068,2031-01-26 00:00:00.000,2031-07-12 02:50:50.847,167.11864406779662,10.8549765658546,3.30883246495266,7.546144100901941
2462892.5,2463078.0762711866,2031-01-26 00:00:00.000,2031-07-30 13:49:49.831,185.5762711864407,8.930660734155534,2.9613045364326878,5.969356197722846
2462892.5,2463096.533898305,2031-01-26 00:00:00.000,2031-08-18 00:48:48.814,204.0338983050848,8.018217388723848,3.1012305061534557,4.916986882570392
2462892.5,2463114.991525424,2031-01-26 00:00:00.000,2031-09-05 11:47:47.797,222.49152542372883,9.17929629609736,4.33189342571345,4.847402870383909
2462892.5,2463151.906779661,2031-01-26 00:00:00.000,2031-10-12 09:45:45.763,259.40677966101697,12.95287689874259,6.946223130904297,6.0066537678382925
2462892.5,2463170.36440678,2031-01-26 00:00:00.000,2031-10-30 20:44:44.746,277.86440677966107,7.829347710676955,3.65026475523176,4.179082955445195
2462892.5,2463188.8220338984,2031-01-26 00:00:00.000,2031-11-18 07:43:43.729,296.3220338983051,7.223270823642661,2.962328670089471,4.260942153553191
2462892.5,2463207.279661017,2031-01-26 00:00:00.000,2031-12-06 18:42:42.712,314.77966101694915,7.617514652986257,2.903636662468441,4.713877990517815
2462892.5,2463225.737288136,2031-01-26 00:00:00.000,2031-12-25 05:41:41.695,333.23728813559325,8.520488092362626,3.212351225992784,5.308136866369844
2462892.5,2463244.194915254,2031-01-26 00:00:00.000,2032-01-12 16:40:40.678,351.69491525423734,9.803581304178438,3.818351825968162,5.985229478210276
2462892.5,2463262.6525423727,2031-01-26 00:00:00.000,2032-01-31 03:39:39.661,370.1525423728814,11.426746501631946,4.691435964004501,6.735310537627445
2462892.5,2463281.110169492,2031-01-26 00:00:00.000,2032-02-18 14:38:38.644,388.6101694915254,13.397191228642452,5.826766086387505,7.570425142254946
2462892.5,2463299.5677966103,2031-01-26 00:00:00.000,2032-03-08 01:37:37.627,407.0677966101695,15.762659960953515,7.24509990292072,8.517560058032796
2462892.5,2463318.025423729,2031-01-26 00:00:00.000,2032-03-26 12:36:36.610,425.5254237288136,18.61268172690452,8.994371937959261,9.618309788945258
2462893.5,2463023.7033898304,2031-01-27 00:00:00.000,2031-06-06 04:52:52.881,130.20338983050848,17.657623136890507,5.4690791667838985,12.18854397010661
2462893.5,2463042.161016949,2031-01-27 00:00:00.000,2031-06-24 15:51:51.864,148.66101694915255,13.59674586693139,4.074573285056862,9.522172581874528
2462893.5,2463060.618644068,2031-01-27 00:00:00.000,2031-07-13 02:50:50.847,167.11864406779662,10.738715966793665,3.2773155087330954,7.461400458060567
2462893.5,2463079.0762711866,2031-01-27 00:00:00.000,2031-07-31 13:49:49.831,185.5762711864407,8.855439177809613,2.954839937011584,5.900599240798028
2462893.5,2463097.533898305,2031-01-27 00:00:00.000,2031-08-19 00:48:48.814,204.0338983050848,7.962515451417996,3.100136002478117,4.86237944893988
2462893.5,2463115.991525424,2031-01-27 00:00:00.000,2031-09-06 11:47:47.797,222.49152542372883,9.052478683076338,4.273435692997538,4.779042990078801
2462893.5,2463152.906779661,2031-01-27 00:00:00.000,2031-10-13 09:45:45.763,259.40677966101697,13.45718869868612,7.234496284097926,6.222692414588194
2462893.5,2463171.36440678,2031-01-27 00:00:00.000,2031-10-31 20:44:44.746,277.86440677966107,7.913663748265703,3.691021235532808,4.222642512732896
2462893.5,2463189.8220338984,2031-01-27 00:00:00.000,2031-11-19 07:43:43.729,296.3220338983051,7.257892691062234,2.967598395994364,4.29029429506787
2462893.5,2463208.279661017,2031-01-27 00:00:00.000,2031-12-07 18:42:42.712,314.77966101694915,7.634070096751499,2.895634348172726,4.738435748578773
2462893.5,2463226.737288136,2031-01-27 00:00:00.000,2031-12-26 05:41:41.695,333.23728813559325,8.525140897330399,3.197579524516876,5.327561372813523
2462893.5,2463245.194915254,2031-01-27 00:00:00.000,2032-01-13 16:40:40.678,351.69491525423734,9.79756499383866,3.799410826885659,5.998154166952999
2462893.5,2463263.6525423727,2031-01-27 00:00:00.000,2032-02-01 03:39:39.661,370.1525423728814,11.408659879637684,4.668491543535826,6.740168336101859
2462893.5,2463282.110169492,2031-01-27 00:00:00.000,2032-02-19 14:38:38.644,388.6101694915254,13.36342128303156,5.798080861044133,7.565340421987425
2462893.5,2463300.5677966103,2031-01-27 00:00:00.000,2032-03-09 01:37:37.627,407.0677966101695,15.707291049772842,7.207228520241236,8.500062529531604
2462893.5,2463319.025423729,2031-01-27 00:00:00.000,2032-03-27 12:36:36.610,425.5254237288136,18.52687692466405,8.941933725003956,9.584943199660094
2462894.5,2463024.7033898304,2031-01-28 00:00:00.000,2031-06-07 04:52:52.881,130.20338983050848,17.43768543455252,5.370851975924496,12.066833458628023
2462894.5,2463043.161016949,2031-01-28 00:00:00.000,2031-06-25 15:51:51.864,148.66101694915255,13.433969104024118,4.013591249105876,9.42037785491824
2462894.5,2463061.618644068,2031-01-28 00:00:00.000,2031-07-14 02:50:50.847,167.11864406779662,10.62716167920764,3.2503143865557425,7.376847292651896
2462894.5,2463080.0762711866,2031-01-28 00:00:00.000,2031-08-01 13:49:49.831,185.5762711864407,8.784502273582177,2.9522399349650112,5.832262338617166
2462894.5,2463098.533898305,2031-01-28 00:00:00.000,2031-08-20 00:48:48.814,204.0338983050848,7.910633179729544,3.10206136588152,4.808571813848023
2462894.5,2463116.991525424,2031-01-28 00:00:00.000,2031-09-07 11:47:47.797,222.49152542372883,8.93448764175231,4.220703998835503,4.713783642916808
2462894.5,2463153.906779661,2031-01-28 00:00:00.000,2031-10-14 09:45:45.763,259.40677966101697,14.009243858901304,7.549421332163836,6.459822526737467
2462894.5,2463172.36440678,2031-01-28 00:00:00.000,2031-11-01 20:44:44.746,277.86440677966107,8.001592369329046,3.7340048486714217,4.267587520657624
2462894.5,2463190.8220338984,2031-01-28 00:00:00.000,2031-11-20 07:43:43.729,296.3220338983051,7.293973600368957,2.973993159351184,4.319980441017774
2462894.5,2463209.279661017,2031-01-28 00:00:00.000,2031-12-08 18:42:42.712,314.77966101694915,7.651684080173773,2.888606921508825,4.763077158664947
2462894.5,2463227.737288136,2031-01-28 00:00:00.000,2031-12-27 05:41:41.695,333.23728813559325,8.53065600892337,3.1836996863774623,5.346956322545907
2462894.5,2463246.194915254,2031-01-28 00:00:00.000,2032-01-14 16:40:40.678,351.69491525423734,9.7922742237785,3.781281665770772,6.010992558007726
2462894.5,2463264.6525423727,2031-01-28 00:00:00.000,2032-02-02 03:39:39.661,370.1525423728814,11.391212228987108,4.6462890593652775,6.74492316962183
2462894.5,2463283.110169492,2031-01-28 00:00:00.000,2032-02-20 14:38:38.644,388.6101694915254,13.330272168243368,5.770094535202676,7.560177633040691
2462894.5,2463301.5677966103,2031-01-28 00:00:00.000,2032-03-10 01:37:37.627,407.0677966101695,15.652633307892591,7.170066759422817,8.482566548469775
2462894.5,2463320.025423729,2031-01-28 00:00:00.000,2032-03-28 12:36:36.610,425.5254237288136,18.44205312826953,8.890313298239793,9.55173983002974
2462895.5,2463025.7033898304,2031-01-29 00:00:00.000,2031-06-08 04:52:52.881,130.20338983050848,17.221399119050968,5.276332971420922,11.945066147630046
2462895.5,2463044.161016949,2031-01-29 00:00:00.000,2031-06-26 15:51:51.864,148.66101694915255,13.275578970868056,3.9569385070577554,9.3186404638103
2462895.5,2463062.618644068,2031-01-29 00:00:00.000,2031-07-15 02:50:50.847,167.11864406779662,10.520249546129545,3.227734343518816,7.292515202610729
2462895.5,2463081.0762711866,2031-01-29 00:00:00.000,2031-08-02 13:49:49.831,185.5762711864407,8.717696784067233,2.953314931326547,5.764381852740686
2462895.5,2463099.533898305,2031-01-29 00:00:00.000,2031-08-21 00:48:48.814,204.0338983050848,7.862412255189666,3.106812306180884,4.755599949008782
2462895.5,2463117.991525424,2031-01-29 00:00:00.000,2031-09-08 11:47:47.797,222.49152542372883,8.824744048033125,4.173278231862726,4.651465816170399
2462895.5,2463154.906779661,2031-01-29 00:00:00.000,2031-10-15 09:45:45.763,259.40677966101697,14.615456396392252,7.894564368984541,6.720892027407711
2462895.5,2463173.36440678,2031-01-29 00:00:00.000,2031-11-02 20:44:44.746,277.86440677966107,8.093118108115338,3.77917162016709,4.3139464879482485
2462895.5,2463191.8220338984,2031-01-29 00:00:00.000,2031-11-21 07:43:43.729,296.3220338983051,7.331376961336416,2.981390019383565,4.349986941952851
2462895.5,2463210.279661017,2031-01-29 00:00:00.000,2031-12-09 18:42:42.712,314.77966101694915,7.67022686435587,2.8824365737158137,4.787790290640056
2462895.5,2463228.737288136,2031-01-29 00:00:00.000,2031-12-28 05:41:41.695,333.23728813559325,8.536922730897937,3.170610450979197,5.36631227991874
2462895.5,2463247.194915254,2031-01-29 00:00:00.000,2032-01-15 16:40:40.678,351.69491525423734,9.787618255925636,3.76388124069058,6.023737015235056
2462895.5,2463265.6525423727,2031-01-29 00:00:00.000,2032-02-03 03:39:39.661,370.1525423728814,11.374331011767524,4.624762314162105,6.7495686976054206
2462895.5,2463284.110169492,2031-01-29 00:00:00.000,2032-02-21 14:38:38.644,388.6101694915254,13.297687015821966,5.742755804166949,7.554931211655017
2462895.5,2463302.5677966103,2031-01-29 00:00:00.000,2032-03-11 01:37:37.627,407.0677966101695,15.598642500777792,7.133576000607024,8.465066500170769
2462895.5,2463321.025423729,2031-01-29 00:00:00.000,2032-03-29 12:36:36.610,425.5254237288136,18.35817438537643,8.839482007463689,9.51869237791274
2462896.5,2463026.7033898304,2031-01-30 00:00:00.000,2031-06-09 04:52:52.881,130.20338983050848,17.008822089372003,5.185554959344308,11.823267130027697
2462896.5,2463045.161016949,2031-01-30 00:00:00.000,2031-06-27 15:51:51.864,148.66101694915255,13.121606878396484,3.904619663428413,9.216987214968071
2462896.5,2463063.618644068,2031-01-30 00:00:00.000,2031-07-16 02:50:50.847,167.11864406779662,10.417916412390698,3.209481372620671,7.208435039770027
2462896.5,2463082.0762711866,2031-01-30 00:00:00.000,2031-08-03 13:49:49.831,185.5762711864407,8.65488060607805,2.957885923185527,5.696994682892523
2462896.5,2463100.533898305,2031-01-30 00:00:00.000,2031-08-22 00:48:48.814,204.0338983050848,7.817713378100146,3.1142127377997446,4.703500640300401
2462896.5,2463118.991525424,2031-01-30 00:00:00.000,2031-09-09 11:47:47.797,222.49152542372883,8.722734750731245,4.130781858016779,4.591952892714466
2462896.5,2463155.906779661,2031-01-30 00:00:00.000,2031-10-16 09:45:45.763,259.40677966101697,15.283502270509558,8.274200620838515,7.009301649671043
2462896.5,2463174.36440678,2031-01-30 00:00:00.000,2031-11-03 20:44:44.746,277.86440677966107,8.1882495436436,3.8264970576277753,4.361752486015826
2462896.5,2463192.8220338984,2031-01-30 00:00:00.000,2031-11-22 07:43:43.729,296.3220338983051,7.369975573120831,2.989675020263943,4.380300552856888
2462896.5,2463211.279661017,2031-01-30 00:00:00.000,2031-12-10 18:42:42.712,314.77966101694915,7.689571218498519,2.877007734051917,4.812563484446602
2462896.5,2463229.737288136,2031-01-30 00:00:00.000,2031-12-29 05:41:41.695,333.23728813559325,8.543826391304586,3.158206340409491,5.385620050895096
2462896.5,2463248.194915254,2031-01-30 00:00:00.000,2032-01-16 16:40:40.678,351.69491525423734,9.783497065201324,3.747116950871643,6.036380114329681
2462896.5,2463266.6525423727,2031-01-30 00:00:00.000,2032-02-04 03:39:39.661,370.1525423728814,11.357930285927022,4.603831535545055,6.754098750381968
2462896.5,2463285.110169492,2031-01-30 00:00:00.000,2032-02-22 14:38:38.644,388.6101694915254,13.265592308522612,5.7159965998221045,7.549595708700507
2462896.5,2463303.5677966103,2031-01-30 00:00:00.000,2032-03-12 01:37:37.627,407.0677966101695,15.545255075478362,7.097698253505693,8.44755682197267
2462896.5,2463322.025423729,2031-01-30 00:00:00.000,2032-03-30 12:36:36.610,425.5254237288136,18.27518312092972,8.789389588399226,9.485793532530494
2462897.5,2463027.7033898304,2031-01-31 00:00:00.000,2031-06-10 04:52:52.881,130.20338983050848,16.800025619289773,5.098564415735098,11.701461203554674
2462897.5,2463046.161016949,2031-01-31 00:00:00.000,2031-06-28 15:51:51.864,148.66101694915255,12.972092467650173,3.856647573368848,9.115444894281325
2462897.5,2463064.618644068,2031-01-31 00:00:00.000,2031-07-17 02:50:50.847,167.11864406779662,10.320104343579942,3.195466391122164,7.124637952457777
2462897.5,2463083.0762711866,2031-01-31 00:00:00.000,2031-08-04 13:49:49.831,185.5762711864407,8.595925704939628,2.965787405686551,5.630138299253077
2462897.5,2463101.533898305,2031-01-31 00:00:00.000,2031-08-23 00:48:48.814,204.0338983050848,7.776416654395776,3.124105215916228,4.652311438479548
2462897.5,2463119.991525424,2031-01-31 00:00:00.000,2031-09-10 11:47:47.797,222.49152542372883,8.628005134543788,4.092877640034791,4.535127494508996
2462897.5,2463156.906779661,2031-01-31 00:00:00.000,2031-10-17 09:45:45.763,259.40677966101697,16.022618895998374,8.693480769252801,7.329138126745573
2462897.5,2463175.36440678,2031-01-31 00:00:00.000,2031-11-04 20:44:44.746,277.86440677966107,8.287021823962624,3.8759781273479126,4.411043696614711
2462897.5,2463193.8220338984,2031-01-31 00:00:00.000,2031-11-23 07:43:43.729,296.3220338983051,7.40965571775094,2.998747164840194,4.410908552910747
2462897.5,2463212.279661017,2031-01-31 00:00:00.000,2031-12-11 18:42:42.712,314.77966101694915,7.709599125637545,2.872213644900838,4.837385480736707
2462897.5,2463230.737288136,2031-01-31 00:00:00.000,2031-12-30 05:41:41.695,333.23728813559325,8.551257104387481,3.146386274193013,5.4048708301944695
2462897.5,2463249.194915254,2031-01-31 00:00:00.000,2032-01-17 16:40:40.678,351.69491525423734,9.77981147215214,3.730896666372959,6.048914805779181
2462897.5,2463267.6525423727,2031-01-31 00:00:00.000,2032-02-05 03:39:39.661,370.1525423728814,11.341921702459688,4.5834141928529215,6.758507509606766
2462897.5,2463286.110169492,2031-01-31 00:00:00.000,2032-02-23 14:38:38.644,388.6101694915254,13.23390943346092,5.689743442657637,7.544165990803284
2462897.5,2463304.5677966103,2031-01-31 00:00:00.000,2032-03-13 01:37:37.627,407.0677966101695,15.492400094122726,7.062367864697291,8.430032229425436
2462897.5,2463323.025423729,2031-01-31 00:00:00.000,2032-03-31 12:36:36.610,425.5254237288136,18.193012354392657,8.739976121756982,9.453036232635675
2462898.5,2463028.7033898304,2031-02-01 00:00:00.000,2031-06-11 04:52:52.881,130.20338983050848,16.595094887108015,5.015421920358225,11.57967296674979
2462898.5,2463047.161016949,2031-02-01 00:00:00.000,2031-06-29 15:51:51.864,148.66101694915255,12.827082648440454,3.813042295053272,9.014040353387182
2462898.5,2463065.618644068,2031-02-01 00:00:00.000,2031-07-18 02:50:50.847,167.11864406779662,10.226759381736636,3.185603913827085,7.041155467909548
2462898.5,2463084.0762711866,2031-02-01 00:00:00.000,2031-08-05 13:49:49.831,185.5762711864407,8.54071635376659,2.976865544334261,5.5638508094323305
2462898.5,2463102.533898305,2031-02-01 00:00:00.000,2031-08-24 00:48:48.814,204.0338983050848,7.738418558579463,3.136347920047512,4.60207063853195
2462898.5,2463120.991525424,2031-02-01 00:00:00.000,2031-09-11 11:47:47.797,222.49152542372883,8.54015080294115,4.059261974366333,4.480888828574818
2462898.5,2463139.4491525423,2031-02-01 00:00:00.000,2031-09-29 22:46:46.780,240.9491525423729,19.469938278768133,10.61234463399906,8.857593644769073
2462898.5,2463157.906779661,2031-02-01 00:00:00.000,2031-10-18 09:45:45.763,259.40677966101697,16.843990728246354,9.158644840031538,7.6853458882148145
2462898.5,2463176.36440678,2031-02-01 00:00:00.000,2031-11-05 20:44:44.746,277.86440677966107,8.389496477016682,3.927632497921133,4.461863979095549
2462898.5,2463194.8220338984,2031-02-01 00:00:00.000,2031-11-24 07:43:43.729,296.3220338983051,7.450316856040476,3.0085180499124595,4.441798806128016
2462898.5,2463213.279661017,2031-02-01 00:00:00.000,2031-12-12 18:42:42.712,314.77966101694915,7.730203060279752,2.867957580745391,4.862245479534361
2462898.5,2463231.737288136,2031-02-01 00:00:00.000,2031-12-31 05:41:41.695,333.23728813559325,8.559112621970739,3.1350563538453864,5.424056268125352
2462898.5,2463250.194915254,2031-02-01 00:00:00.000,2032-01-18 16:40:40.678,351.69491525423734,9.77646727735463,3.715132786803856,6.061334490550775
2462898.5,2463268.6525423727,2031-02-01 00:00:00.000,2032-02-06 03:39:39.661,370.1525423728814,11.32621961973507,4.563430025152513,6.762789594582558
2462898.5,2463287.110169492,2031-02-01 00:00:00.000,2032-02-24 14:38:38.644,388.6101694915254,13.202560550427362,5.663923210343889,7.538637340083474
2462898.5,2463305.5677966103,2031-02-01 00:00:00.000,2032-03-14 01:37:37.627,407.0677966101695,15.440005708766154,7.027517876190886,8.412487832575268
2462898.5,2463324.025423729,2031-02-01 00:00:00.000,2032-04-01 12:36:36.610,425.5254237288136,18.111592694791007,8.691178890107118,9.42041380468389
2462899.5,2463029.7033898304,2031-02-02 00:00:00.000,2031-06-12 04:52:52.881,130.20338983050848,16.394126546738867,4.936199628490956,11.457926918247912
2462899.5,2463048.161016949,2031-02-02 00:00:00.000,2031-06-30 15:51:51.864,148.66101694915255,12.686628056183938,3.773827452650068,8.91280060353387
2462899.5,2463066.618644068,2031-02-02 00:00:00.000,2031-07-19 02:50:50.847,167.11864406779662,10.137828501510542,3.179808917279745,6.958019584230797
2462899.5,2463085.0762711866,2031-02-02 00:00:00.000,2031-08-06 13:49:49.831,185.5762711864407,8.489146214087324,2.9909751808416845,5.49817103324564
2462899.5,2463103.533898305,2031-02-02 00:00:00.000,2031-08-25 00:48:48.814,204.0338983050848,7.703628421191635,3.1508111576663653,4.552817263525269
2462899.5,2463121.991525424,2031-02-02 00:00:00.000,2031-09-12 11:47:47.797,222.49152542372883,8.458810007155048,4.0296595818134575,4.429150425341589
2462899.5,2463140.4491525423,2031-02-02 00:00:00.000,2031-09-30 22:46:46.780,240.9491525423729,18.374401034505205,9.99041951696774,8.383981517537464
2462899.5,2463158.906779661,2031-02-02 00:00:00.000,2031-10-19 09:45:45.763,259.40677966101697,17.76125067349034,9.677300539590547,8.083950133899792
2462899.5,2463177.36440678,2031-02-02 00:00:00.000,2031-11-06 20:44:44.746,277.86440677966107,8.49576040327316,3.9814969131732334,4.514263490099927
2462899.5,2463195.8220338984,2031-02-02 00:00:00.000,2031-11-25 07:43:43.729,296.3220338983051,7.491869381644349,3.018909589510821,4.472959792133529
2462899.5,2463214.279661017,2031-02-02 00:00:00.000,2031-12-13 18:42:42.712,314.77966101694915,7.751284452120426,2.864151291571238,4.887133160549188
2462899.5,2463232.737288136,2031-02-02 00:00:00.000,2032-01-01 05:41:41.695,333.23728813559325,8.56729775354911,3.124129259994391,5.443168493554718
2462899.5,2463251.194915254,2031-02-02 00:00:00.000,2032-01-19 16:40:40.678,351.69491525423734,9.773375609691708,3.699742562710393,6.073633046981314
2462899.5,2463269.6525423727,2031-02-02 00:00:00.000,2032-02-07 03:39:39.661,370.1525423728814,11.310742253292656,4.543802158660046,6.76694009463261
2462899.5,2463288.110169492,2031-02-02 00:00:00.000,2032-02-25 14:38:38.644,388.6101694915254,13.171470414727676,5.638464920487346,7.533005494240331
2462899.5,2463306.5677966103,2031-02-02 00:00:00.000,2032-03-15 01:37:37.627,407.0677966101695,15.3880015603646,6.993082374642672,8.394919185721928
2462899.5,2463325.025423729,2031-02-02 00:00:00.000,2032-04-02 12:36:36.610,425.5254237288136,18.03085525648804,8.642935230407842,9.387920026080195
2462900.5,2463030.7033898304,2031-02-03 00:00:00.000,2031-06-13 04:52:52.881,130.20338983050848,16.19722532645655,4.860977785267156,11.336247541189394
2462900.5,2463049.161016949,2031-02-03 00:00:00.000,2031-07-01 15:51:51.864,148.66101694915255,12.55077903345353,3.7390261338330513,8.811752899620478
2462900.5,2463067.618644068,2031-02-03 00:00:00.000,2031-07-20 02:50:50.847,167.11864406779662,10.053256811503704,3.177993955791186,6.875262855712516
2462900.5,2463086.0762711866,2031-02-03 00:00:00.000,2031-08-07 13:49:49.831,185.5762711864407,8.44111601715271,3.007977446543028,5.433138570609683
2462900.5,2463104.533898305,2031-02-03 00:00:00.000,2031-08-26 00:48:48.814,204.0338983050848,7.67196577085363,3.1673747311539477,4.504591039699683
2462900.5,2463122.991525424,2031-02-03 00:00:00.000,2031-09-13 11:47:47.797,222.49152542372883,8.383657468121523,4.0038192782943645,4.379838189827158
2462900.5,2463141.4491525423,2031-02-03 00:00:00.000,2031-10-01 22:46:46.780,240.9491525423729,17.415454811330576,9.445898682070528,7.969556129260048
2462900.5,2463159.906779661,2031-02-03 00:00:00.000,2031-10-20 09:45:45.763,259.40677966101697,18.79113707414596,10.258788329653482,8.532348744492475
2462900.5,2463178.36440678,2031-02-03 00:00:00.000,2031-11-07 20:44:44.746,277.86440677966107,8.605925110971967,4.037625731655474,4.5682993793164925
2462900.5,2463196.8220338984,2031-02-03 00:00:00.000,2031-11-26 07:43:43.729,296.3220338983051,7.5342319091602,3.0298512815828222,4.504380627577377
2462900.5,2463215.279661017,2031-02-03 00:00:00.000,2031-12-14 18:42:42.712,314.77966101694915,7.772751041730274,2.8607123518198416,4.912038689910432
2462900.5,2463233.737288136,2031-02-03 00:00:00.000,2032-01-02 05:41:41.695,333.23728813559325,8.5757221119186,3.113521991409819,5.46220012050878
2462900.5,2463252.194915254,2031-02-03 00:00:00.000,2032-01-20 16:40:40.678,351.69491525423734,9.770451192365677,3.6846463539128216,6.085804838452853
2462900.5,2463270.6525423727,2031-02-03 00:00:00.000,2032-02-08 03:39:39.661,370.1525423728814,11.295410471690086,4.524455892682315,6.77095457900777
2462900.5,2463289.110169492,2031-02-03 00:00:00.000,2032-02-26 14:38:38.644,388.6101694915254,13.14056566288634,5.613299002470854,7.527266660415486
2462900.5,2463307.5677966103,2031-02-03 00:00:00.000,2032-03-16 01:37:37.627,407.0677966101695,15.336318509754946,6.958996203479603,8.377322306275342
2462900.5,2463326.025423729,2031-02-03 00:00:00.000,2032-04-03 12:36:36.610,425.5254237288136,17.95073180620701,8.595182654576668,9.35554915163034
2462901.5,2463031.7033898304,2031-02-04 00:00:00.000,2031-06-14 04:52:52.881,130.20338983050848,16.004500981608345,4.789841615790153,11.214659365818193
2462901.5,2463050.161016949,2031-02-04 00:00:00.000,2031-07-02 15:51:51.864,148.66101694915255,12.419582525726597,3.70865771856862,8.710924807157975
2462901.5,2463068.618644068,2031-02-04 00:00:00.000,2031-07-21 02:50:50.847,167.11864406779662,9.97298624066937,3.180067776141883,6.792918464527486
2462901.5,2463087.0762711866,2031-02-04 00:00:00.000,2031-08-08 13:49:49.831,185.5762711864407,8.396532813407601,3.0277389570794204,5.368793856328181
2462901.5,2463105.533898305,2031-02-04 00:00:00.000,2031-08-27 00:48:48.814,204.0338983050848,7.643359220603623,3.1859268626709443,4.457432357932678
2462901.5,2463123.991525424,2031-02-04 00:00:00.000,2031-09-14 11:47:47.797,222.49152542372883,8.314399914677173,3.981511204277789,4.332888710399384
2462901.5,2463142.4491525423,2031-02-04 00:00:00.000,2031-10-02 22:46:46.780,240.9491525423729,16.570762879334833,8.966151436687888,7.604611442646946
2462901.5,2463160.906779661,2031-02-04 00:00:00.000,2031-10-21 09:45:45.763,259.40677966101697,19.954359800669454,10.914663123140436,9.039696677529024
2462901.5,2463179.36440678,2031-02-04 00:00:00.000,2031-11-08 20:44:44.746,277.86440677966107,8.720126868400428,4.096090286374134,4.624036582026294
2462901.5,2463197.8220338984,2031-02-04 00:00:00.000,2031-11-27 07:43:43.729,296.3220338983051,7.577329047553634,3.041277954674156,4.536051092879478
2462901.5,2463216.279661017,2031-02-04 00:00:00.000,2031-12-15 18:42:42.712,314.77966101694915,7.7945142406594305,2.8575615093997504,4.93695273125968
2462901.5,2463234.737288136,2031-02-04 00:00:00.000,2032-01-03 05:41:41.695,333.23728813559325,8.584297331551518,3.103153073113361,5.481144258438158
2462901.5,2463253.194915254,2031-02-04 00:00:00.000,2032-01-21 16:40:40.678,351.69491525423734,9.767609637869633,3.66976491427662,6.097844723593012
2462901.5,2463271.6525423727,2031-02-04 00:00:00.000,2032-02-09 03:39:39.661,370.1525423728814,11.280145290207775,4.505316182505301,6.774829107702474
2462901.5,2463290.110169492,2031-02-04 00:00:00.000,2032-02-27 14:38:38.644,388.6101694915254,13.109772551507282,5.588355023534347,7.521417527972935
2462901.5,2463308.5677966103,2031-02-04 00:00:00.000,2032-03-17 01:37:37.627,407.0677966101695,15.28488663354096,6.925192943642195,8.359693689898764
2462901.5,2463327.025423729,2031-02-04 00:00:00.000,2032-04-04 12:36:36.610,425.5254237288136,17.871153021296973,8.547857088483939,9.323295932813034
2462902.5,2463032.7033898304,2031-02-05 00:00:00.000,2031-06-15 04:52:52.881,130.20338983050848,15.816066874376268,4.722879862606432,11.093187011769835
2462902.5,2463051.161016949,2031-02-05 00:00:00.000,2031-07-03 15:51:51.864,148.66101694915255,12.293081136154449,3.682736883613825,8.610344252540623
2462902.5,2463069.618644068,2031-02-05 00:00:00.000,2031-07-22 02:50:50.847,167.11864406779662,9.89695669448446,3.185936415699173,6.711020278785288
2462902.5,2463088.0762711866,2031-02-05 00:00:00.000,2031-08-09 13:49:49.831,185.5762711864407,8.35531149666507,3.050133294741651,5.30517820192342
2462902.5,2463106.533898305,2031-02-05 00:00:00.000,2031-08-28 00:48:48.814,204.0338983050848,7.617747412793511,3.206365189714668,4.411382223078843
2462902.5,2463124.991525424,2031-02-05 00:00:00.000,2031-09-15 11:47:47.797,222.49152542372883,8.250773655005398,3.962525867037557,4.2882477879678405
2462902.5,2463143.4491525423,2031-02-05 00:00:00.000,2031-10-03 22:46:46.780,240.9491525423729,15.822536584487846,8.541110170299167,7.28142641418868
2462902.5,2463180.36440678,2031-02-05 00:00:00.000,2031-11-09 20:44:44.746,277.86440677966107,8.838528274894774,4.156979546832456,4.6815487280623165
2462902.5,2463198.8220338984,2031-02-05 00:00:00.000,2031-11-28 07:43:43.729,296.3220338983051,7.621090478721615,3.0531288037998845,4.56796167492173
2462902.5,2463217.279661017,2031-02-05 00:00:00.000,2031-12-16 18:42:42.712,314.77966101694915,7.816487528920556,2.854621054701123,4.961866474219432
2462902.5,2463235.737288136,2031-02-05 00:00:00.000,2032-01-04 05:41:41.695,333.23728813559325,8.59293486680436,3.092940326043182,5.499994540761177
2462902.5,2463254.194915254,2031-02-05 00:00:00.000,2032-01-22 16:40:40.678,351.69491525423734,9.764764863184396,3.6550167781666807,6.109748085017715
2462902.5,2463272.6525423727,2031-02-05 00:00:00.000,2032-02-10 03:39:39.661,370.1525423728814,11.26486510250201,4.486304841856896,6.778560260645115
2462902.5,2463291.110169492,2031-02-05 00:00:00.000,2032-02-28 14:38:38.644,388.6101694915254,13.079014130820248,5.563558831552914,7.515455299267333
2462902.5,2463309.5677966103,2031-02-05 00:00:00.000,2032-03-18 01:37:37.627,407.0677966101695,15.233632410008262,6.891602067074401,8.342030342933862
2462902.5,2463328.025423729,2031-02-05 00:00:00.000,2032-04-05 12:36:36.610,425.5254237288136,17.79204573184778,8.500890078673455,9.291155653174323
2462903.5,2463033.7033898304,2031-02-06 00:00:00.000,2031-06-16 04:52:52.881,130.20338983050848,15.632041143311962,4.660185923211119,10.971855220100844
2462903.5,2463052.161016949,2031-02-06 00:00:00.000,2031-07-04 15:51:51.864,148.66101694915255,12.171315100093569,3.661275535429477,8.51003956466409
2462903.5,2463070.618644068,2031-02-06 00:00:00.000,2031-07-23 02:50:50.847,167.11864406779662,9.825110046857558,3.19550714323452,6.629602903623038
2462903.5,2463089.0762711866,2031-02-06 00:00:00.000,2031-08-10 13:49:49.831,185.5762711864407,8.317378704988261,3.0750448747091244,5.242333830279137
2462903.5,2463107.533898305,2031-02-06 00:00:00.000,2031-08-29 00:48:48.814,204.0338983050848,7.595082042827836,3.228599845722834,4.366482197105002
2462903.5,2463125.991525424,2031-02-06 00:00:00.000,2031-09-16 11:47:47.797,222.49152542372883,8.192544219989625,3.946675060363428,4.2458691596261975
2462903.5,2463144.4491525423,2031-02-06 00:00:00.000,2031-10-04 22:46:46.780,240.9491525423729,15.156468320476243,8.162670023092433,6.99379829738381
2462903.5,2463181.36440678,2031-02-06 00:00:00.000,2031-11-10 20:44:44.746,277.86440677966107,8.961321396619471,4.220402214546917,4.740919182072553
2462903.5,2463199.8220338984,2031-02-06 00:00:00.000,2031-11-29 07:43:43.729,296.3220338983051,7.665451844774238,3.065348215122346,4.600103629651892
2462903.5,2463218.279661017,2031-02-06 00:00:00.000,2031-12-17 18:42:42.712,314.77966101694915,7.838586731038715,2.8518150449245896,4.986771686114126
2462903.5,2463236.737288136,2031-02-06 00:00:00.000,2032-01-05 05:41:41.695,333.23728813559325,8.60154542987641,3.0828002510903234,5.5187451787860855
2462903.5,2463255.194915254,2031-02-06 00:00:00.000,2032-01-23 16:40:40.678,351.69491525423734,9.761827788214283,3.640316903356135,6.12151088485815
2462903.5,2463273.6525423727,2031-02-06 00:00:00.000,2032-02-11 03:39:39.661,370.1525423728814,11.249483847437894,4.467338652702591,6.7821451947353015
2462903.5,2463292.110169492,2031-02-06 00:00:00.000,2032-02-29 14:38:38.644,388.6101694915254,13.048208051827904,5.538830302556063,7.50937774927184
2462903.5,2463310.5677966103,2031-02-06 00:00:00.000,2032-03-19 01:37:37.627,407.0677966101695,15.18247628152519,6.858146436841964,8.324329844683227
2462903.5,2463329.025423729,2031-02-06 00:00:00.000,2032-04-06 12:36:36.610,425.5254237288136,17.713330314490193,8.45420611997386,9.259124194516334
2462904.5,2463034.7033898304,2031-02-07 00:00:00.000,2031-06-17 04:52:52.881,130.20338983050848,15.45255050688892,4.601861615614059,10.850688891274862
2462904.5,2463053.161016949,2031-02-07 00:00:00.000,2031-07-05 15:51:51.864,148.66101694915255,12.054326891040729,3.644287369419162,8.410039521621565
2462904.5,2463071.618644068,2031-02-07 00:00:00.000,2031-07-24 02:50:50.847,167.11864406779662,9.757396276729072,3.208694539842545,6.548701736886526
2462904.5,2463090.0762711866,2031-02-07 00:00:00.000,2031-08-11 13:49:49.831,185.5762711864407,8.282678269588864,3.102374357223264,5.180303912365599
2462904.5,2463108.533898305,2031-02-07 00:00:00.000,2031-08-30 00:48:48.814,204.0338983050848,7.575332204598349,3.2525578610815105,4.322774343516839
2462904.5,2463126.991525424,2031-02-07 00:00:00.000,2031-09-17 11:47:47.797,222.49152542372883,8.13950754868865,3.933794153272156,4.205713395416495
2462904.5,2463145.4491525423,2031-02-07 00:00:00.000,2031-10-05 22:46:46.780,240.9491525423729,14.560943832156724,7.824246239038577,6.736697593118148
2462904.5,2463182.36440678,2031-02-07 00:00:00.000,2031-11-11 20:44:44.746,277.86440677966107,9.08873213272145,4.286489909591977,4.802242223129473
2462904.5,2463200.8220338984,2031-02-07 00:00:00.000,2031-11-30 07:43:43.729,296.3220338983051,7.710357319565362,3.0778882599922577,4.632469059573104
2462904.5,2463219.279661017,2031-02-07 00:00:00.000,2031-12-18 18:42:42.712,314.77966101694915,7.860732386747079,2.8490716034519123,5.011660783295167
2462904.5,2463237.737288136,2031-02-07 00:00:00.000,2032-01-06 05:41:41.695,333.23728813559325,8.610040599453672,3.072649561355997,5.537391038097676
2462904.5,2463256.194915254,2031-02-07 00:00:00.000,2032-01-24 16:40:40.678,351.69491525423734,9.758707074650289,3.625577329796111,6.133129744854179
2462904.5,2463274.6525423727,2031-02-07 00:00:00.000,2032-02-12 03:39:39.661,370.1525423728814,11.233911015962498,4.44832928866215,6.785581727300348
2462904.5,2463293.110169492,2031-02-07 00:00:00.000,2032-03-01 14:38:38.644,388.6101694915254,13.017266008787251,5.514082695238156,7.503183313549096
2462904.5,2463311.5677966103,2031-02-07 00:00:00.000,2032-03-20 01:37:37.627,407.0677966101695,15.13133166202339,6.824741221855195,8.306590440168195
2462904.5,2463330.025423729,2031-02-07 00:00:00.000,2032-04-07 12:36:36.610,425.5254237288136,17.634919355791858,8.407721219889341,9.22719813590252
2462905.5,2463035.7033898304,2031-02-08 00:00:00.000,2031-06-18 04:52:52.881,130.20338983050848,15.27773579255032,4.548022646669903,10.729713145880416
2462905.5,2463054.161016949,2031-02-08 00:00:00.000,2031-07-06 15:51:51.864,148.66101694915255,11.942167242472042,3.6317938253973785,8.310373417074663
2462905.5,2463072.618644068,2031-02-08 00:00:00.000,2031-07-25 02:50:50.847,167.11864406779662,9.693780301818476,3.2254272602006213,6.468353041617855
2462905.5,2463091.0762711866,2031-02-08 00:00:00.000,2031-08-12 13:49:49.831,185.5762711864407,8.251176823753234,3.1320442085083062,5.119132615244928
2462905.5,2463109.533898305,2031-02-08 00:00:00.000,2031-08-31 00:48:48.814,204.0338983050848,7.558488848298344,3.2781876691365346,4.2803011791618095
2462905.5,2463127.991525424,2031-02-08 00:00:00.000,2031-09-18 11:47:47.797,222.49152542372883,8.091491783378022,3.9237448354299462,4.167746947948075
2462905.5,2463146.4491525423,2031-02-08 00:00:00.000,2031-10-06 22:46:46.780,240.9491525423729,14.026455299906733,7.520444834190155,6.506010465716579
2462905.5,2463183.36440678,2031-02-08 00:00:00.000,2031-11-12 20:44:44.746,277.86440677966107,9.221025234913256,4.3554008657680265,4.86562436914523
2462905.5,2463201.8220338984,2031-02-08 00:00:00.000,2031-12-01 07:43:43.729,296.3220338983051,7.755763227502422,3.0907122331379147,4.665050994364507
2462905.5,2463220.279661017,2031-02-08 00:00:00.000,2031-12-19 18:42:42.712,314.77966101694915,7.8828537522222195,2.846326841379937,5.036526910842283
2462905.5,2463238.737288136,2031-02-08 00:00:00.000,2032-01-07 05:41:41.695,333.23728813559325,8.6183363854008,3.06240865913724,5.555927726263561
2462905.5,2463257.194915254,2031-02-08 00:00:00.000,2032-01-25 16:40:40.678,351.69491525423734,9.75531192187725,3.610709881907261,6.144602039969991
2462905.5,2463275.6525423727,2031-02-08 00:00:00.000,2032-02-13 03:39:39.661,370.1525423728814,11.218053698370896,4.429185263276654,6.788868435094242
2462905.5,2463294.110169492,2031-02-08 00:00:00.000,2032-03-02 14:38:38.644,388.6101694915254,12.986095159403847,5.489223965509491,7.496871193894356
2462905.5,2463312.5677966103,2031-02-08 00:00:00.000,2032-03-21 01:37:37.627,407.0677966101695,15.080105844593138,6.791294691600645,8.288811152992492
2462905.5,2463331.025423729,2031-02-08 00:00:00.000,2032-04-08 12:36:36.610,425.5254237288136,17.55671813401489,8.361343258489581,9.195374875525308
2462906.5,2463018.245762712,2031-02-09 00:00:00.000,2031-05-31 17:53:53.898,111.74576271186442,19.90062377058601,6.128595709417379,13.772028061168632
2462906.5,2463036.7033898304,2031-02-09 00:00:00.000,2031-06-19 04:52:52.881,130.20338983050848,15.10775792861557,4.498804508106318,10.608953420509252
2462906.5,2463055.161016949,2031-02-09 00:00:00.000,2031-07-07 15:51:51.864,148.66101694915255,11.83490115463096,3.623829997258963,8.211071157371995
2462906.5,2463073.618644068,2031-02-09 00:00:00.000,2031-07-26 02:50:50.847,167.11864406779662,9.634248071431395,3.2456540269254104,6.388594044505986
2462906.5,2463092.0762711866,2031-02-09 00:00:00.000,2031-08-13 13:49:49.831,185.5762711864407,8.22286833319916,3.164003165601778,5.058865167597382
2462906.5,2463110.533898305,2031-02-09 00:00:00.000,2031-09-01 00:48:48.814,204.0338983050848,7.544568291192624,3.305462654571784,4.23910563662084
2462906.5,2463128.991525424,2031-02-09 00:00:00.000,2031-09-19 11:47:47.797,222.49152542372883,8.048358776239716,3.9164174406544014,4.1319413355853145
2462906.5,2463147.4491525423,2031-02-09 00:00:00.000,2031-10-07 22:46:46.780,240.9491525423729,13.545159628695846,7.246815085557111,6.298344543138734
2462906.5,2463184.36440678,2031-02-09 00:00:00.000,2031-11-13 20:44:44.746,277.86440677966107,9.358509530360944,4.427323673229975,4.931185857130969
2462906.5,2463202.8220338984,2031-02-09 00:00:00.000,2031-12-02 07:43:43.729,296.3220338983051,7.8016420093261,3.103798547699819,4.697843461626281
2462906.5,2463221.279661017,2031-02-09 00:00:00.000,2031-12-20 18:42:42.712,314.77966101694915,7.904893713962422,2.8435296969040103,5.061364017058412
2462906.5,2463239.737288136,2031-02-09 00:00:00.000,2032-01-08 05:41:41.695,333.23728813559325,8.626358128959497,3.0520064512344502,5.574351677725047
2462906.5,2463258.194915254,2031-02-09 00:00:00.000,2032-01-26 16:40:40.678,351.69491525423734,9.751556433155615,3.595630442187529,6.155925990968086
2462906.5,2463276.6525423727,2031-02-09 00:00:00.000,2032-02-14 03:39:39.661,370.1525423728814,11.20182031287988,4.409815558968734,6.792004753911146
2462906.5,2463295.110169492,2031-02-09 00:00:00.000,2032-03-03 14:38:38.644,388.6101694915254,12.95460127418499,5.464159807850485,7.490441466334505
2462906.5,2463313.5677966103,2031-02-09 00:00:00.000,2032-03-22 01:37:37.627,407.0677966101695,15.028702655447256,6.7577107528475215,8.270991902599734
2462906.5,2463332.025423729,2031-02-09 00:00:00.000,2032-04-09 12:36:36.610,425.5254237288136,17.47862684883045,8.31497408956661,9.16365275926384
2462907.5,2463019.245762712,2031-02-10 00:00:00.000,2031-06-01 17:53:53.898,111.74576271186442,19.66159632418607,6.036137492396635,13.625458831789436
2462907.5,2463037.7033898304,2031-02-10 00:00:00.000,2031-06-20 04:52:52.881,130.20338983050848,14.942803284013891,4.45436767830074,10.48843560571315
2462907.5,2463056.161016949,2031-02-10 00:00:00.000,2031-07-08 15:51:51.864,148.66101694915255,11.732612736889813,3.620449341132024,8.112163395757788
2462907.5,2463074.618644068,2031-02-10 00:00:00.000,2031-07-27 02:50:50.847,167.11864406779662,9.578810909459596,3.2693478441799058,6.309463065279688
2462907.5,2463093.0762711866,2031-02-10 00:00:00.000,2031-08-14 13:49:49.831,185.5762711864407,8.19777676969026,3.1982288243690387,4.99954794532122
2462907.5,2463111.533898305,2031-02-10 00:00:00.000,2031-09-02 00:48:48.814,204.0338983050848,7.533614122781657,3.334383085263806,4.199231037517851
2462907.5,2463129.991525424,2031-02-10 00:00:00.000,2031-09-20 11:47:47.797,222.49152542372883,8.010004678186812,3.9117322365917366,4.098272441595076
2462907.5,2463148.4491525423,2031-02-10 00:00:00.000,2031-10-08 22:46:46.780,240.9491525423729,13.11054251063361,6.999661444513069,6.110881066120542
2462907.5,2463185.36440678,2031-02-10 00:00:00.000,2031-11-14 20:44:44.746,277.86440677966107,9.501543129679124,4.502480828157894,4.999062301521231
2462907.5,2463203.8220338984,2031-02-10 00:00:00.000,2031-12-03 07:43:43.729,296.3220338983051,7.847986030563073,3.117144493241852,4.730841537321221
2462907.5,2463222.279661017,2031-02-10 00:00:00.000,2031-12-21 18:42:42.712,314.77966101694915,7.926814021028557,2.840647110321956,5.0861669107066
2462907.5,2463240.737288136,2031-02-10 00:00:00.000,2032-01-09 05:41:41.695,333.23728813559325,8.634046153000293,3.041385930196624,5.592660222803668
2462907.5,2463259.194915254,2031-02-10 00:00:00.000,2032-01-27 16:40:40.678,351.69491525423734,9.747365020764349,3.5802642786426966,6.167100742121653
2462907.5,2463277.6525423727,2031-02-10 00:00:00.000,2032-02-15 03:39:39.661,370.1525423728814,11.18512554855739,4.390134484215341,6.7949910643420495
2462907.5,2463296.110169492,2031-02-10 00:00:00.000,2032-03-04 14:38:38.644,388.6101694915254,12.922693209381542,5.438798033063486,7.483895176318057
2462907.5,2463314.5677966103,2031-02-10 00:00:00.000,2032-03-23 01:37:37.627,407.0677966101695,14.977026504176395,6.723892894177455,8.253133609998942
2462907.5,2463333.025423729,2031-02-10 00:00:00.000,2032-04-10 12:36:36.610,425.5254237288136,17.400544299286317,8.268513100167501,9.132031199118815
2462908.5,2463020.245762712,2031-02-11 00:00:00.000,2031-06-02 17:53:53.898,111.74576271186442,19.42711798223223,5.948049480406441,13.479068501825788
2462908.5,2463038.7033898304,2031-02-11 00:00:00.000,2031-06-21 04:52:52.881,130.20338983050848,14.7830873636612,4.414901135249342,10.368186228411856
2462908.5,2463057.161016949,2031-02-11 00:00:00.000,2031-07-09 15:51:51.864,148.66101694915255,11.63540796024095,3.621726254267213,8.013681705973736
2462908.5,2463075.618644068,2031-02-11 00:00:00.000,2031-07-28 02:50:50.847,167.11864406779662,9.527507398619903,3.296507720312467,6.2309996783074375
2462908.5,2463094.0762711866,2031-02-11 00:00:00.000,2031-08-15 13:49:49.831,185.5762711864407,8.175956432193075,3.2347278558924373,4.941228576300638
2462908.5,2463112.533898305,2031-02-11 00:00:00.000,2031-09-03 00:48:48.814,204.0338983050848,7.525697085812242,3.3649760116549965,4.160721074157245
2462908.5,2463130.991525424,2031-02-11 00:00:00.000,2031-09-21 11:47:47.797,222.49152542372883,7.976359171611257,3.909639259595821,4.066719912015436
2462908.5,2463149.4491525423,2031-02-11 00:00:00.000,2031-10-09 22:46:46.780,240.9491525423729,12.717160135431726,6.7758988842760335,5.9412612511556935
2462908.5,2463186.36440678,2031-02-11 00:00:00.000,2031-11-15 20:44:44.746,277.86440677966107,9.650538459129228,4.58113189472462,5.069406564404608
2462908.5,2463204.8220338984,2031-02-11 00:00:00.000,2031-12-04 07:43:43.729,296.3220338983051,7.894810791712887,3.13076942361946,4.764041368093428
2462908.5,2463223.279661017,2031-02-11 00:00:00.000,2031-12-22 18:42:42.712,314.77966101694915,7.948600318427072,2.8376690275701875,5.110931290856885
2462908.5,2463241.737288136,2031-02-11 00:00:00.000,2032-01-10 05:41:41.695,333.23728813559325,8.641361659863529,3.03051003042119,5.6108516294423385
2462908.5,2463260.194915254,2031-02-11 00:00:00.000,2032-01-28 16:40:40.678,351.69491525423734,9.742678399932467,3.5645519881321306,6.178126411800338
2462908.5,2463278.6525423727,2031-02-11 00:00:00.000,2032-02-16 03:39:39.661,370.1525423728814,11.16789612950436,4.370067378860161,6.7978287506442
2462908.5,2463297.110169492,2031-02-11 00:00:00.000,2032-03-05 14:38:38.644,388.6101694915254,12.89028836190888,5.413053954646529,7.477234407262352
2462908.5,2463315.5677966103,2031-02-11 00:00:00.000,2032-03-24 01:37:37.627,407.0677966101695,14.924987533319609,6.689749256082655,8.235238277236952
2462908.5,2463334.025423729,2031-02-11 00:00:00.000,2032-04-11 12:36:36.610,425.5254237288136,17.32237275201616,8.2218619862646,9.100510765751562
2462909.5,2463021.245762712,2031-02-12 00:00:00.000,2031-06-03 17:53:53.898,111.74576271186442,19.197476757241542,5.864594665895462,13.332882091346082
2462909.5,2463039.7033898304,2031-02-12 00:00:00.000,2031-06-22 04:52:52.881,130.20338983050848,14.628855846202,4.380623169536356,10.248232676665646
2462909.5,2463058.161016949,2031-02-12 00:00:00.000,2031-07-10 15:51:51.864,148.66101694915255,11.543414500717116,3.6277557072269553,7.915658793490161
2462909.5,2463076.618644068,2031-02-12 00:00:00.000,2031-07-29 02:50:50.847,167.11864406779662,9.48040227288427,3.327157369076041,6.153244903808229
2462909.5,2463095.0762711866,2031-02-12 00:00:00.000,2031-08-16 13:49:49.831,185.5762711864407,8.157489581540624,3.2735335219330035,4.883956059607621
2462909.5,2463113.533898305,2031-02-12 00:00:00.000,2031-09-04 00:48:48.814,204.0338983050848,7.520912653845208,3.3972928606974984,4.12361979314771
2462909.5,2463131.991525424,2031-02-12 00:00:00.000,2031-09-22 11:47:47.797,222.49152542372883,7.947383029705525,3.910116396990364,4.037266632715162
2462909.5,2463150.4491525423,2031-02-12 00:00:00.000,2031-10-10 22:46:46.780,240.9491525423729,12.360438316683029,6.57294017453644,5.787498142146585
2462909.5,2463187.36440678,2031-02-12 00:00:00.000,2031-11-16 20:44:44.746,277.86440677966107,9.805966916504538,4.663576034784639,5.142390881719899
2462909.5,2463205.8220338984,2031-02-12 00:00:00.000,2031-12-05 07:43:43.729,296.3220338983051,7.94215700636313,3.1447168473553684,4.7974401590077616
2462909.5,2463224.279661017,2031-02-12 00:00:00.000,2031-12-23 18:42:42.712,314.77966101694915,7.970266349136914,2.834612608670202,5.135653740466712
2462909.5,2463242.737288136,2031-02-12 00:00:00.000,2032-01-11 05:41:41.695,333.23728813559325,8.648292254860456,3.0193671473036754,5.628925107556781
2462909.5,2463261.194915254,2031-02-12 00:00:00.000,2032-01-29 16:40:40.678,351.69491525423734,9.73745960912597,3.548455504228146,6.189004104897825
2462909.5,2463279.6525423727,2031-02-12 00:00:00.000,2032-02-17 03:39:39.661,370.1525423728814,11.150076904424036,4.349556683543702,6.800520220880332
2462909.5,2463298.110169492,2031-02-12 00:00:00.000,2032-03-06 14:38:38.644,388.6101694915254,12.857318670226263,5.386856360487865,7.4704623097384
2462909.5,2463316.5677966103,2031-02-12 00:00:00.000,2032-03-25 01:37:37.627,407.0677966101695,14.872507482637204,6.655198455719309,8.217309026917894
2462909.5,2463335.025423729,2031-02-12 00:00:00.000,2032-04-12 12:36:36.610,425.5254237288136,17.244023659508343,8.174930419255169,9.069093240253174
2462910.5,2463022.245762712,2031-02-13 00:00:00.000,2031-06-04 17:53:53.898,111.74576271186442,18.97300349434218,5.786077863835121,13.18692563050706
2462910.5,2463040.7033898304,2031-02-13 00:00:00.000,2031-06-23 04:52:52.881,130.20338983050848,14.480382195798931,4.351778736243649,10.128603459555285
2462910.5,2463059.161016949,2031-02-13 00:00:00.000,2031-07-11 15:51:51.864,148.66101694915255,11.45677824351179,3.638649505626217,7.818128737885574
2462910.5,2463077.618644068,2031-02-13 00:00:00.000,2031-07-30 02:50:50.847,167.11864406779662,9.437582209273495,3.3613407876519648,6.076241421621532
2462910.5,2463096.0762711866,2031-02-13 00:00:00.000,2031-08-17 13:49:49.831,185.5762711864407,8.142481432035403,3.31470054185879,4.827780890176612
2462910.5,2463114.533898305,2031-02-13 00:00:00.000,2031-09-05 00:48:48.814,204.0338983050848,7.51937634758883,3.4314047768103086,4.087971570778522
2462910.5,2463132.991525424,2031-02-13 00:00:00.000,2031-09-23 11:47:47.797,222.49152542372883,7.92306392968721,3.9131656663585863,4.009898263328624
2462910.5,2463151.4491525423,2031-02-13 00:00:00.000,2031-10-11 22:46:46.780,240.9491525423729,12.036514370810584,6.388606755841315,5.647907614969269
2462910.5,2463188.36440678,2031-02-13 00:00:00.000,2031-11-17 20:44:44.746,277.86440677966107,9.96836310250016,4.7501538021169605,5.218209300383198
2462910.5,2463206.8220338984,2031-02-13 00:00:00.000,2031-12-06 07:43:43.729,296.3220338983051,7.990091119512629,3.1590549974059345,4.831036122106694
2462910.5,2463225.279661017,2031-02-13 00:00:00.000,2031-12-24 18:42:42.712,314.77966101694915,7.991856726993165,2.831525049861626,5.16033167713154
2462910.5,2463243.737288136,2031-02-13 00:00:00.000,2032-01-12 05:41:41.695,333.23728813559325,8.65485643013757,3.007975661697384,5.646880768440187
2462910.5,2463262.194915254,2031-02-13 00:00:00.000,2032-01-30 16:40:40.678,351.69491525423734,9.731699388792848,3.5319635100381706,6.1997358787546775
2462910.5,2463280.6525423727,2031-02-13 00:00:00.000,2032-02-18 03:39:39.661,370.1525423728814,11.131636615436411,4.328567736217464,6.80306887921895
2462910.5,2463299.110169492,2031-02-13 00:00:00.000,2032-03-07 14:38:38.644,388.6101694915254,12.82373654277102,5.360153461440997,7.463583081330022
2462910.5,2463317.5677966103,2031-02-13 00:00:00.000,2032-03-26 01:37:37.627,407.0677966101695,14.819525677298518,6.620175586488943,8.199350090809574
2462910.5,2463336.025423729,2031-02-13 00:00:00.000,2032-04-13 12:36:36.610,425.5254237288136,17.165423663663695,8.127642050677565,9.037781612986132
2462910.5,2463354.4830508474,2031-02-13 00:00:00.000,2032-05-01 23:35:35.593,443.98305084745766,19.941853305915547,9.92508516962665,10.016768136288896
2462911.5,2463023.245762712,2031-02-14 00:00:00.000,2031-06-05 17:53:53.898,111.74576271186442,18.75406960784629,5.71284313604714,13.041226471799147
2462911.5,2463041.7033898304,2031-02-14 00:00:00.000,2031-06-24 04:52:52.881,130.20338983050848,14.33796173087692,4.328633239769407,10.009328491107512
2462911.5,2463060.161016949,2031-02-14 00:00:00.000,2031-07-12 15:51:51.864,148.66101694915255,11.37565670201534,3.654529445744637,7.721127256270704
2462911.5,2463078.618644068,2031-02-14 00:00:00.000,2031-07-31 02:50:50.847,167.11864406779662,9.39914900099344,3.399115203904973,6.000033797088468
2462911.5,2463097.0762711866,2031-02-14 00:00:00.000,2031-08-18 13:49:49.831,185.5762711864407,8.131053011956578,3.358297834951462,4.772755177005116
2462911.5,2463115.533898305,2031-02-14 00:00:00.000,2031-09-06 00:48:48.814,204.0338983050848,7.521217208348599,3.4673961404327023,4.053821067915897
2462911.5,2463133.991525424,2031-02-14 00:00:00.000,2031-09-24 11:47:47.797,222.49152542372883,7.903410726611832,3.918807920471799,3.984602806140033
2462911.5,2463152.4491525423,2031-02-14 00:00:00.000,2031-10-12 22:46:46.780,240.9491525423729,11.742111050274602,6.221057153496663,5.521053896777938
2462911.5,2463189.36440678,2031-02-14 00:00:00.000,2031-11-18 20:44:44.746,277.86440677966107,10.138328953394602,4.841248457724538,5.297080495670065
2462911.5,2463207.8220338984,2031-02-14 00:00:00.000,2031-12-07 07:43:43.729,296.3220338983051,8.038704282271643,3.1738758977793218,4.864828384492322
2462911.5,2463226.279661017,2031-02-14 00:00:00.000,2031-12-25 18:42:42.712,314.77966101694915,8.013448130137089,2.8284848718056668,5.184963258331423
2462911.5,2463244.737288136,2031-02-14 00:00:00.000,2032-01-13 05:41:41.695,333.23728813559325,8.661106736505223,2.996387200596759,5.664719535908464
2462911.5,2463263.194915254,2031-02-14 00:00:00.000,2032-01-31 16:40:40.678,351.69491525423734,9.725420567692089,3.515095908972506,6.210324658719582
2462911.5,2463281.6525423727,2031-02-14 00:00:00.000,2032-02-19 03:39:39.661,370.1525423728814,11.112572942827535,4.307093896847167,6.805479045980368
2462911.5,2463300.110169492,2031-02-14 00:00:00.000,2032-03-08 14:38:38.644,388.6101694915254,12.78952027377182,5.332918381674359,7.45660189209746
2462911.5,2463318.5677966103,2031-02-14 00:00:00.000,2032-03-27 01:37:37.627,407.0677966101695,14.766004672598816,6.584637930902174,8.181366741696642
2462911.5,2463337.025423729,2031-02-14 00:00:00.000,2032-04-14 12:36:36.610,425.5254237288136,17.086520395914654,8.079940373191548,9.006580022723107
2462911.5,2463355.4830508474,2031-02-14 00:00:00.000,2032-05-02 23:35:35.593,443.98305084745766,19.82901707369963,9.859778613789796,9.969238459909835
2462912.5,2463024.245762712,2031-02-15 00:00:00.000,2031-06-06 17:53:53.898,111.74576271186442,18.541081582225647,5.645267968279391,12.895813613946258
2462912.5,2463042.7033898304,2031-02-15 00:00:00.000,2031-06-25 04:52:52.881,130.20338983050848,14.201902418457983,4.31146303100941,9.890439387448572
2462912.5,2463061.161016949,2031-02-15 00:00:00.000,2031-07-13 15:51:51.864,148.66101694915255,11.30020985264878,3.675517875079073,7.624691977569708
2462912.5,2463079.618644068,2031-02-15 00:00:00.000,2031-08-01 02:50:50.847,167.11864406779662,9.365210643493626,3.440541935242696,5.924668708250929
2462912.5,2463098.0762711866,2031-02-15 00:00:00.000,2031-08-19 13:49:49.831,185.5762711864407,8.123332322110905,3.4043995794011543,4.718932742709749
2462912.5,2463116.533898305,2031-02-15 00:00:00.000,2031-09-07 00:48:48.814,204.0338983050848,7.526569717779606,3.5053565648022884,4.021213152977317
2462912.5,2463134.991525424,2031-02-15 00:00:00.000,2031-09-25 11:47:47.797,222.49152542372883,7.888446281024634,3.927076088896504,3.9613701921281295
2462912.5,2463153.4491525423,2031-02-15 00:00:00.000,2031-10-13 22:46:46.780,240.9491525423729,11.474434530589171,6.068728346393511,5.40570618419566
2462912.5,2463190.36440678,2031-02-15 00:00:00.000,2031-11-19 20:44:44.746,277.86440677966107,10.31653831876564,4.937287262303247,5.379251056462392
2462912.5,2463208.8220338984,2031-02-15 00:00:00.000,2031-12-08 07:43:43.729,296.3220338983051,8.088110108794776,3.189293251788881,4.8988168570058965
2462912.5,2463227.279661017,2031-02-15 00:00:00.000,2031-12-26 18:42:42.712,314.77966101694915,8.03514920743613,2.825601966705997,5.209547240730132
2462912.5,2463245.737288136,2031-02-15 00:00:00.000,2032-01-14 05:41:41.695,333.23728813559325,8.667131917080747,2.9846889088800856,5.682443008200661
2462912.5,2463264.194915254,2031-02-15 00:00:00.000,2032-02-01 16:40:40.678,351.69491525423734,9.718681708786557,3.497907606805686,6.220774101980869
2462912.5,2463282.6525423727,2031-02-15 00:00:00.000,2032-02-20 03:39:39.661,370.1525423728814,11.092917044827535,4.285161221116756,6.80775582371078
2462912.5,2463301.110169492,2031-02-15 00:00:00.000,2032-03-09 14:38:38.644,388.6101694915254,12.754679128026662,5.305154374484808,7.449524753541854
2462912.5,2463319.5677966103,2031-02-15 00:00:00.000,2032-03-28 01:37:37.627,407.0677966101695,14.7119356993652,6.54857053343674,8.16336516592846
2462912.5,2463338.025423729,2031-02-15 00:00:00.000,2032-04-15 12:36:36.610,425.5254237288136,17.00728818186188,8.031794548868715,8.975493632993166
2462912.5,2463356.4830508474,2031-02-15 00:00:00.000,2032-05-03 23:35:35.593,443.98305084745766,19.71627433661492,9.79423599668042,9.922038339934494
2462913.5,2463025.245762712,2031-02-16 00:00:00.000,2031-06-07 17:53:53.898,111.74576271186442,18.334471657486,5.583753630187469,12.750718027298532
2462913.5,2463043.7033898304,2031-02-16 00:00:00.000,2031-06-26 04:52:52.881,130.20338983050848,14.072512022317552,4.300542253848489,9.771969768469065
2462913.5,2463062.161016949,2031-02-16 00:00:00.000,2031-07-14 15:51:51.864,148.66101694915255,11.230588115498476,3.701725396315295,7.5288627191831825
2462913.5,2463080.618644068,2031-02-16 00:00:00.000,2031-08-02 02:50:50.847,167.11864406779662,9.33586999692064,3.4856748321405586,5.850195164780082
2462913.5,2463099.0762711866,2031-02-16 00:00:00.000,2031-08-20 13:49:49.831,185.5762711864407,8.119443345131312,3.453074152049702,4.666369193081611
2462913.5,2463117.533898305,2031-02-16 00:00:00.000,2031-09-08 00:48:48.814,204.0338983050848,7.535563640623348,3.5453708579014944,3.9901927827218535
2462913.5,2463135.991525424,2031-02-16 00:00:00.000,2031-09-26 11:47:47.797,222.49152542372883,7.878198274408854,3.9380064043851353,3.940191870023719
2462913.5,2463154.4491525423,2031-02-16 00:00:00.000,2031-10-14 22:46:46.780,240.9491525423729,11.23109011373482,5.930286289147146,5.300803824587674
2462913.5,2463191.36440678,2031-02-16 00:00:00.000,2031-11-20 20:44:44.746,277.86440677966107,10.503742257280084,5.038742907771048,5.464999349509037
2462913.5,2463209.8220338984,2031-02-16 00:00:00.000,2031-12-09 07:43:43.729,296.3220338983051,8.138441090599576,3.2054390271688544,4.933002063430722
2462913.5,2463228.279661017,2031-02-16 00:00:00.000,2031-12-27 18:42:42.712,314.77966101694915,8.05709911525104,2.823016324841588,5.234082790409452
2462913.5,2463246.737288136,2031-02-16 00:00:00.000,2032-01-15 05:41:41.695,333.23728813559325,8.673058095222473,2.973004828790713,5.700053266431761
2462913.5,2463265.194915254,2031-02-16 00:00:00.000,2032-02-02 16:40:40.678,351.69491525423734,9.71158029696042,3.480491892130332,6.231088404830089
2462913.5,2463283.6525423727,2031-02-16 00:00:00.000,2032-02-21 03:39:39.661,370.1525423728814,11.072738016025973,4.262833112070645,6.809904903955326
2462913.5,2463302.110169492,2031-02-16 00:00:00.000,2032-03-10 14:38:38.644,388.6101694915254,12.71925861233223,5.2769002870623485,7.442358325269882
2462913.5,2463320.5677966103,2031-02-16 00:00:00.000,2032-03-29 01:37:37.627,407.0677966101695,14.65734449004278,6.511992219689169,8.14535227035361
2462913.5,2463339.025423729,2031-02-16 00:00:00.000,2032-04-16 12:36:36.610,425.5254237288136,16.92773427286839,7.983205834083297,8.944528438785092
2462913.5,2463357.4830508474,2031-02-16 00:00:00.000,2032-05-04 23:35:35.593,443.98305084745766,19.603611893855785,9.728441002481263,9.87517089137452
2462914.5,2463026.245762712,2031-02-17 00:00:00.000,2031-06-08 17:53:53.898,111.74576271186442,18.13468273586752,5.528709770242926,12.605972965624591
2462914.5,2463044.7033898304,2031-02-17 00:00:00.000,2031-06-27 04:52:52.881,130.20338983050848,13.950080046409358,4.296124494757205,9.653955551652151
2462914.5,2463063.161016949,2031-02-17 00:00:00.000,2031-07-15 15:51:51.864,148.66101694915255,11.166916176623284,3.733234421899581,7.433681754723705
2462914.5,2463081.618644068,2031-02-17 00:00:00.000,2031-08-03 02:50:50.847,167.11864406779662,9.311209813248285,3.5345451067706377,5.776664706477645
2462914.5,2463100.0762711866,2031-02-17 00:00:00.000,2031-08-21 13:49:49.831,185.5762711864407,8.119491724297841,3.5043697813868664,4.615121942910974
2462914.5,2463118.533898305,2031-02-17 00:00:00.000,2031-09-09 00:48:48.814,204.0338983050848,7.548310639668418,3.587505810982422,3.960804828685997
2462914.5,2463136.991525424,2031-02-17 00:00:00.000,2031-09-27 11:47:47.797,222.49152542372883,7.872686927108426,3.951626544059863,3.921060383048564
2462914.5,2463155.4491525423,2031-02-17 00:00:00.000,2031-10-15 22:46:46.780,240.9491525423729,11.010010459798018,5.804582311180896,5.205428148617121
2462914.5,2463192.36440678,2031-02-17 00:00:00.000,2031-11-21 20:44:44.746,277.86440677966107,10.70077482756414,5.146134719394443,5.554640108169696
2462914.5,2463210.8220338984,2031-02-17 00:00:00.000,2031-12-10 07:43:43.729,296.3220338983051,8.189842464574586,3.222457536365429,4.967384928209156
2462914.5,2463229.279661017,2031-02-17 00:00:00.000,2031-12-28 18:42:42.712,314.77966101694915,8.079463259361253,2.8208940229148154,5.258569236446437
2462914.5,2463247.737288136,2031-02-17 00:00:00.000,2032-01-16 05:41:41.695,333.23728813559325,8.67904774405003,2.961495124178579,5.71755261987145
2462914.5,2463266.194915254,2031-02-17 00:00:00.000,2032-02-03 16:40:40.678,351.69491525423734,9.704254522612684,3.4629824803445244,6.241272042268158
2462914.5,2463284.6525423727,2031-02-17 00:00:00.000,2032-02-22 03:39:39.661,370.1525423728814,11.052146642132945,4.240214339642594,6.81193230249035
2462914.5,2463303.110169492,2031-02-17 00:00:00.000,2032-03-11 14:38:38.644,388.6101694915254,12.68334557789144,5.248235931915532,7.435109645975909
2462914.5,2463321.5677966103,2031-02-17 00:00:00.000,2032-03-30 01:37:37.627,407.0677966101695,14.602297343188214,6.474961934163471,8.127335409024743
2462914.5,2463340.025423729,2031-02-17 00:00:00.000,2032-04-17 12:36:36.610,425.5254237288136,16.84790563707884,7.934214649473168,8.91369098760567
2462914.5,2463358.4830508474,2031-02-17 00:00:00.000,2032-05-05 23:35:35.593,443.98305084745766,19.4910555141007,9.662415555854402,9.8286399582463
2462915.5,2463027.245762712,2031-02-18 00:00:00.000,2031-06-09 17:53:53.898,111.74576271186442,17.94214512357936,5.480530892266194,12.461614231313163
2462915.5,2463045.7033898304,2031-02-18 00:00:00.000,2031-06-28 04:52:52.881,130.20338983050848,13.834853055930267,4.298417844993568,9.536435210936698
2462915.5,2463064.161016949,2031-02-18 00:00:00.000,2031-07-16 15:51:51.864,148.66101694915255,11.109271895321314,3.770077846115565,7.339194049205749
2462915.5,2463082.618644068,2031-02-18 00:00:00.000,2031-08-04 02:50:50.847,167.11864406779662,9.291273722907038,3.587142163719521,5.704131559187516
2462915.5,2463101.0762711866,2031-02-18 00:00:00.000,2031-08-22 13:49:49.831,185.5762711864407,8.123546854812354,3.558296677870454,4.565250176941899
2462915.5,2463119.533898305,2031-02-18 00:00:00.000,2031-09-10 00:48:48.814,204.0338983050848,7.564887426286246,3.63179359376727,3.933093832518976
2462915.5,2463137.991525424,2031-02-18 00:00:00.000,2031-09-28 11:47:47.797,222.49152542372883,7.871909293557977,3.96794037952467,3.903968914033306
2462915.5,2463156.4491525423,2031-02-18 00:00:00.000,2031-10-16 22:46:46.780,240.9491525423729,10.809392602998322,5.690613119264241,5.118779483734081
2462915.5,2463193.36440678,2031-02-18 00:00:00.000,2031-11-22 20:44:44.746,277.86440677966107,10.908559211316469,5.2600292675422855,5.648529943774182
2462915.5,2463211.8220338984,2031-02-18 00:00:00.000,2031-12-11 07:43:43.729,296.3220338983051,8.242461777779397,3.240495251612382,5.001966526167014
2462915.5,2463230.279661017,2031-02-18 00:00:00.000,2031-12-29 18:42:42.712,314.77966101694915,8.102423662757026,2.81941789876994,5.283005763987087
2462915.5,2463248.737288136,2031-02-18 00:00:00.000,2032-01-17 05:41:41.695,333.23728813559325,8.685293525174483,2.950350243781541,5.734943281392943
2462915.5,2463267.194915254,2031-02-18 00:00:00.000,2032-02-04 16:40:40.678,351.69491525423734,9.696880822055771,3.4455513907539563,6.251329431301815
2462915.5,2463285.6525423727,2031-02-18 00:00:00.000,2032-02-23 03:39:39.661,370.1525423728814,11.031295846907728,4.217451834409916,6.813844012497813
2462915.5,2463304.110169492,2031-02-18 00:00:00.000,2032-03-12 14:38:38.644,388.6101694915254,12.647070806402102,5.219285030133256,7.427785776268847
2462915.5,2463322.5677966103,2031-02-18 00:00:00.000,2032-03-31 01:37:37.627,407.0677966101695,14.546905316430502,6.437583301429239,8.109322015001263
2462915.5,2463341.025423729,2031-02-18 00:00:00.000,2032-04-18 12:36:36.610,425.5254237288136,16.767894413633847,7.884906415931411,8.882987997702436
2462915.5,2463359.4830508474,2031-02-18 00:00:00.000,2032-05-06 23:35:35.593,443.98305084745766,19.378676429814146,9.596226715071712,9.782449714742434
2462916.5,2463028.245762712,2031-02-19 00:00:00.000,2031-06-10 17:53:53.898,111.74576271186442,17.757245120773838,5.439564782788665,12.317680337985175
2462916.5,2463046.7033898304,2031-02-19 00:00:00.000,2031-06-29 04:52:52.881,130.20338983050848,13.727004938270074,4.307554985062925,9.419449953207147
2462916.5,2463065.161016949,2031-02-19 00:00:00.000,2031-07-17 15:51:51.864,148.66101694915255,11.057662686072431,3.8122152650084296,7.245447421064004
2462916.5,2463083.618644068,2031-02-19 00:00:00.000,2031-08-05 02:50:50.847,167.11864406779662,9.276045878841488,3.643393165827643,5.632652713013844
2462916.5,2463102.0762711866,2031-02-19 00:00:00.000,2031-08-23 13:49:49.831,185.5762711864407,8.131623106417424,3.614808388866032,4.516814717551393
2462916.5,2463120.533898305,2031-02-19 00:00:00.000,2031-09-11 00:48:48.814,204.0338983050848,7.585317988847498,3.678214316151624,3.9071036726958734
2462916.5,2463138.991525424,2031-02-19 00:00:00.000,2031-09-29 11:47:47.797,222.49152542372883,7.875822204513369,3.986911422675576,3.888910781837793
2462916.5,2463157.4491525423,2031-02-19 00:00:00.000,2031-10-17 22:46:46.780,240.9491525423729,10.627642245807152,5.5874840373849874,5.040158208422166
2462916.5,2463194.36440678,2031-02-19 00:00:00.000,2031-11-23 20:44:44.746,277.86440677966107,11.128115139533111,5.381041090612693,5.747074048920418
2462916.5,2463212.8220338984,2031-02-19 00:00:00.000,2031-12-12 07:43:43.729,296.3220338983051,8.296433596364022,3.2596857798365217,5.0367478165275
2462916.5,2463231.279661017,2031-02-19 00:00:00.000,2031-12-30 18:42:42.712,314.77966101694915,8.126162121866566,2.8187710586678763,5.307391063198689
2462916.5,2463249.737288136,2031-02-19 00:00:00.000,2032-01-18 05:41:41.695,333.23728813559325,8.69200405606762,2.939777068488872,5.752226987578748
2462916.5,2463268.194915254,2031-02-19 00:00:00.000,2032-02-05 16:40:40.678,351.69491525423734,9.68966361671213,3.4283990858890845,6.261264530823045
2462916.5,2463286.6525423727,2031-02-19 00:00:00.000,2032-02-24 03:39:39.661,370.1525423728814,11.010374013487487,4.194728426623921,6.815645586863568
2462916.5,2463305.110169492,2031-02-19 00:00:00.000,2032-03-13 14:38:38.644,388.6101694915254,12.610605178080329,5.190211815465749,7.420393362614579
2462916.5,2463323.5677966103,2031-02-19 00:00:00.000,2032-04-01 01:37:37.627,407.0677966101695,14.49132264054468,6.400003496236136,8.091319144308544
2462916.5,2463342.025423729,2031-02-19 00:00:00.000,2032-04-19 12:36:36.610,425.5254237288136,16.68783815358155,7.835412275661437,8.852425877920112
2462916.5,2463360.4830508474,2031-02-19 00:00:00.000,2032-05-07 23:35:35.593,443.98305084745766,19.266593128214424,9.52998897295334,9.736604155261084
2462917.5,2463029.245762712,2031-02-20 00:00:00.000,2031-06-11 17:53:53.898,111.74576271186442,17.580290436064427,5.4060779293961305,12.174212506668296
2462917.5,2463047.7033898304,2031-02-20 00:00:00.000,2031-06-30 04:52:52.881,130.20338983050848,13.626608513910009,4.323564757518215,9.303043756391792
2462917.5,2463066.161016949,2031-02-20 00:00:00.000,2031-07-18 15:51:51.864,148.66101694915255,11.01200598601572,3.859513403058749,7.152492582956972
2462917.5,2463084.618644068,2031-02-20 00:00:00.000,2031-08-06 02:50:50.847,167.11864406779662,9.265435599638462,3.70314771567179,5.562287883966672
2462917.5,2463103.0762711866,2031-02-20 00:00:00.000,2031-08-24 13:49:49.831,185.5762711864407,8.143666157991074,3.673788384407354,4.46987777358372
2462917.5,2463121.533898305,2031-02-20 00:00:00.000,2031-09-12 00:48:48.814,204.0338983050848,7.60956045833024,3.726683322257109,3.8828771360731302
2462917.5,2463139.991525424,2031-02-20 00:00:00.000,2031-09-30 11:47:47.797,222.49152542372883,7.884328669562516,4.008449780989925,3.875878888572591
2462917.5,2463158.4491525423,2031-02-20 00:00:00.000,2031-10-18 22:46:46.780,240.9491525423729,10.463326386595268,5.494377404508884,4.968948982086384
2462917.5,2463195.36440678,2031-02-20 00:00:00.000,2031-11-24 20:44:44.746,277.86440677966107,11.360570336828085,5.509835898041386,5.850734438786698
2462917.5,2463213.8220338984,2031-02-20 00:00:00.000,2031-12-13 07:43:43.729,296.3220338983051,8.351861692865292,3.280132282978286,5.071729409887005
2462917.5,2463232.279661017,2031-02-20 00:00:00.000,2031-12-31 18:42:42.712,314.77966101694915,8.150837511122944,2.819114528432964,5.331722982689979
2462917.5,2463250.737288136,2031-02-20 00:00:00.000,2032-01-19 05:41:41.695,333.23728813559325,8.699381422029564,2.929976808847311,5.769404613182253
2462917.5,2463269.194915254,2031-02-20 00:00:00.000,2032-02-06 16:40:40.678,351.69491525423734,9.682815727648926,3.411735299477676,6.271080428171249
2462917.5,2463287.6525423727,2031-02-20 00:00:00.000,2032-02-25 03:39:39.661,370.1525423728814,10.989588723758803,4.172247024075049,6.817341699683756
2462917.5,2463306.110169492,2031-02-20 00:00:00.000,2032-03-14 14:38:38.644,388.6101694915254,12.574146334462377,5.161208162197446,7.412938172264931
2462917.5,2463324.5677966103,2031-02-20 00:00:00.000,2032-04-02 01:37:37.627,407.0677966101695,14.435735823057025,6.362402841475496,8.073332981581526
2462917.5,2463343.025423729,2031-02-20 00:00:00.000,2032-04-20 12:36:36.610,425.5254237288136,16.60791098374483,7.785900785483969,8.82201019826086
2462917.5,2463361.4830508474,2031-02-20 00:00:00.000,2032-05-08 23:35:35.593,443.98305084745766,19.154964311559045,9.463857789880416,9.691106521678629
2462918.5,2463030.245762712,2031-02-21 00:00:00.000,2031-06-12 17:53:53.898,111.74576271186442,17.411481873304744,5.380227416178863,12.031254457125884
2462918.5,2463048.7033898304,2031-02-21 00:00:00.000,2031-07-01 04:52:52.881,130.20338983050848,13.533618134674471,4.346354902313564,9.187263232360907
2462918.5,2463067.161016949,2031-02-21 00:00:00.000,2031-07-19 15:51:51.864,148.66101694915255,10.972122270316088,3.911739240787306,7.06038302952878
2462918.5,2463085.618644068,2031-02-21 00:00:00.000,2031-08-07 02:50:50.847,167.11864406779662,9.259274374603471,3.766175038233215,5.493099336370258
2462918.5,2463104.0762711866,2031-02-21 00:00:00.000,2031-08-25 13:49:49.831,185.5762711864407,8.159551086694737,3.735048522504353,4.424502564190384
2462918.5,2463122.533898305,2031-02-21 00:00:00.000,2031-09-13 00:48:48.814,204.0338983050848,7.637504792720192,3.777049381076459,3.860455411643733
2462918.5,2463140.991525424,2031-02-21 00:00:00.000,2031-10-01 11:47:47.797,222.49152542372883,7.897273376953677,4.032408231210279,3.8648651457433982
2462918.5,2463159.4491525423,2031-02-21 00:00:00.000,2031-10-19 22:46:46.780,240.9491525423729,10.315136885351052,5.410529356626336,4.904607528724715
2462918.5,2463196.36440678,2031-02-21 00:00:00.000,2031-11-25 20:44:44.746,277.86440677966107,11.607179788506464,5.6471396488550765,5.960040139651388
2462918.5,2463214.8220338984,2031-02-21 00:00:00.000,2031-12-14 07:43:43.729,296.3220338983051,8.408803843288197,3.301892409826423,5.106911433461775
2462918.5,2463233.279661017,2031-02-21 00:00:00.000,2032-01-01 18:42:42.712,314.77966101694915,8.176562648336656,2.8205643870732287,5.355998261263428
2462918.5,2463251.737288136,2031-02-21 00:00:00.000,2032-01-20 05:41:41.695,333.23728813559325,8.707594771718336,2.921118912647387,5.786475859070949
2462918.5,2463270.194915254,2031-02-21 00:00:00.000,2032-02-07 16:40:40.678,351.69491525423734,9.676532331582074,3.3957533366295727,6.2807789949525015
2462918.5,2463288.6525423727,2031-02-21 00:00:00.000,2032-02-26 03:39:39.661,370.1525423728814,10.96914249295691,4.1502067205597735,6.818935772397137
2462918.5,2463307.110169492,2031-02-21 00:00:00.000,2032-03-15 14:38:38.644,388.6101694915254,12.537896402321952,5.132471714893231,7.405424687428721
2462918.5,2463325.5677966103,2031-02-21 00:00:00.000,2032-04-03 01:37:37.627,407.0677966101695,14.380343214417234,6.324974815686303,8.05536839873093
2462918.5,2463344.025423729,2031-02-21 00:00:00.000,2032-04-21 12:36:36.610,425.5254237288136,16.528304821006323,7.736559614943836,8.791745206062489
2462918.5,2463362.4830508474,2031-02-21 00:00:00.000,2032-05-09 23:35:35.593,443.98305084745766,19.043971603200458,9.398012836266933,9.645958766933523
2462919.5,2463031.245762712,2031-02-22 00:00:00.000,2031-06-13 17:53:53.898,111.74576271186442,17.250900943972404,5.362048931337729,11.888852012634674
2462919.5,2463049.7033898304,2031-02-22 00:00:00.000,2031-07-02 04:52:52.881,130.20338983050848,13.447871178258715,4.375713853525675,9.07215732473304
2462919.5,2463068.161016949,2031-02-22 00:00:00.000,2031-07-20 15:51:51.864,148.66101694915255,10.937746054204164,3.968571274140852,6.969174780063312
2462919.5,2463086.618644068,2031-02-22 00:00:00.000,2031-08-08 02:50:50.847,167.11864406779662,9.257329131499697,3.832177553524487,5.425151577975209
2462919.5,2463105.0762711866,2031-02-22 00:00:00.000,2031-08-26 13:49:49.831,185.5762711864407,8.179095397762831,3.7983425552425856,4.380752842520246
2462919.5,2463123.533898305,2031-02-22 00:00:00.000,2031-09-14 00:48:48.814,204.0338983050848,7.668984296732122,3.8291067457945007,3.839877550937621
2462919.5,2463141.991525424,2031-02-22 00:00:00.000,2031-10-02 11:47:47.797,222.49152542372883,7.914450454396053,4.058590520606682,3.855859933789371
2462919.5,2463160.4491525423,2031-02-22 00:00:00.000,2031-10-20 22:46:46.780,240.9491525423729,10.181866934508772,5.335217381894916,4.846649552613857
2462919.5,2463197.36440678,2031-02-22 00:00:00.000,2031-11-26 20:44:44.746,277.86440677966107,11.869356051423718,5.793756274813802,6.075599776609916
2462919.5,2463215.8220338984,2031-02-22 00:00:00.000,2031-12-15 07:43:43.729,296.3220338983051,8.467264826213974,3.324971276475686,5.142293549738288
2462919.5,2463234.279661017,2031-02-22 00:00:00.000,2032-01-02 18:42:42.712,314.77966101694915,8.20338817220341,2.823175763150271,5.380212409053138
2462919.5,2463252.737288136,2031-02-22 00:00:00.000,2032-01-21 05:41:41.695,333.23728813559325,8.71675773297095,2.9133186398461324,5.803439093124816
2462919.5,2463271.194915254,2031-02-22 00:00:00.000,2032-02-08 16:40:40.678,351.69491525423734,9.670965494026609,3.380604796460568,6.290360697566038
2462919.5,2463289.6525423727,2031-02-22 00:00:00.000,2032-02-27 03:39:39.661,370.1525423728814,10.949206590271022,4.128776834852875,6.820429755418146
2462919.5,2463308.110169492,2031-02-22 00:00:00.000,2032-03-16 14:38:38.644,388.6101694915254,12.502035991842718,5.104180136600752,7.397855855241967
2462919.5,2463326.5677966103,2031-02-22 00:00:00.000,2032-04-04 01:37:37.627,407.0677966101695,14.325329494430664,6.287900824871866,8.0374286695588
2462919.5,2463345.025423729,2031-02-22 00:00:00.000,2032-04-22 12:36:36.610,425.5254237288136,16.449204441792773,7.687570943613087,8.761633498179686
2462919.5,2463363.4830508474,2031-02-22 00:00:00.000,2032-05-10 23:35:35.593,443.98305084745766,18.93379522216283,9.33263404791913,9.601161174243696
2462920.5,2463032.245762712,2031-02-23 00:00:00.000,2031-06-14 17:53:53.898,111.74576271186442,17.09851777663609,5.351465177809509,11.74705259882658
2462920.5,2463050.7033898304,2031-02-23 00:00:00.000,2031-07-03 04:52:52.881,130.20338983050848,13.36910961424357,4.411332708604511,8.957776905639058
2462920.5,2463069.161016949,2031-02-23 00:00:00.000,2031-07-21 15:51:51.864,148.66101694915255,10.908553383360406,4.029627353496546,6.878926029863859
2462920.5,2463087.618644068,2031-02-23 00:00:00.000,2031-08-09 02:50:50.847,167.11864406779662,9.25932913526842,3.900818158210807,5.3585109770576125
2462920.5,2463106.0762711866,2031-02-23 00:00:00.000,2031-08-27 13:49:49.831,185.5762711864407,8.202084107523492,3.8633917360399592,4.338692371483532
2462920.5,2463124.533898305,2031-02-23 00:00:00.000,2031-09-15 00:48:48.814,204.0338983050848,7.703798398312554,3.882618443812367,3.821179954500188
2462920.5,2463142.991525424,2031-02-23 00:00:00.000,2031-10-03 11:47:47.797,222.49152542372883,7.935621830725164,4.086770174051981,3.8488516566731823
2462920.5,2463161.4491525423,2031-02-23 00:00:00.000,2031-10-21 22:46:46.780,240.9491525423729,10.062399719504,5.267758221776894,4.794641497727107
2462920.5,2463198.36440678,2031-02-23 00:00:00.000,2031-11-27 20:44:44.746,277.86440677966107,12.148711777307293,5.950594720943925,6.198117056363365
2462920.5,2463216.8220338984,2031-02-23 00:00:00.000,2031-12-16 07:43:43.729,296.3220338983051,8.527200506654893,3.349325361993371,5.177875144661521
2462920.5,2463235.279661017,2031-02-23 00:00:00.000,2032-01-03 18:42:42.712,314.77966101694915,8.231299023366383,2.826939251486936,5.404359771879446
2462920.5,2463253.737288136,2031-02-23 00:00:00.000,2032-01-22 05:41:41.695,333.23728813559325,8.726917020823453,2.906625634369129,5.820291386454325
2462920.5,2463272.194915254,2031-02-23 00:00:00.000,2032-02-09 16:40:40.678,351.69491525423734,9.666207296420628,3.3663826852456484,6.299824611174979
2462920.5,2463290.6525423727,2031-02-23 00:00:00.000,2032-02-28 03:39:39.661,370.1525423728814,10.929900979598909,4.108076859493859,6.821824120105051
2462920.5,2463309.110169492,2031-02-23 00:00:00.000,2032-03-17 14:38:38.644,388.6101694915254,12.466702292226394,5.076469237285959,7.390233054940436
2462920.5,2463327.5677966103,2031-02-23 00:00:00.000,2032-04-05 01:37:37.627,407.0677966101695,14.270842628091076,6.2513272189228175,8.019515409168259
2462920.5,2463346.025423729,2031-02-23 00:00:00.000,2032-04-23 12:36:36.610,425.5254237288136,16.37076367217448,7.6390877453693085,8.731675926805172
2462920.5,2463364.4830508474,2031-02-23 00:00:00.000,2032-05-11 23:35:35.593,443.98305084745766,18.82458961076,9.267877390496407,9.55671222026359
2462921.5,2463033.245762712,2031-02-24 00:00:00.000,2031-06-15 17:53:53.898,111.74576271186442,16.954215684923945,5.348310933311415,11.60590475161253
2462921.5,2463051.7033898304,2031-02-24 00:00:00.000,2031-07-04 04:52:52.881,130.20338983050848,13.297014851409916,4.452840483741788,8.844174367668128
2462921.5,2463070.161016949,2031-02-24 00:00:00.000,2031-07-22 15:51:51.864,148.66101694915255,10.884197543288092,4.0945007515812994,6.789696791706792
2462921.5,2463088.618644068,2031-02-24 00:00:00.000,2031-08-10 02:50:50.847,167.11864406779662,9.264998195607788,3.971752825067553,5.293245370540234
2462921.5,2463107.0762711866,2031-02-24 00:00:00.000,2031-08-28 13:49:49.831,185.5762711864407,8.228298949152832,3.9299145370150312,4.2983844121378
2462921.5,2463125.533898305,2031-02-24 00:00:00.000,2031-09-16 00:48:48.814,204.0338983050848,7.741739415699344,3.937343478690488,3.804395937008856
2462921.5,2463143.991525424,2031-02-24 00:00:00.000,2031-10-04 11:47:47.797,222.49152542372883,7.960540183625238,4.116713748801316,3.843826434823922
2462921.5,2463162.4491525423,2031-02-24 00:00:00.000,2031-10-22 22:46:46.780,240.9491525423729,9.955705442500776,5.207512520983673,4.748192921517105
2462921.5,2463199.36440678,2031-02-24 00:00:00.000,2031-11-28 20:44:44.746,277.86440677966107,12.447113490203408,6.11870375797516,6.328409732228247
2462921.5,2463217.8220338984,2031-02-24 00:00:00.000,2031-12-17 07:43:43.729,296.3220338983051,8.588531431871633,3.3748757806834524,5.213655651188182
2462921.5,2463236.279661017,2031-02-24 00:00:00.000,2032-01-04 18:42:42.712,314.77966101694915,8.26022413025668,2.831790373443172,5.428433756813507
2462921.5,2463254.737288136,2031-02-24 00:00:00.000,2032-01-23 05:41:41.695,333.23728813559325,8.738055285722185,2.901026557638239,5.837028728083946
2462921.5,2463273.194915254,2031-02-24 00:00:00.000,2032-02-10 16:40:40.678,351.69491525423734,9.662286367296204,3.353117742916332,6.309168624379872
2462921.5,2463291.6525423727,2031-02-24 00:00:00.000,2032-02-29 03:39:39.661,370.1525423728814,10.911286243126684,4.088168190581453,6.823118052545233
2462921.5,2463310.110169492,2031-02-24 00:00:00.000,2032-03-18 14:38:38.644,388.6101694915254,12.43197775152427,5.049421473095567,7.382556278428703
2462921.5,2463328.5677966103,2031-02-24 00:00:00.000,2032-04-06 01:37:37.627,407.0677966101695,14.216980170952937,6.215351431192809,8.001628739760127
2462921.5,2463347.025423729,2031-02-24 00:00:00.000,2032-04-24 12:36:36.610,425.5254237288136,16.293089846162378,7.591218099196614,8.701871746965764
2462921.5,2463365.4830508474,2031-02-24 00:00:00.000,2032-05-12 23:35:35.593,443.98305084745766,18.716466358734618,9.203857660539448,9.51260869819517
2462922.5,2463034.245762712,2031-02-25 00:00:00.000,2031-06-16 17:53:53.898,111.74576271186442,16.817822827717134,5.352365090418712,11.46545773729842
2462922.5,2463052.7033898304,2031-02-25 00:00:00.000,2031-07-05 04:52:52.881,130.20338983050848,13.231244687962883,4.499841387385493,8.73140330057739
2462922.5,2463071.161016949,2031-02-25 00:00:00.000,2031-07-23 15:51:51.864,148.66101694915255,10.864342221145328,4.162793617877216,6.7015486032681135
2462922.5,2463089.618644068,2031-02-25 00:00:00.000,2031-08-11 02:50:50.847,167.11864406779662,9.274082455636936,4.044658731771856,5.2294237238650805
2462922.5,2463108.0762711866,2031-02-25 00:00:00.000,2031-08-29 13:49:49.831,185.5762711864407,8.257542798323847,3.99765152822064,4.259891270103208
2462922.5,2463126.533898305,2031-02-25 00:00:00.000,2031-09-17 00:48:48.814,204.0338983050848,7.782615087039341,3.9930596888996974,3.7895553981396426
2462922.5,2463144.991525424,2031-02-25 00:00:00.000,2031-10-05 11:47:47.797,222.49152542372883,7.98896918571504,4.148201240576312,3.840767945138728
2462922.5,2463163.4491525423,2031-02-25 00:00:00.000,2031-10-23 22:46:46.780,240.9491525423729,9.860841325089012,5.153891066693583,4.7069502583954295
2462922.5,2463200.36440678,2031-02-25 00:00:00.000,2031-11-29 20:44:44.746,277.86440677966107,12.766744995486834,6.299312168917367,6.467432826569467
2462922.5,2463218.8220338984,2031-02-25 00:00:00.000,2031-12-18 07:43:43.729,296.3220338983051,8.651160832598514,3.401525894151997,5.249634938446516
2462922.5,2463237.279661017,2031-02-25 00:00:00.000,2032-01-05 18:42:42.712,314.77966101694915,8.290054743462937,2.837627592634118,5.452427150828819
2462922.5,2463255.737288136,2031-02-25 00:00:00.000,2032-01-24 05:41:41.695,333.23728813559325,8.750105502759293,2.8964591530039128,5.853646349755381
2462922.5,2463274.194915254,2031-02-25 00:00:00.000,2032-02-11 16:40:40.678,351.69491525423734,9.659177085307531,3.3407873188086925,6.318389766498839
2462922.5,2463292.6525423727,2031-02-25 00:00:00.000,2032-03-01 03:39:39.661,370.1525423728814,10.893368295253431,4.069058513519788,6.824309781733644
2462922.5,2463311.110169492,2031-02-25 00:00:00.000,2032-03-19 14:38:38.644,388.6101694915254,12.397891279622364,5.023066821818913,7.374824457803451
2462922.5,2463329.5677966103,2031-02-25 00:00:00.000,2032-04-07 01:37:37.627,407.0677966101695,14.163787714981478,6.180020097397389,7.983767617584088
2462922.5,2463348.025423729,2031-02-25 00:00:00.000,2032-04-25 12:36:36.610,425.5254237288136,16.216239998177784,7.544021056184015,8.672218941993767
2462922.5,2463366.4830508474,2031-02-25 00:00:00.000,2032-05-13 23:35:35.593,443.98305084745766,18.60948845614837,9.140642416908202,9.468846039240168
2462923.5,2463035.245762712,2031-02-26 00:00:00.000,2031-06-17 17:53:53.898,111.74576271186442,16.68914075113692,5.363379412279451,11.325761338857472
2462923.5,2463053.7033898304,2031-02-26 00:00:00.000,2031-07-06 04:52:52.881,130.20338983050848,13.171462560999409,4.551944258071871,8.619518302927538
2462923.5,2463072.161016949,2031-02-26 00:00:00.000,2031-07-24 15:51:51.864,148.66101694915255,10.848684181931189,4.234139838897017,6.6145443430341695
2462923.5,2463090.618644068,2031-02-26 00:00:00.000,2031-08-12 02:50:50.847,167.11864406779662,9.286367340989822,4.119251467890004,5.167115873099817
2462923.5,2463109.0762711866,2031-02-26 00:00:00.000,2031-08-30 13:49:49.831,185.5762711864407,8.289653718256336,4.066379802072005,4.223273916184332
2462923.5,2463127.533898305,2031-02-26 00:00:00.000,2031-09-18 00:48:48.814,204.0338983050848,7.82626163309051,4.049577036918243,3.776684596172268
2462923.5,2463145.991525424,2031-02-26 00:00:00.000,2031-10-06 11:47:47.797,222.49152542372883,8.020696049492429,4.181038665370532,3.839657384121897
2462923.5,2463164.4491525423,2031-02-26 00:00:00.000,2031-10-24 22:46:46.780,240.9491525423729,9.776950081129833,5.106358345047848,4.670591736081983
2462923.5,2463201.36440678,2031-02-26 00:00:00.000,2031-11-30 20:44:44.746,277.86440677966107,13.110180153195426,6.493872953078364,6.6163072001170615
2462923.5,2463219.8220338984,2031-02-26 00:00:00.000,2031-12-19 07:43:43.729,296.3220338983051,8.714991219351848,3.429177526771751,5.2858136925800965
2462923.5,2463238.279661017,2031-02-26 00:00:00.000,2032-01-06 18:42:42.712,314.77966101694915,8.320664464331443,2.844332014617181,5.476332449714263
2462923.5,2463256.737288136,2031-02-26 00:00:00.000,2032-01-25 05:41:41.695,333.23728813559325,8.762970393315276,2.892831320249676,5.870139073065601
2462923.5,2463275.194915254,2031-02-26 00:00:00.000,2032-02-12 16:40:40.678,351.69491525423734,9.656816152685993,3.329331586326803,6.32748456635919
2462923.5,2463293.6525423727,2031-02-26 00:00:00.000,2032-03-02 03:39:39.661,370.1525423728814,10.876111825003605,4.050714876718506,6.825396948285099
2462923.5,2463312.110169492,2031-02-26 00:00:00.000,2032-03-20 14:38:38.644,388.6101694915254,12.364428959249016,4.997393115984496,7.367035843264519
2462923.5,2463330.5677966103,2031-02-26 00:00:00.000,2032-04-08 01:37:37.627,407.0677966101695,14.111267317419834,6.145337095936299,7.965930221483534
2462923.5,2463349.025423729,2031-02-26 00:00:00.000,2032-04-26 12:36:36.610,425.5254237288136,16.140227351656044,7.4975127276709586,8.642714623985086
2462923.5,2463367.4830508474,2031-02-26 00:00:00.000,2032-05-14 23:35:35.593,443.98305084745766,18.503675066067476,9.078256340590116,9.42541872547736
2462924.5,2463036.245762712,2031-02-27 00:00:00.000,2031-06-18 17:53:53.898,111.74576271186442,16.567963664433897,5.381097860145065,11.186865804288834
2462924.5,2463054.7033898304,2031-02-27 00:00:00.000,2031-07-07 04:52:52.881,130.20338983050848,13.117354671157273,4.608779741411934,8.508574929745338
2462924.5,2463073.161016949,2031-02-27 00:00:00.000,2031-07-25 15:51:51.864,148.66101694915255,10.836963228836735,4.308215073260909,6.528748155575829
2462924.5,2463091.618644068,2031-02-27 00:00:00.000,2031-08-13 02:50:50.847,167.11864406779662,9.301682682961326,4.195290338024822,5.106392344936504
2462924.5,2463110.0762711866,2031-02-27 00:00:00.000,2031-08-31 13:49:49.831,185.5762711864407,8.324508103246956,4.135916433346422,4.188591669900534
2462924.5,2463128.533898305,2031-02-27 00:00:00.000,2031-09-19 00:48:48.814,204.0338983050848,7.872546810333672,4.106740809419502,3.765806000914169
2462924.5,2463146.991525424,2031-02-27 00:00:00.000,2031-10-07 11:47:47.797,222.49152542372883,8.055535408343655,4.215061894563605,3.84047351378005
2462924.5,2463165.4491525423,2031-02-27 00:00:00.000,2031-10-25 22:46:46.780,240.9491525423729,9.703254875037915,5.064431664530842,4.6388232105070735
2462924.5,2463202.36440678,2031-02-27 00:00:00.000,2031-12-01 20:44:44.746,277.86440677966107,13.480467455838284,6.704112451608996,6.776355004229289
2462924.5,2463220.8220338984,2031-02-27 00:00:00.000,2031-12-20 07:43:43.729,296.3220338983051,8.77993577185043,3.4577420321713794,5.322193739679051
2462924.5,2463239.279661017,2031-02-27 00:00:00.000,2032-01-07 18:42:42.712,314.77966101694915,8.35192519973339,2.851783066857207,5.500142132876183
2462924.5,2463257.737288136,2031-02-27 00:00:00.000,2032-01-26 05:41:41.695,333.23728813559325,8.776540236834215,2.890038629319003,5.886501607515212
2462924.5,2463276.194915254,2031-02-27 00:00:00.000,2032-02-13 16:40:40.678,351.69491525423734,9.655119951279383,3.3186705851098512,6.336449366169532
2462924.5,2463294.6525423727,2031-02-27 00:00:00.000,2032-03-03 03:39:39.661,370.1525423728814,10.85945631855383,4.033079385842478,6.826376932711352
2462924.5,2463313.110169492,2031-02-27 00:00:00.000,2032-03-21 14:38:38.644,388.6101694915254,12.331548624523016,4.972360278780685,7.359188345742331
2462924.5,2463331.5677966103,2031-02-27 00:00:00.000,2032-04-09 01:37:37.627,407.0677966101695,14.059390749752067,6.111276437671187,7.948114312080881
2462924.5,2463350.025423729,2031-02-27 00:00:00.000,2032-04-27 12:36:36.610,425.5254237288136,16.065033373734398,7.451677961612168,8.61335541212223
2462924.5,2463368.4830508474,2031-02-27 00:00:00.000,2032-05-15 23:35:35.593,443.98305084745766,18.39901248488963,9.016691795196202,9.38232068969343
2462925.5,2463037.245762712,2031-02-28 00:00:00.000,2031-06-19 17:53:53.898,111.74576271186442,16.45408773021222,5.405265817101875,11.048821913110343
2462925.5,2463055.7033898304,2031-02-28 00:00:00.000,2031-07-08 04:52:52.881,130.20338983050848,13.068636123587211,4.670006381530753,8.398629742056459
2462925.5,2463074.161016949,2031-02-28 00:00:00.000,2031-07-26 15:51:51.864,148.66101694915255,10.828962133840282,4.384736676870333,6.444225456969948
2462925.5,2463092.618644068,2031-02-28 00:00:00.000,2031-08-14 02:50:50.847,167.11864406779662,9.319899259893816,4.272575033030577,5.047324226863239
2462925.5,2463111.0762711866,2031-02-28 00:00:00.000,2031-09-01 13:49:49.831,185.5762711864407,8.362016199478951,4.206114279152864,4.155901920326088
2462925.5,2463129.533898305,2031-02-28 00:00:00.000,2031-09-20 00:48:48.814,204.0338983050848,7.921365953566193,4.164427755803327,3.756938197762866
2462925.5,2463147.991525424,2031-02-28 00:00:00.000,2031-10-08 11:47:47.797,222.49152542372883,8.093326838357921,4.250134086485129,3.8431927518727926
2462925.5,2463166.4491525423,2031-02-28 00:00:00.000,2031-10-26 22:46:46.780,240.9491525423729,9.639051276230084,5.027676563649432,4.611374712580652
2462925.5,2463203.36440678,2031-02-28 00:00:00.000,2031-12-02 20:44:44.746,277.86440677966107,13.881231757376575,6.932087621840587,6.949144135535988
2462925.5,2463221.8220338984,2031-02-28 00:00:00.000,2031-12-21 07:43:43.729,296.3220338983051,8.845923717751603,3.487145421462976,5.358778296288627
2462925.5,2463240.279661017,2031-02-28 00:00:00.000,2032-01-08 18:42:42.712,314.77966101694915,8.38371653983179,2.859867684774977,5.523848855056813
2462925.5,2463258.737288136,2031-02-28 00:00:00.000,2032-01-27 05:41:41.695,333.23728813559325,8.790705143692083,2.8879763793433884,5.902728764348695
2462925.5,2463277.194915254,2031-02-28 00:00:00.000,2032-02-14 16:40:40.678,351.69491525423734,9.65399796621396,3.308717415368302,6.34528055084566
2462925.5,2463295.6525423727,2031-02-28 00:00:00.000,2032-03-04 03:39:39.661,370.1525423728814,10.843329627091563,4.016082527741004,6.827247099350559
2462925.5,2463314.110169492,2031-02-28 00:00:00.000,2032-03-22 14:38:38.644,388.6101694915254,12.299193177137832,4.947913381343117,7.351279795794715
2462925.5,2463332.5677966103,2031-02-28 00:00:00.000,2032-04-10 01:37:37.627,407.0677966101695,14.008112437716298,6.077794929708715,7.930317508007582
2462925.5,2463351.025423729,2031-02-28 00:00:00.000,2032-04-28 12:36:36.610,425.5254237288136,15.99062030925155,7.406482580042544,8.584137729209006
2462925.5,2463369.4830508474,2031-02-28 00:00:00.000,2032-05-16 23:35:35.593,443.98305084745766,18.29546626534609,8.9559206301471,9.33954563519899
2462926.5,2463038.245762712,2031-03-01 00:00:00.000,2031-06-20 17:53:53.898,111.74576271186442,16.347313247809502,5.435632142004148,10.911681105805355
2462926.5,2463056.7033898304,2031-03-01 00:00:00.000,2031-07-09 04:52:52.881,130.20338983050848,13.02505015408476,4.735309741551158,8.2897404125336
2462926.5,2463075.161016949,2031-03-01 00:00:00.000,2031-07-27 15:51:51.864,148.66101694915255,10.824501188960488,4.46345820789062,6.361042981069867
2462926.5,2463093.618644068,2031-03-01 00:00:00.000,2031-08-15 02:50:50.847,167.11864406779662,9.340921335944827,4.350938282341061,4.989983053603766
2462926.5,2463112.0762711866,2031-03-01 00:00:00.000,2031-09-02 13:49:49.831,185.5762711864407,8.402114340181381,4.276854481203895,4.125259858977485
2462926.5,2463130.533898305,2031-03-01 00:00:00.000,2031-09-21 00:48:48.814,204.0338983050848,7.972635016722453,4.222539194907985,3.750095821814468
2462926.5,2463148.991525424,2031-03-01 00:00:00.000,2031-10-09 11:47:47.797,222.49152542372883,8.13392943669883,4.286140155842007,3.8477892808568233
2462926.5,2463167.4491525423,2031-03-01 00:00:00.000,2031-10-27 22:46:46.780,240.9491525423729,9.583697949433656,4.995700405307364,4.587997544126292
2462926.5,2463204.36440678,2031-03-01 00:00:00.000,2031-12-03 20:44:44.746,277.86440677966107,14.316800942648644,7.180256375354536,7.136544567294109
2462926.5,2463222.8220338984,2031-03-01 00:00:00.000,2031-12-22 07:43:43.729,296.3220338983051,8.91290107546586,3.5173289150789,5.39557216038696
2462926.5,2463241.279661017,2031-03-01 00:00:00.000,2032-01-09 18:42:42.712,314.77966101694915,8.415929092243271,2.868483534190897,5.547445558052375
2462926.5,2463259.737288136,2031-03-01 00:00:00.000,2032-01-28 05:41:41.695,333.23728813559325,8.805361139107127,2.886545553310349,5.918815585796779
2462926.5,2463278.194915254,2031-03-01 00:00:00.000,2032-02-15 16:40:40.678,351.69491525423734,9.653360638745069,3.299385949045525,6.353974689699543
2462926.5,2463296.6525423727,2031-03-01 00:00:00.000,2032-03-05 03:39:39.661,370.1525423728814,10.827656775694663,3.999651825554453,6.828004950140212
2462926.5,2463315.110169492,2031-03-01 00:00:00.000,2032-03-23 14:38:38.644,388.6101694915254,12.267299899253644,4.923991789248439,7.343308110005205
2462926.5,2463333.5677966103,2031-03-01 00:00:00.000,2032-04-11 01:37:37.627,407.0677966101695,13.957379050571,6.044841583552,7.912537467019001
2462926.5,2463352.025423729,2031-03-01 00:00:00.000,2032-04-29 12:36:36.610,425.5254237288136,15.916940929715055,7.361882929504239,8.555058000210817
2462926.5,2463370.4830508474,2031-03-01 00:00:00.000,2032-05-17 23:35:35.593,443.98305084745766,18.192991060934386,8.895903806464162,9.29708725447022
2462927.5,2463039.245762712,2031-03-02 00:00:00.000,2031-06-21 17:53:53.898,111.74576271186442,16.2474434204166,5.471947789522398,10.775495630894204
2462927.5,2463057.7033898304,2031-03-02 00:00:00.000,2031-07-10 04:52:52.881,130.20338983050848,12.98636453656583,4.804398688257779,8.181965848308051
2462927.5,2463076.161016949,2031-03-02 00:00:00.000,2031-07-28 15:51:51.864,148.66101694915255,10.82343135751803,4.544162524659552,6.279268832858478
2462927.5,2463094.618644068,2031-03-02 00:00:00.000,2031-08-16 02:50:50.847,167.11864406779662,9.36467879162868,4.430238109353407,4.934440682275273
2462927.5,2463113.0762711866,2031-03-02 00:00:00.000,2031-09-03 13:49:49.831,185.5762711864407,8.444757182576634,4.348038974117478,4.096718208459155
2462927.5,2463131.533898305,2031-03-02 00:00:00.000,2031-09-22 00:48:48.814,204.0338983050848,8.026283659859889,4.280994147868261,3.7452895119916274
2462927.5,2463149.991525424,2031-03-02 00:00:00.000,2031-10-10 11:47:47.797,222.49152542372883,8.177216175888603,4.32298101201559,3.854235163873013
2462927.5,2463168.4491525423,2031-03-02 00:00:00.000,2031-10-28 22:46:46.780,240.9491525423729,9.536607717695931,4.9681459120454114,4.568461805650521
2462927.5,2463205.36440678,2031-03-02 00:00:00.000,2031-12-04 20:44:44.746,277.86440677966107,14.792367537739656,7.451567091176444,7.340800446563212
2462927.5,2463223.8220338984,2031-03-02 00:00:00.000,2031-12-23 07:43:43.729,296.3220338983051,8.980828809579945,3.548246941712538,5.432581867867407
2462927.5,2463242.279661017,2031-03-02 00:00:00.000,2032-01-10 18:42:42.712,314.77966101694915,8.448463755790831,2.877538232722023,5.570925523068809
2462927.5,2463260.737288136,2031-03-02 00:00:00.000,2032-01-29 05:41:41.695,333.23728813559325,8.820411437144049,2.8856540275472997,5.934757409596749
2462927.5,2463279.194915254,2031-03-02 00:00:00.000,2032-02-16 16:40:40.678,351.69491525423734,9.653122304527574,3.2905936949495223,6.362528609578053
2462927.5,2463297.6525423727,2031-03-02 00:00:00.000,2032-03-06 03:39:39.661,370.1525423728814,10.812364068051329,3.9837158617167048,6.828648206334623
2462927.5,2463316.110169492,2031-03-02 00:00:00.000,2032-03-24 14:38:38.644,388.6101694915254,12.235805360834718,4.900533979006533,7.335271381828185
2462927.5,2463334.5677966103,2031-03-02 00:00:00.000,2032-04-12 01:37:37.627,407.0677966101695,13.90713498577226,6.012362998210004,7.894771987562255
2462927.5,2463353.025423729,2031-03-02 00:00:00.000,2032-04-30 12:36:36.610,425.5254237288136,15.843944460460069,7.317831693770587,8.526112766689481
2462927.5,2463371.4830508474,2031-03-02 00:00:00.000,2032-05-18 23:35:35.593,443.98305084745766,18.09153691436352,8.836597555982642,9.254939358380875
2462928.5,2463040.245762712,2031-03-03 00:00:00.000,2031-06-22 17:53:53.898,111.74576271186442,16.15428251970317,5.513963838178893,10.640318681524278
2462928.5,2463058.7033898304,2031-03-03 00:00:00.000,2031-07-11 04:52:52.881,130.20338983050848,12.952367919947058,4.877001614161515,8.075366305785543
2462928.5,2463077.161016949,2031-03-03 00:00:00.000,2031-07-29 15:51:51.864,148.66101694915255,10.82562838818207,4.626655861405424,6.198972526776646
2462928.5,2463095.618644068,2031-03-03 00:00:00.000,2031-08-17 02:50:50.847,167.11864406779662,9.391120800204652,4.5103516606268,4.880769139577851
2462928.5,2463114.0762711866,2031-03-03 00:00:00.000,2031-09-04 13:49:49.831,185.5762711864407,8.48991166077801,4.419584719487958,4.070326941290052
2462928.5,2463132.533898305,2031-03-03 00:00:00.000,2031-09-23 00:48:48.814,204.0338983050848,8.082249971101865,4.339724086494485,3.74252588460738
2462928.5,2463150.991525424,2031-03-03 00:00:00.000,2031-10-11 11:47:47.797,222.49152542372883,8.223069517017871,4.3605690505784125,3.862500466439459
2462928.5,2463169.4491525423,2031-03-03 00:00:00.000,2031-10-29 22:46:46.780,240.9491525423729,9.497239972839209,4.944685697114513,4.5525542757246935
2462928.5,2463206.36440678,2031-03-03 00:00:00.000,2031-12-05 20:44:44.746,277.86440677966107,15.31419805521102,7.74957478620037,7.564623269010649
2462928.5,2463224.8220338984,2031-03-03 00:00:00.000,2031-12-24 07:43:43.729,296.3220338983051,9.049680098206611,3.5798642580690414,5.46981584013757
2462928.5,2463243.279661017,2031-03-03 00:00:00.000,2032-01-11 18:42:42.712,314.77966101694915,8.481228929557982,2.8869465410702637,5.594282388487718
2462928.5,2463261.737288136,2031-03-03 00:00:00.000,2032-01-30 05:41:41.695,333.23728813559325,8.835764752516358,2.885214858017596,5.950549894498763
2462928.5,2463280.194915254,2031-03-03 00:00:00.000,2032-02-17 16:40:40.678,351.69491525423734,9.653200697840605,3.2822612722334883,6.370939425607117
2462928.5,2463298.6525423727,2031-03-03 00:00:00.000,2032-03-07 03:39:39.661,370.1525423728814,10.797379592792062,3.968204748277516,6.829174844514546
2462928.5,2463317.110169492,2031-03-03 00:00:00.000,2032-03-25 14:38:38.644,388.6101694915254,12.204646712312227,4.8774787889825735,7.327167923329656
2462928.5,2463335.5677966103,2031-03-03 00:00:00.000,2032-04-13 01:37:37.627,407.0677966101695,13.857324283170383,5.980305225864535,7.87701905730585
2462928.5,2463354.025423729,2031-03-03 00:00:00.000,2032-05-01 12:36:36.610,425.5254237288136,15.771579005371366,7.274280261729588,8.497298743641778
2462928.5,2463372.4830508474,2031-03-03 00:00:00.000,2032-05-19 23:35:35.593,443.98305084745766,17.991052121792396,8.77795617932682,9.213095942465577
2462929.5,2463041.245762712,2031-03-04 00:00:00.000,2031-06-23 17:53:53.898,111.74576271186442,16.06763519965511,5.561430691088503,10.50620450856661
2462929.5,2463059.7033898304,2031-03-04 00:00:00.000,2031-07-12 04:52:52.881,130.20338983050848,12.92286762644317,4.952864141428645,7.970003485014525
2462929.5,2463078.161016949,2031-03-04 00:00:00.000,2031-07-30 15:51:51.864,148.66101694915255,10.830989043301605,4.710764044446622,6.120224998854982
2462929.5,2463096.618644068,2031-03-04 00:00:00.000,2031-08-18 02:50:50.847,167.11864406779662,9.420211896194049,4.591171461864674,4.829040434329374
2462929.5,2463115.0762711866,2031-03-04 00:00:00.000,2031-09-05 13:49:49.831,185.5762711864407,8.537553356449026,4.49142036420723,4.046132992241796
2462929.5,2463133.533898305,2031-03-04 00:00:00.000,2031-09-24 00:48:48.814,204.0338983050848,8.140477478859696,4.398669946660671,3.741807532199025
2462929.5,2463151.991525424,2031-03-04 00:00:00.000,2031-10-12 11:47:47.797,222.49152542372883,8.271378945973648,4.398825556979976,3.8725533889936736
2462929.5,2463170.4491525423,2031-03-04 00:00:00.000,2031-10-30 22:46:46.780,240.9491525423729,9.465094924655569,4.925018336095358,4.5400765885602095
2462929.5,2463188.906779661,2031-03-04 00:00:00.000,2031-11-18 09:45:45.763,259.40677966101697,19.27136541879724,10.523282863648236,8.748082555149004
2462929.5,2463207.36440678,2031-03-04 00:00:00.000,2031-12-06 20:44:44.746,277.86440677966107,15.889907111924224,8.078593626428049,7.811313485496177
2462929.5,2463225.8220338984,2031-03-04 00:00:00.000,2031-12-25 07:43:43.729,296.3220338983051,9.119437868688674,3.6121533236645353,5.507284545024139
2462929.5,2463244.279661017,2031-03-04 00:00:00.000,2032-01-12 18:42:42.712,314.77966101694915,8.514137156845193,2.8966270012234485,5.617510155621744
2462929.5,2463262.737288136,2031-03-04 00:00:00.000,2032-01-31 05:41:41.695,333.23728813559325,8.85133219386572,2.8851431629642152,5.966189030901504
2462929.5,2463281.194915254,2031-03-04 00:00:00.000,2032-02-18 16:40:40.678,351.69491525423734,9.653514408266265,3.274309853621601,6.379204554644662
2462929.5,2463299.6525423727,2031-03-04 00:00:00.000,2032-03-08 03:39:39.661,370.1525423728814,10.782631310648622,3.953048197916672,6.82958311273195
2462929.5,2463318.110169492,2031-03-04 00:00:00.000,2032-03-26 14:38:38.644,388.6101694915254,12.173760352676275,4.854764068298024,7.318996284378253
2462929.5,2463336.5677966103,2031-03-04 00:00:00.000,2032-04-14 01:37:37.627,407.0677966101695,13.80788979920937,5.948612923249795,7.859276875959576
2462929.5,2463355.025423729,2031-03-04 00:00:00.000,2032-05-02 12:36:36.610,425.5254237288136,15.699791164060615,7.23117831712706,8.468612846933556
2462929.5,2463373.4830508474,2031-03-04 00:00:00.000,2032-05-20 23:35:35.593,443.98305084745766,17.89148324852042,8.719932029116615,9.171551219403804
2462930.5,2463042.245762712,2031-03-05 00:00:00.000,2031-06-24 17:53:53.898,111.74576271186442,15.987308083380183,5.614099574789134,10.37320850859105
2462930.5,2463060.7033898304,2031-03-05 00:00:00.000,2031-07-13 04:52:52.881,130.20338983050848,12.897689793129246,5.031749192182713,7.865940600946533
2462930.5,2463079.161016949,2031-03-05 00:00:00.000,2031-07-31 15:51:51.864,148.66101694915255,10.839430018529722,4.796331428470429,6.043098590059292
2462930.5,2463097.618644068,2031-03-05 00:00:00.000,2031-08-19 02:50:50.847,167.11864406779662,9.451930812370271,4.672604475770762,4.77932633659951
2462930.5,2463116.0762711866,2031-03-05 00:00:00.000,2031-09-06 13:49:49.831,185.5762711864407,8.58766559199615,4.563485617808415,4.024179974187735
2462930.5,2463134.533898305,2031-03-05 00:00:00.000,2031-09-25 00:48:48.814,204.0338983050848,8.200914758555623,4.457781701058339,3.7431330574972823
2462930.5,2463152.991525424,2031-03-05 00:00:00.000,2031-10-13 11:47:47.797,222.49152542372883,8.322040795270619,4.437680375982725,3.884360419287893
2462930.5,2463171.4491525423,2031-03-05 00:00:00.000,2031-10-31 22:46:46.780,240.9491525423729,9.439710034252313,4.908866359656428,4.530843674595882
2462930.5,2463189.906779661,2031-03-05 00:00:00.000,2031-11-19 09:45:45.763,259.40677966101697,18.243127628418375,9.930008558706753,8.313119069711625
2462930.5,2463208.36440678,2031-03-05 00:00:00.000,2031-12-07 20:44:44.746,277.86440677966107,16.528819793237293,8.44389893876659,8.084920854470703
2462930.5,2463226.8220338984,2031-03-05 00:00:00.000,2031-12-26 07:43:43.729,296.3220338983051,9.190093444820384,3.645092755088302,5.545000689732082
2462930.5,2463245.279661017,2031-03-05 00:00:00.000,2032-01-13 18:42:42.712,314.77966101694915,8.547102379334733,2.906499177646669,5.640603201688063
2462930.5,2463263.737288136,2031-03-05 00:00:00.000,2032-02-01 05:41:41.695,333.23728813559325,8.86702401789029,2.885352860345865,5.981671157544427
2462930.5,2463282.194915254,2031-03-05 00:00:00.000,2032-02-19 16:40:40.678,351.69491525423734,9.6539794914413,3.266657757951469,6.387321733489831
2462930.5,2463300.6525423727,2031-03-05 00:00:00.000,2032-03-09 03:39:39.661,370.1525423728814,10.768043782664336,3.9381722328674975,6.82987154979684
2462930.5,2463319.110169492,2031-03-05 00:00:00.000,2032-03-27 14:38:38.644,388.6101694915254,12.143078894809284,4.832323621537557,7.310755273271729
2462930.5,2463337.5677966103,2031-03-05 00:00:00.000,2032-04-15 01:37:37.627,407.0677966101695,13.758770443833008,5.917226566366152,7.841543877466856
2462930.5,2463356.025423729,2031-03-05 00:00:00.000,2032-05-03 12:36:36.610,425.5254237288136,15.628523543073598,7.188471325407313,8.440052217666285
2462930.5,2463374.4830508474,2031-03-05 00:00:00.000,2032-05-21 23:35:35.593,443.98305084745766,17.79277290960766,8.662473264053435,9.130299645554224
2462931.5,2463043.245762712,2031-03-06 00:00:00.000,2031-06-25 17:53:53.898,111.74576271186442,15.913114288692451,5.671726993903497,10.241387294788955
2462931.5,2463061.7033898304,2031-03-06 00:00:00.000,2031-07-14 04:52:52.881,130.20338983050848,12.87668227712435,5.1134398399163015,7.763242437208049
2462931.5,2463080.161016949,2031-03-06 00:00:00.000,2031-08-01 15:51:51.864,148.66101694915255,10.85088973380502,4.883222728390086,5.967667005414934
2462931.5,2463098.618644068,2031-03-06 00:00:00.000,2031-08-20 02:50:50.847,167.11864406779662,9.486272139167092,4.754574008040057,4.731698131127034
2462931.5,2463117.0762711866,2031-03-06 00:00:00.000,2031-09-07 13:49:49.831,185.5762711864407,8.640241279239016,4.635733367148193,4.004507912090823
2462931.5,2463135.533898305,2031-03-06 00:00:00.000,2031-09-26 00:48:48.814,204.0338983050848,8.263517700908709,4.517020546775158,3.746497154133551
2462931.5,2463153.991525424,2031-03-06 00:00:00.000,2031-10-14 11:47:47.797,222.49152542372883,8.374960515348796,4.477074000442839,3.897886514905957
2462931.5,2463172.4491525423,2031-03-06 00:00:00.000,2031-11-01 22:46:46.780,240.9491525423729,9.42065888277242,4.895976442728536,4.524682440043884
2462931.5,2463190.906779661,2031-03-06 00:00:00.000,2031-11-20 09:45:45.763,259.40677966101697,17.34407687512084,9.408416047618704,7.935660827502136
2462931.5,2463209.36440678,2031-03-06 00:00:00.000,2031-12-08 20:44:44.746,277.86440677966107,17.24245525861963,8.85199708486813,8.390458173751497
2462931.5,2463227.8220338984,2031-03-06 00:00:00.000,2031-12-27 07:43:43.729,296.3220338983051,9.261646977922153,3.678667517380705,5.582979460541445
2462931.5,2463246.279661017,2031-03-06 00:00:00.000,2032-01-14 18:42:42.712,314.77966101694915,8.580038863541697,2.9164825482400967,5.663556315301601
2462931.5,2463264.737288136,2031-03-06 00:00:00.000,2032-02-02 05:41:41.695,333.23728813559325,8.882747495963663,2.885754494600346,5.996993001363317
2462931.5,2463283.194915254,2031-03-06 00:00:00.000,2032-02-20 16:40:40.678,351.69491525423734,9.654506483217576,3.259217423032062,6.395289060185514
2462931.5,2463301.6525423727,2031-03-06 00:00:00.000,2032-03-10 03:39:39.661,370.1525423728814,10.753534693668072,3.9234956665186616,6.830039027149411
2462931.5,2463320.110169492,2031-03-06 00:00:00.000,2032-03-28 14:38:38.644,388.6101694915254,12.112527469527224,4.810083470129423,7.302443999397801
2462931.5,2463338.5677966103,2031-03-06 00:00:00.000,2032-04-16 01:37:37.627,407.0677966101695,13.709897417570415,5.886078644094347,7.823818773476071
2462931.5,2463357.025423729,2031-03-06 00:00:00.000,2032-05-04 12:36:36.610,425.5254237288136,15.55771100745728,7.146096740568393,8.411614266888886
2462931.5,2463375.4830508474,2031-03-06 00:00:00.000,2032-05-22 23:35:35.593,443.98305084745766,17.6948560813874,8.605520114631785,9.089335966755616
2462932.5,2463044.245762712,2031-03-07 00:00:00.000,2031-06-26 17:53:53.898,111.74576271186442,15.8448808825426,5.7340821149267,10.1107987676159
2462932.5,2463062.7033898304,2031-03-07 00:00:00.000,2031-07-15 04:52:52.881,130.20338983050848,12.859720096446337,5.197744701082109,7.661975395364227
2462932.5,2463081.161016949,2031-03-07 00:00:00.000,2031-08-02 15:51:51.864,148.66101694915255,10.865332597206782,4.9713273377832765,5.894005259423506
2462932.5,2463099.618644068,2031-03-07 00:00:00.000,2031-08-21 02:50:50.847,167.11864406779662,9.5232503456506,4.837023988254317,4.686226357396281
2462932.5,2463118.0762711866,2031-03-07 00:00:00.000,2031-09-08 13:49:49.831,185.5762711864407,8.695287082221636,4.708134070509221,3.987153011712415
2462932.5,2463136.533898305,2031-03-07 00:00:00.000,2031-09-27 00:48:48.814,204.0338983050848,8.32825406363406,4.576363319332884,3.751890744301176
2462932.5,2463154.991525424,2031-03-07 00:00:00.000,2031-10-15 11:47:47.797,222.49152542372883,8.430057149877806,4.516961825895615,3.913095323982191
2462932.5,2463173.4491525423,2031-03-07 00:00:00.000,2031-11-02 22:46:46.780,240.9491525423729,9.407552415553734,4.8861217496037606,4.521430665949975
2462932.5,2463191.906779661,2031-03-07 00:00:00.000,2031-11-21 09:45:45.763,259.40677966101697,16.55478870140209,8.947732423476186,7.607056277925901
2462932.5,2463210.36440678,2031-03-07 00:00:00.000,2031-12-09 20:44:44.746,277.86440677966107,18.04517868360305,9.310989295436864,8.734189388166191
2462932.5,2463228.8220338984,2031-03-07 00:00:00.000,2031-12-28 07:43:43.729,296.3220338983051,9.334110072563442,3.7128712550668994,5.621238817496542
2462932.5,2463247.279661017,2031-03-07 00:00:00.000,2032-01-15 18:42:42.712,314.77966101694915,8.612862670161016,2.9264979064464294,5.686364763714587
2462932.5,2463265.737288136,2031-03-07 00:00:00.000,2032-02-03 05:41:41.695,333.23728813559325,8.898407088576725,2.8862553369397297,6.012151751636996
2462932.5,2463284.194915254,2031-03-07 00:00:00.000,2032-02-21 16:40:40.678,351.69491525423734,9.65499914672034,3.251894075876973,6.403105070843365
2462932.5,2463302.6525423727,2031-03-07 00:00:00.000,2032-03-11 03:39:39.661,370.1525423728814,10.739012502435363,3.908927675473569,6.830084826961796
2462932.5,2463321.110169492,2031-03-07 00:00:00.000,2032-03-29 14:38:38.644,388.6101694915254,12.082020648595677,4.78795869575388,7.294061952841795
2462932.5,2463339.5677966103,2031-03-07 00:00:00.000,2032-04-17 01:37:37.627,407.0677966101695,13.661190664704586,5.855090030266335,7.806100634438251
2462932.5,2463358.025423729,2031-03-07 00:00:00.000,2032-05-05 12:36:36.610,425.5254237288136,15.487276824534913,7.103980065892444,8.38329675864247
2462932.5,2463376.4830508474,2031-03-07 00:00:00.000,2032-05-23 23:35:35.593,443.98305084745766,17.597656035209766,8.549000731869672,9.048655303340093
2462933.5,2463045.245762712,2031-03-08 00:00:00.000,2031-06-27 17:53:53.898,111.74576271186442,15.782458353622722,5.800956145616275,9.981502208006448
2462933.5,2463063.7033898304,2031-03-08 00:00:00.000,2031-07-16 04:52:52.881,130.20338983050848,12.846712375814445,5.284504818198584,7.562207557615862
2462933.5,2463082.161016949,2031-03-08 00:00:00.000,2031-08-03 15:51:51.864,148.66101694915255,10.88275463727102,5.060565015459654,5.822189621811366
2462933.5,2463100.618644068,2031-03-08 00:00:00.000,2031-08-22 02:50:50.847,167.11864406779662,9.562905060428402,4.9199245098627244,4.642980550565679
2462933.5,2463119.0762711866,2031-03-08 00:00:00.000,2031-09-09 13:49:49.831,185.5762711864407,8.752828844029588,4.780681366121862,3.972147477907727
2462933.5,2463137.533898305,2031-03-08 00:00:00.000,2031-09-28 00:48:48.814,204.0338983050848,8.39510933405889,4.635808155574124,3.7593011784847663
2462933.5,2463155.991525424,2031-03-08 00:00:00.000,2031-10-16 11:47:47.797,222.49152542372883,8.487269188704074,4.557319742356408,3.929949446347666
2462933.5,2463174.4491525423,2031-03-08 00:00:00.000,2031-11-03 22:46:46.780,240.9491525423729,9.400041981052608,4.879105874592421,4.520936106460187
2462933.5,2463192.906779661,2031-03-08 00:00:00.000,2031-11-22 09:45:45.763,259.40677966101697,15.85945273294886,8.539200445159883,7.320252287788977
2462933.5,2463211.36440678,2031-03-08 00:00:00.000,2031-12-10 20:44:44.746,277.86440677966107,18.95508976450637,9.831067227220371,9.124022537285994
2462933.5,2463229.8220338984,2031-03-08 00:00:00.000,2031-12-29 07:43:43.729,296.3220338983051,9.40751059175391,3.7477107477962783,5.659799843957632
2462933.5,2463248.279661017,2031-03-08 00:00:00.000,2032-01-16 18:42:42.712,314.77966101694915,8.645496089410106,2.936471697095326,5.70902439231478
2462933.5,2463266.737288136,2031-03-08 00:00:00.000,2032-02-04 05:41:41.695,333.23728813559325,8.91390778599887,2.886762615346877,6.027145170651993
2462933.5,2463285.194915254,2031-03-08 00:00:00.000,2032-02-22 16:40:40.678,351.69491525423734,9.655356107667632,3.24458725226528,6.410768855402352
2462933.5,2463303.6525423727,2031-03-08 00:00:00.000,2032-03-12 03:39:39.661,370.1525423728814,10.724376518949136,3.894367757933023,6.830008761016112
2462933.5,2463322.110169492,2031-03-08 00:00:00.000,2032-03-30 14:38:38.644,388.6101694915254,12.051461342594935,4.765852215909395,7.285609126685543
2462933.5,2463340.5677966103,2031-03-08 00:00:00.000,2032-04-18 01:37:37.627,407.0677966101695,13.612556911985202,5.824167896561739,7.788389015423462
2462933.5,2463359.025423729,2031-03-08 00:00:00.000,2032-05-06 12:36:36.610,425.5254237288136,15.417130064388182,7.062032124418318,8.355097939969864
2462933.5,2463377.4830508474,2031-03-08 00:00:00.000,2032-05-24 23:35:35.593,443.98305084745766,17.501081244525473,8.492827959711505,9.008253284813968
2462933.5,2463395.940677966,2031-03-08 00:00:00.000,2032-06-12 10:34:34.576,462.4406779661017,19.92554554609328,10.147940085199073,9.777605460894211
2462934.5,2463046.245762712,2031-03-09 00:00:00.000,2031-06-28 17:53:53.898,111.74576271186442,15.725730341278766,5.8721719241553965,9.853558417123368
2462934.5,2463064.7033898304,2031-03-09 00:00:00.000,2031-07-17 04:52:52.881,130.20338983050848,12.837609075084226,5.373600293515483,7.464008781568743
2462934.5,2463083.161016949,2031-03-09 00:00:00.000,2031-08-04 15:51:51.864,148.66101694915255,10.903188818819912,5.150891241664683,5.752297577155232
2462934.5,2463101.618644068,2031-03-09 00:00:00.000,2031-08-23 02:50:50.847,167.11864406779662,9.605305988714356,5.0032769934281225,4.602028995286234
2462934.5,2463120.0762711866,2031-03-09 00:00:00.000,2031-09-10 13:49:49.831,185.5762711864407,8.812916722707062,4.853397331078868,3.9595193916281937
2462934.5,2463138.533898305,2031-03-09 00:00:00.000,2031-09-29 00:48:48.814,204.0338983050848,8.464092418925052,4.695379924912988,3.768712494012064
2462934.5,2463156.991525424,2031-03-09 00:00:00.000,2031-10-17 11:47:47.797,222.49152542372883,8.546560440783367,4.59814971201923,3.948410728764137
2462934.5,2463175.4491525423,2031-03-09 00:00:00.000,2031-11-04 22:46:46.780,240.9491525423729,9.397823044928243,4.874767283775828,4.523055761152417
2462934.5,2463193.906779661,2031-03-09 00:00:00.000,2031-11-23 09:45:45.763,259.40677966101697,15.245095870817668,8.175647193671784,7.069448677145884
2462934.5,2463212.36440678,2031-03-09 00:00:00.000,2031-12-11 20:44:44.746,277.86440677966107,19.99524789421444,10.425195697771732,9.570052196442706
2462934.5,2463230.8220338984,2031-03-09 00:00:00.000,2031-12-30 07:43:43.729,296.3220338983051,9.481899115388522,3.7832119725048616,5.698687142883661
2462934.5,2463249.279661017,2031-03-09 00:00:00.000,2032-01-17 18:42:42.712,314.77966101694915,8.677874805981787,2.9463430590610304,5.731531746920756
2462934.5,2463267.737288136,2031-03-09 00:00:00.000,2032-02-05 05:41:41.695,333.23728813559325,8.9291618374557,2.8871901050636617,6.041971732392038
2462934.5,2463286.194915254,2031-03-09 00:00:00.000,2032-02-23 16:40:40.678,351.69491525423734,9.655476023898084,3.237195819330511,6.418280204567575
2462934.5,2463304.6525423727,2031-03-09 00:00:00.000,2032-03-13 03:39:39.661,370.1525423728814,10.709520343809274,3.8797090204028057,6.829811323406468
2462934.5,2463323.110169492,2031-03-09 00:00:00.000,2032-03-31 14:38:38.644,388.6101694915254,12.020742786671486,4.743656610763424,7.277086175908062
2462934.5,2463341.5677966103,2031-03-09 00:00:00.000,2032-04-19 01:37:37.627,407.0677966101695,13.563890516978956,5.793206395434622,7.770684121544333
2462934.5,2463360.025423729,2031-03-09 00:00:00.000,2032-05-07 12:36:36.610,425.5254237288136,15.347165554326784,7.020148840450011,8.327016713876773
2462934.5,2463378.4830508474,2031-03-09 00:00:00.000,2032-05-25 23:35:35.593,443.98305084745766,17.40502461413589,8.436898382644689,8.968126231491201
2462934.5,2463396.940677966,2031-03-09 00:00:00.000,2032-06-13 10:34:34.576,462.4406779661017,19.79678299859807,10.073684917024504,9.723098081573566
2462935.5,2463047.245762712,2031-03-10 00:00:00.000,2031-06-29 17:53:53.898,111.74576271186442,15.674621324746456,5.947591403497153,9.727029921249304
2462935.5,2463065.7033898304,2031-03-10 00:00:00.000,2031-07-18 04:52:52.881,130.20338983050848,12.832405419884154,5.464954579023928,7.367450840860226
2462935.5,2463084.161016949,2031-03-10 00:00:00.000,2031-08-05 15:51:51.864,148.66101694915255,10.926708096081938,5.242300289461974,5.684407806619964
2462935.5,2463102.618644068,2031-03-10 00:00:00.000,2031-08-24 02:50:50.847,167.11864406779662,9.650555619391971,5.087117121308732,4.563438498083239
2462935.5,2463121.0762711866,2031-03-10 00:00:00.000,2031-09-11 13:49:49.831,185.5762711864407,8.875628258093428,4.9263356124952455,3.949292645598183
2462935.5,2463139.533898305,2031-03-10 00:00:00.000,2031-09-30 00:48:48.814,204.0338983050848,8.535239428936965,4.75513371001134,3.780105718925624
2462935.5,2463157.991525424,2031-03-10 00:00:00.000,2031-10-18 11:47:47.797,222.49152542372883,8.607924272291248,4.639483694119245,3.968440578172003
2462935.5,2463176.4491525423,2031-03-10 00:00:00.000,2031-11-05 22:46:46.780,240.9491525423729,9.40063809068235,4.872982801630174,4.527655289052176
2462935.5,2463194.906779661,2031-03-10 00:00:00.000,2031-11-24 09:45:45.763,259.40677966101697,14.700993104557332,7.8511572336709,6.849835870886432
2462935.5,2463231.8220338984,2031-03-10 00:00:00.000,2031-12-31 07:43:43.729,296.3220338983051,9.557356026794086,3.819426760376929,5.737929266417158
2462935.5,2463250.279661017,2031-03-10 00:00:00.000,2032-01-18 18:42:42.712,314.77966101694915,8.709956810566998,2.956072610365544,5.753884200201455
2462935.5,2463268.737288136,2031-03-10 00:00:00.000,2032-02-06 05:41:41.695,333.23728813559325,8.944098267730599,2.887467497420788,6.056630770309812
2462935.5,2463287.194915254,2031-03-10 00:00:00.000,2032-02-24 16:40:40.678,351.69491525423734,9.655266165590708,3.229626396599855,6.4256397689908535
2462935.5,2463305.6525423727,2031-03-10 00:00:00.000,2032-03-14 03:39:39.661,370.1525423728814,10.69433894243353,3.8648450841049047,6.829493858328626
2462935.5,2463324.110169492,2031-03-10 00:00:00.000,2032-04-01 14:38:38.644,388.6101694915254,11.98975417254253,4.721259578118016,7.268494594424513
2462935.5,2463342.5677966103,2031-03-10 00:00:00.000,2032-04-20 01:37:37.627,407.0677966101695,13.51507788862711,5.762090893769645,7.752986994857465
2462935.5,2463361.025423729,2031-03-10 00:00:00.000,2032-05-08 12:36:36.610,425.5254237288136,15.277267301668694,6.978214464191469,8.299052837477225
2462935.5,2463379.4830508474,2031-03-10 00:00:00.000,2032-05-26 23:35:35.593,443.98305084745766,17.309366064857677,8.381094699132868,8.928271365724807
2462935.5,2463397.940677966,2031-03-10 00:00:00.000,2032-06-14 10:34:34.576,462.4406779661017,19.66891576846348,9.99983525049533,9.669080517968151
2462936.5,2463029.7881355933,2031-03-11 00:00:00.000,2031-06-12 06:54:54.915,93.28813559322036,19.98573984578505,7.133446020785144,12.85229382499991
2462936.5,2463048.245762712,2031-03-11 00:00:00.000,2031-06-30 17:53:53.898,111.74576271186442,15.629099954257311,6.027118705690187,9.601981248567126
2462936.5,2463066.7033898304,2031-03-11 00:00:00.000,2031-07-19 04:52:52.881,130.20338983050848,12.831142077217876,5.558534462191504,7.272607615026372
2462936.5,2463085.161016949,2031-03-11 00:00:00.000,2031-08-06 15:51:51.864,148.66101694915255,10.953424440636804,5.334824250453791,5.618600190183012
2462936.5,2463103.618644068,2031-03-11 00:00:00.000,2031-08-25 02:50:50.847,167.11864406779662,9.698788071121012,5.171513896824315,4.527274174296697
2462936.5,2463122.0762711866,2031-03-11 00:00:00.000,2031-09-12 13:49:49.831,185.5762711864407,8.941067766684522,4.999580838979515,3.9414869277050073
2462936.5,2463140.533898305,2031-03-11 00:00:00.000,2031-10-01 00:48:48.814,204.0338983050848,8.608613959607947,4.815154762055708,3.79345919755224
2462936.5,2463158.991525424,2031-03-11 00:00:00.000,2031-10-19 11:47:47.797,222.49152542372883,8.671384618973288,4.6813843510599815,3.9900002679133055
2462936.5,2463177.4491525423,2031-03-11 00:00:00.000,2031-11-06 22:46:46.780,240.9491525423729,9.408277157499908,4.873668633546693,4.534608523953216
2462936.5,2463195.906779661,2031-03-11 00:00:00.000,2031-11-25 09:45:45.763,259.40677966101697,14.218217088036308,7.560822707531013,6.657394380505294
2462936.5,2463232.8220338984,2031-03-11 00:00:00.000,2032-01-01 07:43:43.729,296.3220338983051,9.633997816766676,3.8564386527076016,5.777559164059073
2462936.5,2463251.279661017,2031-03-11 00:00:00.000,2032-01-19 18:42:42.712,314.77966101694915,8.741731380286874,2.965651323223702,5.776080057063171
2462936.5,2463269.737288136,2031-03-11 00:00:00.000,2032-02-07 05:41:41.695,333.23728813559325,8.958673707458392,2.887551100134857,6.071122607323535
2462936.5,2463288.194915254,2031-03-11 00:00:00.000,2032-02-25 16:40:40.678,351.69491525423734,9.654653364599117,3.221804161625204,6.432849202973912
2462936.5,2463306.6525423727,2031-03-11 00:00:00.000,2032-03-15 03:39:39.661,370.1525423728814,10.67873874608809,3.849680031380193,6.829058714707897
2462936.5,2463325.110169492,2031-03-11 00:00:00.000,2032-04-02 14:38:38.644,388.6101694915254,11.958389669097482,4.698552787559232,7.259836881538251
2462936.5,2463343.5677966103,2031-03-11 00:00:00.000,2032-04-21 01:37:37.627,407.0677966101695,13.46600549277886,5.73070579924936,7.735299693529499
2462936.5,2463362.025423729,2031-03-11 00:00:00.000,2032-05-09 12:36:36.610,425.5254237288136,15.207315610211872,6.936108494681897,8.271207115529974
2462936.5,2463380.4830508474,2031-03-11 00:00:00.000,2032-05-27 23:35:35.593,443.98305084745766,17.213978872844734,8.325291850605092,8.88868702223964
2462936.5,2463398.940677966,2031-03-11 00:00:00.000,2032-06-15 10:34:34.576,462.4406779661017,19.541807021214275,9.926260135866382,9.615546885347891
2462937.5,2463030.7881355933,2031-03-12 00:00:00.000,2031-06-13 06:54:54.915,93.28813559322036,19.87383892550765,7.180320789996809,12.69351813551084
2462937.5,2463049.245762712,2031-03-12 00:00:00.000,2031-07-01 17:53:53.898,111.74576271186442,15.589176371183465,6.110697103436871,9.478479267746591
2462937.5,2463067.7033898304,2031-03-12 00:00:00.000,2031-07-20 04:52:52.881,130.20338983050848,12.833899853699368,5.654344536177442,7.179555317521927
2462937.5,2463086.161016949,2031-03-12 00:00:00.000,2031-08-07 15:51:51.864,148.66101694915255,10.983482821884415,5.428527006851624,5.554955815032792
2462937.5,2463104.618644068,2031-03-12 00:00:00.000,2031-08-26 02:50:50.847,167.11864406779662,9.750163144886256,5.256563910133025,4.493599234753231
2462937.5,2463123.0762711866,2031-03-12 00:00:00.000,2031-09-13 13:49:49.831,185.5762711864407,9.009361141208537,5.073243410017068,3.936117731191467
2462937.5,2463141.533898305,2031-03-12 00:00:00.000,2031-10-02 00:48:48.814,204.0338983050848,8.684302895940878,4.875553988914693,3.808748907026185
2462937.5,2463159.991525424,2031-03-12 00:00:00.000,2031-10-20 11:47:47.797,222.49152542372883,8.736992721197648,4.723941514803068,4.0130512063945805
2462937.5,2463178.4491525423,2031-03-12 00:00:00.000,2031-11-07 22:46:46.780,240.9491525423729,9.420574835659153,4.8767777908405066,4.543797044818644
2462937.5,2463196.906779661,2031-03-12 00:00:00.000,2031-11-26 09:45:45.763,259.40677966101697,13.789290148672675,7.300549744628953,6.488740404043722
2462937.5,2463233.8220338984,2031-03-12 00:00:00.000,2032-01-02 07:43:43.729,296.3220338983051,9.711981105568071,3.8943664671571554,5.817614638410916
2462937.5,2463252.279661017,2031-03-12 00:00:00.000,2032-01-20 18:42:42.712,314.77966101694915,8.773226042507607,2.9751074303352865,5.798118612172321
2462937.5,2463270.737288136,2031-03-12 00:00:00.000,2032-02-08 05:41:41.695,333.23728813559325,8.972882374479974,2.8874337361187385,6.085448638361236
2462937.5,2463289.194915254,2031-03-12 00:00:00.000,2032-02-26 16:40:40.678,351.69491525423734,9.65359542256449,3.213684161168358,6.439911261396131
2462937.5,2463307.6525423727,2031-03-12 00:00:00.000,2032-03-16 03:39:39.661,370.1525423728814,10.66264922631275,3.834139871185111,6.82850935512764
2462937.5,2463326.110169492,2031-03-12 00:00:00.000,2032-04-03 14:38:38.644,388.6101694915254,11.926559609588836,4.675442945541216,7.251116664047618
2462937.5,2463344.5677966103,2031-03-12 00:00:00.000,2032-04-22 01:37:37.627,407.0677966101695,13.41657049754369,5.698945069355178,7.717625428188512
2462937.5,2463363.025423729,2031-03-12 00:00:00.000,2032-05-10 12:36:36.610,425.5254237288136,15.1371971743029,6.89371562154455,8.243481552758352
2462937.5,2463381.4830508474,2031-03-12 00:00:00.000,2032-05-28 23:35:35.593,443.98305084745766,17.11873924168055,8.269366422550533,8.849372819130016
2462937.5,2463399.940677966,2031-03-12 00:00:00.000,2032-06-16 10:34:34.576,462.4406779661017,19.41532002817855,9.85282730275446,9.562492725424086
2462938.5,2463031.7881355933,2031-03-13 00:00:00.000,2031-06-14 06:54:54.915,93.28813559322036,19.76976023974622,7.233480706482489,12.536279533263732
2462938.5,2463050.245762712,2031-03-13 00:00:00.000,2031-07-02 17:53:53.898,111.74576271186442,15.55489324001031,6.198299679656403,9.356593560353907
2462938.5,2463068.7033898304,2031-03-13 00:00:00.000,2031-07-21 04:52:52.881,130.20338983050848,12.84078901369241,5.752416278079509,7.088372735612901
2462938.5,2463087.161016949,2031-03-13 00:00:00.000,2031-08-08 15:51:51.864,148.66101694915255,11.017050370136714,5.523493406540387,5.493556963596326
2462938.5,2463105.618644068,2031-03-13 00:00:00.000,2031-08-27 02:50:50.847,167.11864406779662,9.804855845686197,5.342381096809695,4.462474748876501
2462938.5,2463124.0762711866,2031-03-13 00:00:00.000,2031-09-14 13:49:49.831,185.5762711864407,9.080646276147794,5.147449910834872,3.9331963653129214
2462938.5,2463142.533898305,2031-03-13 00:00:00.000,2031-10-03 00:48:48.814,204.0338983050848,8.762407860079858,4.9364591269544364,3.8259487331254207
2462938.5,2463160.991525424,2031-03-13 00:00:00.000,2031-10-21 11:47:47.797,222.49152542372883,8.804819539008335,4.767264400293029,4.037555138715307
2462938.5,2463179.4491525423,2031-03-13 00:00:00.000,2031-11-08 22:46:46.780,240.9491525423729,9.437403367959284,4.8822936124830045,4.5551097554762805
2462938.5,2463197.906779661,2031-03-13 00:00:00.000,2031-11-27 09:45:45.763,259.40677966101697,13.407911974727448,7.066906013697754,6.341005961029693
2462938.5,2463234.8220338984,2031-03-13 00:00:00.000,2032-01-03 07:43:43.729,296.3220338983051,9.791503299100382,3.9333644921179274,5.858138806982456
2462938.5,2463253.279661017,2031-03-13 00:00:00.000,2032-01-21 18:42:42.712,314.77966101694915,8.80450963088861,2.98450949302788,5.82000013786073
2462938.5,2463271.737288136,2031-03-13 00:00:00.000,2032-02-09 05:41:41.695,333.23728813559325,8.986762905443245,2.887151565083949,6.099611340359296
2462938.5,2463290.194915254,2031-03-13 00:00:00.000,2032-02-27 16:40:40.678,351.69491525423734,9.652090617385785,3.205260794645667,6.446829822740118
2462938.5,2463308.6525423727,2031-03-13 00:00:00.000,2032-03-17 03:39:39.661,370.1525423728814,10.64603372210114,3.818183331884183,6.827850390216956
2462938.5,2463327.110169492,2031-03-13 00:00:00.000,2032-04-04 14:38:38.644,388.6101694915254,11.894201819910064,4.651863076504158,7.242338743405906
2462938.5,2463345.5677966103,2031-03-13 00:00:00.000,2032-04-23 01:37:37.627,407.0677966101695,13.366692223526805,5.666723600592017,7.699968622934788
2462938.5,2463364.025423729,2031-03-13 00:00:00.000,2032-05-11 12:36:36.610,425.5254237288136,15.066816487338116,6.850937057128106,8.21587943021001
2462938.5,2463382.4830508474,2031-03-13 00:00:00.000,2032-05-29 23:35:35.593,443.98305084745766,17.02353759793983,8.21320784579795,8.810329752141877
2462938.5,2463400.940677966,2031-03-13 00:00:00.000,2032-06-17 10:34:34.576,462.4406779661017,19.289329314312027,9.779414194000614,9.509915120311412
2462939.5,2463032.7881355933,2031-03-14 00:00:00.000,2031-06-15 06:54:54.915,93.28813559322036,19.67358324129065,7.292938684479274,12.380644556811374
2462939.5,2463051.245762712,2031-03-14 00:00:00.000,2031-07-03 17:53:53.898,111.74576271186442,15.526311896071572,6.2899151099480894,9.236396786123482
2462939.5,2463069.7033898304,2031-03-14 00:00:00.000,2031-07-22 04:52:52.881,130.20338983050848,12.851934797470433,5.852793352370772,6.999141445099659
2462939.5,2463088.161016949,2031-03-14 00:00:00.000,2031-08-09 15:51:51.864,148.66101694915255,11.05430230228,5.619815254922002,5.434487047357999
2462939.5,2463106.618644068,2031-03-14 00:00:00.000,2031-08-28 02:50:50.847,167.11864406779662,9.863042907876247,5.429083549355018,4.433959358521229
2462939.5,2463125.0762711866,2031-03-14 00:00:00.000,2031-09-15 13:49:49.831,185.5762711864407,9.155060568033043,5.222330626080824,3.932729941952221
2462939.5,2463143.533898305,2031-03-14 00:00:00.000,2031-10-04 00:48:48.814,204.0338983050848,8.843033621834294,4.998002941093087,3.8450306807412087
2462939.5,2463161.991525424,2031-03-14 00:00:00.000,2031-10-22 11:47:47.797,222.49152542372883,8.874944966842481,4.81147070608388,4.063474260758601
2462939.5,2463180.4491525423,2031-03-14 00:00:00.000,2031-11-09 22:46:46.780,240.9491525423729,9.458662555479478,4.890220118156262,4.568442437323216
2462939.5,2463198.906779661,2031-03-14 00:00:00.000,2031-11-28 09:45:45.763,259.40677966101697,13.068743593038157,6.8569985747062345,6.211745018331921
2462939.5,2463235.8220338984,2031-03-14 00:00:00.000,2032-01-04 07:43:43.729,296.3220338983051,9.872799706762526,3.973619123422035,5.899180583340491
2462939.5,2463254.279661017,2031-03-14 00:00:00.000,2032-01-22 18:42:42.712,314.77966101694915,8.835690465481983,2.993964673087985,5.841725792393999
2462939.5,2463272.737288136,2031-03-14 00:00:00.000,2032-02-10 05:41:41.695,333.23728813559325,9.00040041664355,2.886786219939748,6.113614196703802
2462939.5,2463291.194915254,2031-03-14 00:00:00.000,2032-02-28 16:40:40.678,351.69491525423734,9.6501832880962,3.196573464846111,6.4536098232500905
2462939.5,2463309.6525423727,2031-03-14 00:00:00.000,2032-03-18 03:39:39.661,370.1525423728814,10.62889733919162,3.8018098174172303,6.827087521774391
2462939.5,2463328.110169492,2031-03-14 00:00:00.000,2032-04-05 14:38:38.644,388.6101694915254,11.861290874082297,4.627781824736218,7.233509049346078
2462939.5,2463346.5677966103,2031-03-14 00:00:00.000,2032-04-24 01:37:37.627,407.0677966101695,13.316322205812796,5.633987325444269,7.682334880368528
2462939.5,2463365.025423729,2031-03-14 00:00:00.000,2032-05-12 12:36:36.610,425.5254237288136,14.996106413308237,6.807701130645906,8.188405282662329
2462939.5,2463383.4830508474,2031-03-14 00:00:00.000,2032-05-30 23:35:35.593,443.98305084745766,16.928289508422957,8.156729321973,8.771560186449959
2462939.5,2463401.940677966,2031-03-14 00:00:00.000,2032-06-18 10:34:34.576,462.4406779661017,19.16373182511848,9.705919125442318,9.457812699676165
2462940.5,2463033.7881355933,2031-03-15 00:00:00.000,2031-06-16 06:54:54.915,93.28813559322036,19.585385841090226,7.358702618010077,12.226683223080144
2462940.5,2463052.245762712,2031-03-15 00:00:00.000,2031-07-04 17:53:53.898,111.74576271186442,15.503496197298592,6.385531200213259,9.117964997085332
2462940.5,2463070.7033898304,2031-03-15 00:00:00.000,2031-07-23 04:52:52.881,130.20338983050848,12.867461627445632,5.955515666852662,6.911945960592969
2462940.5,2463089.161016949,2031-03-15 00:00:00.000,2031-08-10 15:51:51.864,148.66101694915255,11.095406950253588,5.717576496954546,5.377830453299041
2462940.5,2463107.618644068,2031-03-15 00:00:00.000,2031-08-29 02:50:50.847,167.11864406779662,9.924888553720718,5.516779631708612,4.408108922012106
2462940.5,2463126.0762711866,2031-03-15 00:00:00.000,2031-09-16 13:49:49.831,185.5762711864407,9.232727619548124,5.298006297106607,3.934721322441519
2462940.5,2463144.533898305,2031-03-15 00:00:00.000,2031-10-05 00:48:48.814,204.0338983050848,8.926275492029548,5.060310484872394,3.865965007157154
2462940.5,2463162.991525424,2031-03-15 00:00:00.000,2031-10-23 11:47:47.797,222.49152542372883,8.94744570520447,4.85667446564286,4.09077123956161
2462940.5,2463181.4491525423,2031-03-15 00:00:00.000,2031-11-10 22:46:46.780,240.9491525423729,9.484267937370385,4.900570681850088,4.583697255520295
2462940.5,2463199.906779661,2031-03-15 00:00:00.000,2031-11-29 09:45:45.763,259.40677966101697,12.767233836710387,6.668374534401086,6.098859302309302
2462940.5,2463236.8220338984,2031-03-15 00:00:00.000,2032-01-05 07:43:43.729,296.3220338983051,9.956137964251294,4.015342756764575,5.94079520748672
2462940.5,2463255.279661017,2031-03-15 00:00:00.000,2032-01-23 18:42:42.712,314.77966101694915,8.86690998836232,3.0036125350994247,5.863297453262895
2462940.5,2463273.737288136,2031-03-15 00:00:00.000,2032-02-11 05:41:41.695,333.23728813559325,9.013923471867466,2.8864619330792207,6.127461538788245
2462940.5,2463292.194915254,2031-03-15 00:00:00.000,2032-02-29 16:40:40.678,351.69491525423734,9.647964590955215,3.1877074874368194,6.460257103518397
2462940.5,2463310.6525423727,2031-03-15 00:00:00.000,2032-03-19 03:39:39.661,370.1525423728814,10.611290618842345,3.7850632242625655,6.826227394579779
2462940.5,2463329.110169492,2031-03-15 00:00:00.000,2032-04-06 14:38:38.644,388.6101694915254,11.82784372835892,4.603209229897811,7.22463449846111
2462940.5,2463347.5677966103,2031-03-15 00:00:00.000,2032-04-25 01:37:37.627,407.0677966101695,13.26545116297594,5.600720315465376,7.664730847510563
2462940.5,2463366.025423729,2031-03-15 00:00:00.000,2032-05-13 12:36:36.610,425.5254237288136,14.925036111893688,6.76397133976857,8.161064772125117
2462940.5,2463384.4830508474,2031-03-15 00:00:00.000,2032-05-31 23:35:35.593,443.98305084745766,16.832944334604285,8.09987659578517,8.733067738819113
2462940.5,2463402.940677966,2031-03-15 00:00:00.000,2032-06-19 10:34:34.576,462.4406779661017,19.03845617094816,9.632270639585764,9.406185531362398
2462941.5,2463034.7881355933,2031-03-16 00:00:00.000,2031-06-17 06:54:54.915,93.28813559322036,19.50522776263169,7.430758434712578,12.074469327919116
2462941.5,2463053.245762712,2031-03-16 00:00:00.000,2031-07-05 17:53:53.898,111.74576271186442,15.48649670338078,6.485118839561299,9.001377863819481
2462941.5,2463071.7033898304,2031-03-16 00:00:00.000,2031-07-24 04:52:52.881,130.20338983050848,12.887478304485349,6.060604515924537,6.826873788560812
2462941.5,2463090.161016949,2031-03-16 00:00:00.000,2031-08-11 15:51:51.864,148.66101694915255,11.1405119594574,5.816839681622574,5.3236722778348256
2462941.5,2463108.618644068,2031-03-16 00:00:00.000,2031-08-30 02:50:50.847,167.11864406779662,9.990531423104358,5.605555344593458,4.3849760785109
2462941.5,2463127.0762711866,2031-03-16 00:00:00.000,2031-09-17 13:49:49.831,185.5762711864407,9.31374500693559,5.374575986368611,3.93916902056698
2462941.5,2463145.533898305,2031-03-16 00:00:00.000,2031-10-06 00:48:48.814,204.0338983050848,9.01220750681993,5.123487227069855,3.888720279750075
2462941.5,2463163.991525424,2031-03-16 00:00:00.000,2031-10-24 11:47:47.797,222.49152542372883,9.022383532702351,4.9029743851025485,4.119409147599804
2462941.5,2463182.4491525423,2031-03-16 00:00:00.000,2031-11-11 22:46:46.780,240.9491525423729,9.514138775412544,4.913356558631636,4.6007822167809085
2462941.5,2463200.906779661,2031-03-16 00:00:00.000,2031-11-30 09:45:45.763,259.40677966101697,12.499478487981992,6.498939346109187,6.000539141872806
2462941.5,2463237.8220338984,2031-03-16 00:00:00.000,2032-01-06 07:43:43.729,296.3220338983051,10.041811152361984,4.058766283535876,5.983044868826108
2462941.5,2463256.279661017,2031-03-16 00:00:00.000,2032-01-24 18:42:42.712,314.77966101694915,8.898333135232226,3.013615643560722,5.884717491671505
2462941.5,2463274.737288136,2031-03-16 00:00:00.000,2032-02-12 05:41:41.695,333.23728813559325,9.02749683893739,2.886338518830725,6.141158320106665
2462941.5,2463293.194915254,2031-03-16 00:00:00.000,2032-03-01 16:40:40.678,351.69491525423734,9.645568805412491,3.1787906230761407,6.466778182336352
2462941.5,2463311.6525423727,2031-03-16 00:00:00.000,2032-03-20 03:39:39.661,370.1525423728814,10.593308930923754,3.768031559833104,6.82527737109065
2462941.5,2463330.110169492,2031-03-16 00:00:00.000,2032-04-07 14:38:38.644,388.6101694915254,11.793921371991075,4.578198600794095,7.215722771196981
2462941.5,2463348.5677966103,2031-03-16 00:00:00.000,2032-04-26 01:37:37.627,407.0677966101695,13.214112275170136,5.5669482799021255,7.647163995268012
2462941.5,2463367.025423729,2031-03-16 00:00:00.000,2032-05-14 12:36:36.610,425.5254237288136,14.853615536845467,6.719751067641761,8.133864469203706
2462941.5,2463385.4830508474,2031-03-16 00:00:00.000,2032-06-01 23:35:35.593,443.98305084745766,16.73749069610559,8.042633635232802,8.694857060872787
2462941.5,2463403.940677966,2031-03-16 00:00:00.000,2032-06-20 10:34:34.576,462.4406779661017,18.91346889404882,9.55843398907003,9.355034904978789
2462942.5,2463035.7881355933,2031-03-17 00:00:00.000,2031-06-18 06:54:54.915,93.28813559322036,19.43313512455828,7.509054502781753,11.924080621776527
2462942.5,2463054.245762712,2031-03-17 00:00:00.000,2031-07-06 17:53:53.898,111.74576271186442,15.475336828746496,6.588618039381635,8.88671878936486
2462942.5,2463072.7033898304,2031-03-17 00:00:00.000,2031-07-25 04:52:52.881,130.20338983050848,12.912065463217466,6.168050102112191,6.744015361105276
2462942.5,2463091.161016949,2031-03-17 00:00:00.000,2031-08-12 15:51:51.864,148.66101694915255,11.189732706766804,5.917634772510489,5.272097934256316
2462942.5,2463109.618644068,2031-03-17 00:00:00.000,2031-08-31 02:50:50.847,167.11864406779662,10.06007362815538,5.695463893877366,4.364609734278012
2462942.5,2463128.0762711866,2031-03-17 00:00:00.000,2031-09-18 13:49:49.831,185.5762711864407,9.398174026360811,5.452106958935821,3.946067067424991
2462942.5,2463146.533898305,2031-03-17 00:00:00.000,2031-10-07 00:48:48.814,204.0338983050848,9.100872324368789,5.187608955648384,3.9132633687204046
2462942.5,2463164.991525424,2031-03-17 00:00:00.000,2031-10-25 11:47:47.797,222.49152542372883,9.099794929168702,4.950443602396061,4.14935132677264
2462942.5,2463183.4491525423,2031-03-17 00:00:00.000,2031-11-12 22:46:46.780,240.9491525423729,9.548186787121452,4.928576198412285,4.619610588709167
2462942.5,2463201.906779661,2031-03-17 00:00:00.000,2031-12-01 09:45:45.763,259.40677966101697,12.262104896064963,6.346889003559402,5.915215892505563
2462942.5,2463238.8220338984,2031-03-17 00:00:00.000,2032-01-07 07:43:43.729,296.3220338983051,10.130130810416524,4.104131337770232,6.025999472646291
2462942.5,2463257.279661017,2031-03-17 00:00:00.000,2032-01-25 18:42:42.712,314.77966101694915,8.930136779439906,3.024148270980291,5.905988508459615
2462942.5,2463275.737288136,2031-03-17 00:00:00.000,2032-02-13 05:41:41.695,333.23728813559325,9.04131129449473,2.886601451166819,6.154709843327911
2462942.5,2463294.194915254,2031-03-17 00:00:00.000,2032-03-02 16:40:40.678,351.69491525423734,9.64316621103168,3.1699862326779167,6.473179978353763
2462942.5,2463312.6525423727,2031-03-17 00:00:00.000,2032-03-21 03:39:39.661,370.1525423728814,10.575088361458016,3.750843111899472,6.824245249558543
2462942.5,2463331.110169492,2031-03-17 00:00:00.000,2032-04-08 14:38:38.644,388.6101694915254,11.759627050508552,4.552845022778779,7.206782027729772
2462942.5,2463349.5677966103,2031-03-17 00:00:00.000,2032-04-27 01:37:37.627,407.0677966101695,13.162381150933395,5.5327388190758775,7.629642331857518
2462942.5,2463368.025423729,2031-03-17 00:00:00.000,2032-05-15 12:36:36.610,425.5254237288136,14.78189674037374,6.675085177644573,8.106811562729167
2462942.5,2463386.4830508474,2031-03-17 00:00:00.000,2032-06-02 23:35:35.593,443.98305084745766,16.64195884932866,7.985025305453044,8.656933543875615
2462942.5,2463404.940677966,2031-03-17 00:00:00.000,2032-06-21 10:34:34.576,462.4406779661017,18.788777751003018,9.484414722111383,9.304363028891633
2462943.5,2463036.7881355933,2031-03-18 00:00:00.000,2031-06-19 06:54:54.915,93.28813559322036,19.369087233688905,7.593488387629457,11.775598846059449
2462943.5,2463055.245762712,2031-03-18 00:00:00.000,2031-07-07 17:53:53.898,111.74576271186442,15.470001570010188,6.695926673588286,8.774074896421903
2462943.5,2463073.7033898304,2031-03-18 00:00:00.000,2031-07-26 04:52:52.881,130.20338983050848,12.941265609734195,6.2778017720514265,6.663463837682768
2462943.5,2463092.161016949,2031-03-18 00:00:00.000,2031-08-13 15:51:51.864,148.66101694915255,11.243143130837405,6.019950501491236,5.223192629346167
2462943.5,2463110.618644068,2031-03-18 00:00:00.000,2031-09-01 02:50:50.847,167.11864406779662,10.133572083789735,5.7865176025987815,4.347054481190956
2462943.5,2463129.0762711866,2031-03-18 00:00:00.000,2031-09-19 13:49:49.831,185.5762711864407,9.486031560411067,5.53062671096406,3.955404849447008
2462943.5,2463147.533898305,2031-03-18 00:00:00.000,2031-10-08 00:48:48.814,204.0338983050848,9.19227300004368,5.252713610712023,3.9395593893316576
2462943.5,2463165.991525424,2031-03-18 00:00:00.000,2031-10-26 11:47:47.797,222.49152542372883,9.17968227503406,4.999121074764535,4.180561200269527
2462943.5,2463184.4491525423,2031-03-18 00:00:00.000,2031-11-13 22:46:46.780,240.9491525423729,9.586305949075532,4.946205653796599,4.640100295278933
2462943.5,2463202.906779661,2031-03-18 00:00:00.000,2031-12-02 09:45:45.763,259.40677966101697,12.05217661072288,6.210653247291028,5.841523363431854
2462943.5,2463239.8220338984,2031-03-18 00:00:00.000,2032-01-08 07:43:43.729,296.3220338983051,10.221420447155374,4.151682841967308,6.069737605188067
2462943.5,2463258.279661017,2031-03-18 00:00:00.000,2032-01-26 18:42:42.712,314.77966101694915,8.962496933590574,3.035383883927311,5.927113049663263
2462943.5,2463276.737288136,2031-03-18 00:00:00.000,2032-02-14 05:41:41.695,333.23728813559325,9.055571216449676,2.88744975721012,6.168121459239557
2462943.5,2463295.194915254,2031-03-18 00:00:00.000,2032-03-03 16:40:40.678,351.69491525423734,9.640953232277967,3.161483733419941,6.479469498858029
2462943.5,2463313.6525423727,2031-03-18 00:00:00.000,2032-03-22 03:39:39.661,370.1525423728814,10.556798733405154,3.73365978822646,6.823138945178695
2462943.5,2463332.110169492,2031-03-18 00:00:00.000,2032-04-09 14:38:38.644,388.6101694915254,11.72510164631344,4.527281063713512,7.197820582599927
2462943.5,2463350.5677966103,2031-03-18 00:00:00.000,2032-04-28 01:37:37.627,407.0677966101695,13.110373017545196,5.498198947180434,7.612174070364762
2462943.5,2463369.025423729,2031-03-18 00:00:00.000,2032-05-16 12:36:36.610,425.5254237288136,14.709972471774693,6.630058953537395,8.079913518237296
2462943.5,2463387.4830508474,2031-03-18 00:00:00.000,2032-06-03 23:35:35.593,443.98305084745766,16.54642042543438,7.927117459321793,8.619302966112587
2462943.5,2463405.940677966,2031-03-18 00:00:00.000,2032-06-22 10:34:34.576,462.4406779661017,18.664432412175508,9.410259749812257,9.25417266236325
2462944.5,2463037.7881355933,2031-03-19 00:00:00.000,2031-06-20 06:54:54.915,93.28813559322036,19.313006279883,7.683896658642849,11.629109621240152
2462944.5,2463056.245762712,2031-03-19 00:00:00.000,2031-07-08 17:53:53.898,111.74576271186442,15.47042925115908,6.806892372355342,8.663536878803736
2462944.5,2463074.7033898304,2031-03-19 00:00:00.000,2031-07-27 04:52:52.881,130.20338983050848,12.975076041769295,6.389761273955536,6.5853147678137605
2462944.5,2463093.161016949,2031-03-19 00:00:00.000,2031-08-14 15:51:51.864,148.66101694915255,11.300769226927418,6.123728514690963,5.177040712236456
2462944.5,2463111.618644068,2031-03-19 00:00:00.000,2031-09-02 02:50:50.847,167.11864406779662,10.211032360298908,5.878682395568127,4.33234996473078
2462944.5,2463130.0762711866,2031-03-19 00:00:00.000,2031-09-20 13:49:49.831,185.5762711864407,9.577284303924625,5.610117368805141,3.9671669351194847
2462944.5,2463148.533898305,2031-03-19 00:00:00.000,2031-10-09 00:48:48.814,204.0338983050848,9.286366886591289,5.318795275528821,3.967571611062467
2462944.5,2463166.991525424,2031-03-19 00:00:00.000,2031-10-27 11:47:47.797,222.49152542372883,9.262006898539989,5.049004846482823,4.2130020520571625
2462944.5,2463185.4491525423,2031-03-19 00:00:00.000,2031-11-14 22:46:46.780,240.9491525423729,9.628363704610756,4.966190399342431,4.662173305268325
2462944.5,2463203.906779661,2031-03-19 00:00:00.000,2031-12-03 09:45:45.763,259.40677966101697,11.867114068351215,6.08884776592942,5.778266302421797
2462944.5,2463240.8220338984,2031-03-19 00:00:00.000,2032-01-09 07:43:43.729,296.3220338983051,10.31600985935265,4.201662100154199,6.114347759198453
2462944.5,2463259.279661017,2031-03-19 00:00:00.000,2032-01-27 18:42:42.712,314.77966101694915,8.995574883161693,3.047481565277187,5.9480933178845055
2462944.5,2463277.737288136,2031-03-19 00:00:00.000,2032-02-15 05:41:41.695,333.23728813559325,9.070480047488804,2.8890817928106878,6.181398254678116
2462944.5,2463296.194915254,2031-03-19 00:00:00.000,2032-03-04 16:40:40.678,351.69491525423734,9.63913981522285,3.153486301934254,6.485653513288596
2462944.5,2463314.6525423727,2031-03-19 00:00:00.000,2032-03-23 03:39:39.661,370.1525423728814,10.5386336630315,3.716667510833145,6.821966152198357
2462944.5,2463333.110169492,2031-03-19 00:00:00.000,2032-04-10 14:38:38.644,388.6101694915254,11.690516102784468,4.501669546490249,7.188846556294218
2462944.5,2463351.5677966103,2031-03-19 00:00:00.000,2032-04-29 01:37:37.627,407.0677966101695,13.058237023131834,5.463469754208752,7.594767268923082
2462944.5,2463370.025423729,2031-03-19 00:00:00.000,2032-05-17 12:36:36.610,425.5254237288136,14.637971965959077,6.584794261776445,8.05317770418263
2462944.5,2463388.4830508474,2031-03-19 00:00:00.000,2032-06-04 23:35:35.593,443.98305084745766,16.450985431969734,7.8690143297121775,8.581971102257558
2462944.5,2463406.940677966,2031-03-19 00:00:00.000,2032-06-23 10:34:34.576,462.4406779661017,18.540522491079777,9.33605578817604,9.204466702903735
2462945.5,2463038.7881355933,2031-03-20 00:00:00.000,2031-06-21 06:54:54.915,93.28813559322036,19.264751350294517,7.780049167690221,11.484702182604291
2462945.5,2463057.245762712,2031-03-20 00:00:00.000,2031-07-09 17:53:53.898,111.74576271186442,15.476507504076512,6.921308791150576,8.555198712925936
2462945.5,2463075.7033898304,2031-03-20 00:00:00.000,2031-07-28 04:52:52.881,130.20338983050848,13.013445768161883,6.503780154217753,6.50966561394413
2462945.5,2463094.161016949,2031-03-20 00:00:00.000,2031-08-15 15:51:51.864,148.66101694915255,11.362586295680488,6.228861388497327,5.13372490718316
2462945.5,2463112.618644068,2031-03-20 00:00:00.000,2031-09-03 02:50:50.847,167.11864406779662,10.292406145556402,5.971875918370582,4.320530227185821
2462945.5,2463131.0762711866,2031-03-20 00:00:00.000,2031-09-21 13:49:49.831,185.5762711864407,9.671846424374586,5.6905135115016,3.981332912872986
2462945.5,2463149.533898305,2031-03-20 00:00:00.000,2031-10-10 00:48:48.814,204.0338983050848,9.3830627284892,5.385801370794874,3.997261357694328
2462945.5,2463167.991525424,2031-03-20 00:00:00.000,2031-10-28 11:47:47.797,222.49152542372883,9.346685033587734,5.100048234066489,4.246636799521245
2462945.5,2463186.4491525423,2031-03-20 00:00:00.000,2031-11-15 22:46:46.780,240.9491525423729,9.674194628295131,4.988439591946691,4.685755036348443
2462945.5,2463204.906779661,2031-03-20 00:00:00.000,2031-12-04 09:45:45.763,259.40677966101697,11.70462895771255,5.980234495060183,5.724394462652369
2462945.5,2463241.8220338984,2031-03-20 00:00:00.000,2032-01-10 07:43:43.729,296.3220338983051,10.41423101472826,4.254301118802779,6.159929895925481
2462945.5,2463260.279661017,2031-03-20 00:00:00.000,2032-01-28 18:42:42.712,314.77966101694915,9.029502830274208,3.0605719312464106,5.968930899027797
2462945.5,2463278.737288136,2031-03-20 00:00:00.000,2032-02-16 05:41:41.695,333.23728813559325,9.08622389614396,2.891679145637656,6.194544750506306
2462945.5,2463297.194915254,2031-03-20 00:00:00.000,2032-03-05 16:40:40.678,351.69491525423734,9.63793388916718,3.146195655954011,6.49173823321317
2462945.5,2463315.6525423727,2031-03-20 00:00:00.000,2032-03-24 03:39:39.661,370.1525423728814,10.520797197084867,3.7000631880044494,6.820734009080416
2462945.5,2463334.110169492,2031-03-20 00:00:00.000,2032-04-11 14:38:38.644,388.6101694915254,11.656060254694507,4.476192728535688,7.179867526158819
2462945.5,2463352.5677966103,2031-03-20 00:00:00.000,2032-04-30 01:37:37.627,407.0677966101695,13.00614690818071,5.428717441971955,7.577429466208756
2462945.5,2463371.025423729,2031-03-20 00:00:00.000,2032-05-18 12:36:36.610,425.5254237288136,14.566053116398702,6.539442107394868,8.026611009003835
2462945.5,2463389.4830508474,2031-03-20 00:00:00.000,2032-06-05 23:35:35.593,443.98305084745766,16.35579567283138,7.810852354448248,8.544943318383131
2462945.5,2463407.940677966,2031-03-20 00:00:00.000,2032-06-24 10:34:34.576,462.4406779661017,18.41717203244541,9.261924279230564,9.155247753214846
2462946.5,2463039.7881355933,2031-03-21 00:00:00.000,2031-06-22 06:54:54.915,93.28813559322036,19.22411899362146,7.881650020974521,11.342468972646936
2462946.5,2463058.245762712,2031-03-21 00:00:00.000,2031-07-10 17:53:53.898,111.74576271186442,15.488075400294896,7.038918163762934,8.449157236531963
2462946.5,2463076.7033898304,2031-03-21 00:00:00.000,2031-07-29 04:52:52.881,130.20338983050848,13.056278180599056,6.619663035312433,6.436615145286622
2462946.5,2463095.161016949,2031-03-21 00:00:00.000,2031-08-16 15:51:51.864,148.66101694915255,11.428521643522366,6.3351961881829455,5.0933254553394205
2462946.5,2463113.618644068,2031-03-21 00:00:00.000,2031-09-04 02:50:50.847,167.11864406779662,10.37759400846241,6.065970944493424,4.3116230639689865
2462946.5,2463132.0762711866,2031-03-21 00:00:00.000,2031-09-22 13:49:49.831,185.5762711864407,9.769582352558444,5.7717050796879805,3.9978772728704617
2462946.5,2463150.533898305,2031-03-21 00:00:00.000,2031-10-11 00:48:48.814,204.0338983050848,9.48222267318313,5.453634740893839,4.028587932289291
2462946.5,2463168.991525424,2031-03-21 00:00:00.000,2031-10-29 11:47:47.797,222.49152542372883,9.433588444144137,5.152160649868951,4.281427794275183
2462946.5,2463187.4491525423,2031-03-21 00:00:00.000,2031-11-16 22:46:46.780,240.9491525423729,9.72359831956701,5.012824511797216,4.710773807769795
2462946.5,2463205.906779661,2031-03-21 00:00:00.000,2031-12-05 09:45:45.763,259.40677966101697,11.56267134096197,5.88369020343872,5.67898113752325
2462946.5,2463242.8220338984,2031-03-21 00:00:00.000,2032-01-11 07:43:43.729,296.3220338983051,10.516417144986908,4.309819705781267,6.206597439205641
2462946.5,2463261.279661017,2031-03-21 00:00:00.000,2032-01-29 18:42:42.712,314.77966101694915,9.064370865693585,3.074744333777311,5.989626531916274
2462946.5,2463279.737288136,2031-03-21 00:00:00.000,2032-02-17 05:41:41.695,333.23728813559325,9.102954819945372,2.895390180118489,6.207564639826884
2462946.5,2463298.194915254,2031-03-21 00:00:00.000,2032-03-06 16:40:40.678,351.69491525423734,9.637523842834304,3.139794812659701,6.497729030174604
2462946.5,2463316.6525423727,2031-03-21 00:00:00.000,2032-03-25 03:39:39.661,370.1525423728814,10.503487367047462,3.684038568131637,6.8194487989158254
2462946.5,2463335.110169492,2031-03-21 00:00:00.000,2032-04-12 14:38:38.644,388.6101694915254,11.62192796191251,4.451037752379507,7.170890209533003
2462946.5,2463353.5677966103,2031-03-21 00:00:00.000,2032-05-01 01:37:37.627,407.0677966101695,12.954287634030376,5.394120288140879,7.560167345889496
2462946.5,2463372.025423729,2031-03-21 00:00:00.000,2032-05-19 12:36:36.610,425.5254237288136,14.494390395956732,6.494170912355123,8.000219483601608
2462946.5,2463390.4830508474,2031-03-21 00:00:00.000,2032-06-06 23:35:35.593,443.98305084745766,16.261013779660804,7.752789591361304,8.508224188299499
2462946.5,2463408.940677966,2031-03-21 00:00:00.000,2032-06-25 10:34:34.576,462.4406779661017,18.29452951592277,9.188011811095633,9.106517704827134
2462947.5,2463040.7881355933,2031-03-22 00:00:00.000,2031-06-23 06:54:54.915,93.28813559322036,19.190852155053847,7.988347031591433,11.202505123462412
2462947.5,2463059.245762712,2031-03-22 00:00:00.000,2031-07-11 17:53:53.898,111.74576271186442,15.504933088973363,7.159421466984545,8.345511621988818
2462947.5,2463077.7033898304,2031-03-22 00:00:00.000,2031-07-30 04:52:52.881,130.20338983050848,13.10344060903223,6.737177877395178,6.366262731637051
2462947.5,2463096.161016949,2031-03-22 00:00:00.000,2031-08-17 15:51:51.864,148.66101694915255,11.49846379996739,6.442544592307899,5.055919207659489
2462947.5,2463114.618644068,2031-03-22 00:00:00.000,2031-09-05 02:50:50.847,167.11864406779662,10.466454542356503,6.160805099257896,4.30564944309861
2462947.5,2463133.0762711866,2031-03-22 00:00:00.000,2031-09-23 13:49:49.831,185.5762711864407,9.870315834233256,5.853546460797536,4.01676937343572
2462947.5,2463151.533898305,2031-03-22 00:00:00.000,2031-10-12 00:48:48.814,204.0338983050848,9.583670434326484,5.522161826862788,4.061508607463696
2462947.5,2463169.991525424,2031-03-22 00:00:00.000,2031-10-30 11:47:47.797,222.49152542372883,9.52255109535288,5.205214403289986,4.317336692062895
2462947.5,2463188.4491525423,2031-03-22 00:00:00.000,2031-11-17 22:46:46.780,240.9491525423729,9.7763430903645,5.039182707936136,4.737160382428364
2462947.5,2463206.906779661,2031-03-22 00:00:00.000,2031-12-06 09:45:45.763,259.40677966101697,11.439389302095794,5.798183973510539,5.641205328585254
2462947.5,2463243.8220338984,2031-03-22 00:00:00.000,2032-01-12 07:43:43.729,296.3220338983051,10.622907191519792,4.368427375105541,6.254479816414253
2462947.5,2463262.279661017,2031-03-22 00:00:00.000,2032-01-30 18:42:42.712,314.77966101694915,9.100218167659884,3.090038214241166,6.010179953418718
2462947.5,2463280.737288136,2031-03-22 00:00:00.000,2032-02-18 05:41:41.695,333.23728813559325,9.120776868923716,2.900316265729765,6.22046060319395
2462947.5,2463299.194915254,2031-03-22 00:00:00.000,2032-03-07 16:40:40.678,351.69491525423734,9.63806168284518,3.1344314526121337,6.503630230233045
2462947.5,2463317.6525423727,2031-03-22 00:00:00.000,2032-03-26 03:39:39.661,370.1525423728814,10.486878716224066,3.6687629907573367,6.818115725466728
2462947.5,2463336.110169492,2031-03-22 00:00:00.000,2032-04-13 14:38:38.644,388.6101694915254,11.588300053220038,4.426379832221418,7.161920220998621
2462947.5,2463354.5677966103,2031-03-22 00:00:00.000,2032-05-02 01:37:37.627,407.0677966101695,12.902839040206311,5.359852566639912,7.542986473566402
2462947.5,2463373.025423729,2031-03-22 00:00:00.000,2032-05-20 12:36:36.610,425.5254237288136,14.423159255140185,6.44915120044797,7.974008054692216
2462947.5,2463391.4830508474,2031-03-22 00:00:00.000,2032-06-07 23:35:35.593,443.98305084745766,16.166808306542535,7.694991127570968,8.471817178971568
2462947.5,2463409.940677966,2031-03-22 00:00:00.000,2032-06-26 10:34:34.576,462.4406779661017,18.172753592858875,9.114476203897942,9.058277388960937
2462948.5,2463041.7881355933,2031-03-23 00:00:00.000,2031-06-24 06:54:54.915,93.28813559322036,19.16465722105807,8.099749331478993,11.06490788957908
2462948.5,2463060.245762712,2031-03-23 00:00:00.000,2031-07-12 17:53:53.898,111.74576271186442,15.526858237872986,7.282495444330659,8.244362793542328
2462948.5,2463078.7033898304,2031-03-23 00:00:00.000,2031-07-31 04:52:52.881,130.20338983050848,13.15477989448387,6.85607231024391,6.29870758423996
2462948.5,2463097.161016949,2031-03-23 00:00:00.000,2031-08-18 15:51:51.864,148.66101694915255,11.572277376895116,6.5506986523595385,5.021578724535577
2462948.5,2463115.618644068,2031-03-23 00:00:00.000,2031-09-06 02:50:50.847,167.11864406779662,10.55881907539607,6.256196033248064,4.302623042148005
2462948.5,2463134.0762711866,2031-03-23 00:00:00.000,2031-09-24 13:49:49.831,185.5762711864407,9.973844535129151,5.9358710046697,4.037973530459453
2462948.5,2463152.533898305,2031-03-23 00:00:00.000,2031-10-13 00:48:48.814,204.0338983050848,9.687205074576514,5.591226358525547,4.095978716050968
2462948.5,2463170.991525424,2031-03-23 00:00:00.000,2031-10-31 11:47:47.797,222.49152542372883,9.613381591558074,5.259057164997231,4.354324426560844
2462948.5,2463189.4491525423,2031-03-23 00:00:00.000,2031-11-18 22:46:46.780,240.9491525423729,9.83217555651245,5.067327921181297,4.7648476353311535
2462948.5,2463207.906779661,2031-03-23 00:00:00.000,2031-12-07 09:45:45.763,259.40677966101697,11.333100448114424,5.722763532129684,5.61033691598474
2462948.5,2463244.8220338984,2031-03-23 00:00:00.000,2032-01-13 07:43:43.729,296.3220338983051,10.734057186707826,4.430331511516082,6.303725675191743
2462948.5,2463263.279661017,2031-03-23 00:00:00.000,2032-01-31 18:42:42.712,314.77966101694915,9.13703111806199,3.1064412723387123,6.030589845723278
2462948.5,2463281.737288136,2031-03-23 00:00:00.000,2032-02-19 05:41:41.695,333.23728813559325,9.139738423335896,2.906504190863536,6.233234232472359
2462948.5,2463300.194915254,2031-03-23 00:00:00.000,2032-03-08 16:40:40.678,351.69491525423734,9.639650631905274,3.130205612319898,6.509445019585376
2462948.5,2463318.6525423727,2031-03-23 00:00:00.000,2032-03-27 03:39:39.661,370.1525423728814,10.471107343135497,3.654368541622045,6.816738801513452
2462948.5,2463337.110169492,2031-03-23 00:00:00.000,2032-04-14 14:38:38.644,388.6101694915254,11.55532828139037,4.402366338646778,7.152961942743592
2462948.5,2463355.5677966103,2031-03-23 00:00:00.000,2032-05-03 01:37:37.627,407.0677966101695,12.85195940027868,5.326068252536914,7.525891147741766
2462948.5,2463374.025423729,2031-03-23 00:00:00.000,2032-05-21 12:36:36.610,425.5254237288136,14.35251957727067,6.404539223788031,7.947980353482639
2462948.5,2463392.4830508474,2031-03-23 00:00:00.000,2032-06-08 23:35:35.593,443.98305084745766,16.073337215459425,7.637612762590966,8.43572445286846
2462948.5,2463410.940677966,2031-03-23 00:00:00.000,2032-06-27 10:34:34.576,462.4406779661017,18.05199665998535,9.041470313431155,9.010526346554196
2462949.5,2463042.7881355933,2031-03-24 00:00:00.000,2031-06-25 06:54:54.915,93.28813559322036,19.14522610513048,8.215449998701228,10.929776106429252
2462949.5,2463061.245762712,2031-03-24 00:00:00.000,2031-07-13 17:53:53.898,111.74576271186442,15.553626055344246,7.407813205657876,8.145812849686369
2462949.5,2463079.7033898304,2031-03-24 00:00:00.000,2031-08-01 04:52:52.881,130.20338983050848,13.210140794051512,6.976092795342135,6.234047998709377
2462949.5,2463098.161016949,2031-03-24 00:00:00.000,2031-08-19 15:51:51.864,148.66101694915255,11.649820488029343,6.659449048825995,4.990371439203351
2462949.5,2463116.618644068,2031-03-24 00:00:00.000,2031-09-07 02:50:50.847,167.11864406779662,10.654508977086127,6.351959030121832,4.302549946964295
2462949.5,2463135.0762711866,2031-03-24 00:00:00.000,2031-09-25 13:49:49.831,185.5762711864407,10.079957351708586,6.018508100495042,4.061449251213545
2462949.5,2463153.533898305,2031-03-24 00:00:00.000,2031-10-14 00:48:48.814,204.0338983050848,9.792617739731176,5.6606658822214575,4.131951857509718
2462949.5,2463171.991525424,2031-03-24 00:00:00.000,2031-11-01 11:47:47.797,222.49152542372883,9.705878977681916,5.313527676344298,4.392351301337619
2462949.5,2463190.4491525423,2031-03-24 00:00:00.000,2031-11-19 22:46:46.780,240.9491525423729,9.890834196229797,5.097063829764543,4.793770366465254
2462949.5,2463208.906779661,2031-03-24 00:00:00.000,2031-12-08 09:45:45.763,259.40677966101697,11.24227329258452,5.6565489579174,5.5857243346671215
2462949.5,2463245.8220338984,2031-03-24 00:00:00.000,2032-01-14 07:43:43.729,296.3220338983051,10.850258650691242,4.495751732883225,6.354506917808017
2462949.5,2463264.279661017,2031-03-24 00:00:00.000,2032-02-01 18:42:42.712,314.77966101694915,9.174749237757984,3.123895344364112,6.050853893393873
2462949.5,2463282.737288136,2031-03-24 00:00:00.000,2032-02-20 05:41:41.695,333.23728813559325,9.159833008509043,2.913946933065508,6.245886075443536
2462949.5,2463301.194915254,2031-03-24 00:00:00.000,2032-03-09 16:40:40.678,351.69491525423734,9.6423403072809,3.127164831284684,6.515175475996216
2462949.5,2463319.6525423727,2031-03-24 00:00:00.000,2032-03-28 03:39:39.661,370.1525423728814,10.45626204384217,3.64094117715833,6.815320866683839
2462949.5,2463338.110169492,2031-03-24 00:00:00.000,2032-04-15 14:38:38.644,388.6101694915254,11.52312400078736,4.379105472997032,7.144018527790326
2462949.5,2463356.5677966103,2031-03-24 00:00:00.000,2032-05-04 01:37:37.627,407.0677966101695,12.80177258381176,5.292888196448366,7.508884387363395
2462949.5,2463375.025423729,2031-03-24 00:00:00.000,2032-05-22 12:36:36.610,425.5254237288136,14.282601844788598,6.360463159396749,7.922138685391848
2462949.5,2463393.4830508474,2031-03-24 00:00:00.000,2032-06-09 23:35:35.593,443.98305084745766,15.980733335402409,7.580786518759124,8.399946816643283
2462949.5,2463411.940677966,2031-03-24 00:00:00.000,2032-06-28 10:34:34.576,462.4406779661017,17.93238977506789,8.969127023848046,8.963262751219842
2462950.5,2463043.7881355933,2031-03-25 00:00:00.000,2031-06-26 06:54:54.915,93.28813559322036,19.132258434888776,8.335048693682959,10.79720974120582
2462950.5,2463062.245762712,2031-03-25 00:00:00.000,2031-07-14 17:53:53.898,111.74576271186442,15.585028235534717,7.535063690863796,8.04996454467092
2462950.5,2463080.7033898304,2031-03-25 00:00:00.000,2031-08-02 04:52:52.881,130.20338983050848,13.26938283452052,7.097002188028741,6.172380646491779
2462950.5,2463099.161016949,2031-03-25 00:00:00.000,2031-08-20 15:51:51.864,148.66101694915255,11.730960548740445,6.76860162063013,4.962358928110316
2462950.5,2463117.618644068,2031-03-25 00:00:00.000,2031-09-08 02:50:50.847,167.11864406779662,10.75335150357698,6.447922970582376,4.305428532994605
2462950.5,2463136.0762711866,2031-03-25 00:00:00.000,2031-09-26 13:49:49.831,185.5762711864407,10.188450453936689,6.101298847022263,4.087151606914424
2462950.5,2463154.533898305,2031-03-25 00:00:00.000,2031-10-15 00:48:48.814,204.0338983050848,9.899707470609666,5.730327263090167,4.1693802075195
2462950.5,2463172.991525424,2031-03-25 00:00:00.000,2031-11-02 11:47:47.797,222.49152542372883,9.799848182325292,5.368470996317512,4.431377186007782
2462950.5,2463191.4491525423,2031-03-25 00:00:00.000,2031-11-20 22:46:46.780,240.9491525423729,9.952063486673374,5.128198239095367,4.823865247578007
2462950.5,2463209.906779661,2031-03-25 00:00:00.000,2031-12-09 09:45:45.763,259.40677966101697,11.165515284506188,5.598730947260217,5.566784337245971
2462950.5,2463246.8220338984,2031-03-25 00:00:00.000,2032-01-15 07:43:43.729,296.3220338983051,10.971962488042903,4.564938768887359,6.407023719155545
2462950.5,2463265.279661017,2031-03-25 00:00:00.000,2032-02-02 18:42:42.712,314.77966101694915,9.213277320631764,3.142308388073203,6.070968932558562
2462950.5,2463283.737288136,2031-03-25 00:00:00.000,2032-02-21 05:41:41.695,333.23728813559325,9.181008132438944,2.922592346596452,6.258415785842494
2462950.5,2463302.194915254,2031-03-25 00:00:00.000,2032-03-10 16:40:40.678,351.69491525423734,9.646130367289594,3.125307654945669,6.520822712343925
2462950.5,2463320.6525423727,2031-03-25 00:00:00.000,2032-03-29 03:39:39.661,370.1525423728814,10.442383428179816,3.628519705358252,6.813863722821565
2462950.5,2463339.110169492,2031-03-25 00:00:00.000,2032-04-16 14:38:38.644,388.6101694915254,11.49175405554665,4.356662029461255,7.1350920260853945
2462950.5,2463357.5677966103,2031-03-25 00:00:00.000,2032-05-05 01:37:37.627,407.0677966101695,12.752361692576155,5.260393644519516,7.491968048056641
2462950.5,2463376.025423729,2031-03-25 00:00:00.000,2032-05-23 12:36:36.610,425.5254237288136,14.213499134700625,6.317014999417811,7.896484135282813
2462950.5,2463394.4830508474,2031-03-25 00:00:00.000,2032-06-10 23:35:35.593,443.98305084745766,15.88909508923462,7.524611275946575,8.364483813288045
2462950.5,2463412.940677966,2031-03-25 00:00:00.000,2032-06-29 10:34:34.576,462.4406779661017,17.814032341364328,8.897548855935081,8.916483485429247
2462951.5,2463044.7881355933,2031-03-26 00:00:00.000,2031-06-27 06:54:54.915,93.28813559322036,19.125479081592097,8.458169508983095,10.667309572609
2462951.5,2463063.245762712,2031-03-26 00:00:00.000,2031-07-15 17:53:53.898,111.74576271186442,15.6208866933544,7.663965834890516,7.956920858463884
2462951.5,2463081.7033898304,2031-03-26 00:00:00.000,2031-08-03 04:52:52.881,130.20338983050848,13.332391892905092,7.218591953911684,6.113799938993408
2462951.5,2463100.161016949,2031-03-26 00:00:00.000,2031-08-21 15:51:51.864,148.66101694915255,11.815584963791425,6.877988656432658,4.937596307358767
2462951.5,2463118.618644068,2031-03-26 00:00:00.000,2031-09-09 02:50:50.847,167.11864406779662,10.855190771876838,6.543941250317126,4.311249521559711
2462951.5,2463137.0762711866,2031-03-26 00:00:00.000,2031-09-27 13:49:49.831,185.5762711864407,10.299138654489973,6.184106942598874,4.115031711891099
2462951.5,2463155.533898305,2031-03-26 00:00:00.000,2031-10-16 00:48:48.814,204.0338983050848,10.008292664082916,5.800077770174452,4.208214893908463
2462951.5,2463173.991525424,2031-03-26 00:00:00.000,2031-11-03 11:47:47.797,222.49152542372883,9.895111644849557,5.423749866115847,4.471361778733709
2462951.5,2463192.4491525423,2031-03-26 00:00:00.000,2031-11-21 22:46:46.780,240.9491525423729,10.015625209530327,5.160554343102983,4.8550708664273445
2462951.5,2463210.906779661,2031-03-26 00:00:00.000,2031-12-10 09:45:45.763,259.40677966101697,11.101563864079846,5.5485703939217865,5.552993470158059
2462951.5,2463247.8220338984,2031-03-26 00:00:00.000,2032-01-16 07:43:43.729,296.3220338983051,11.099706142359008,4.638195397096765,6.461510745262243
2462951.5,2463266.279661017,2031-03-26 00:00:00.000,2032-02-03 18:42:42.712,314.77966101694915,9.252500259644872,3.1615691053610253,6.090931154283847
2462951.5,2463284.737288136,2031-03-26 00:00:00.000,2032-02-22 05:41:41.695,333.23728813559325,9.203179174176825,2.932356833917261,6.270822340259563
2462951.5,2463303.194915254,2031-03-26 00:00:00.000,2032-03-11 16:40:40.678,351.69491525423734,9.650980796667156,3.1245937029499844,6.526387093717172
2462951.5,2463321.6525423727,2031-03-26 00:00:00.000,2032-03-30 03:39:39.661,370.1525423728814,10.429470291314193,3.617101942551404,6.8123683487627895
2462951.5,2463340.110169492,2031-03-26 00:00:00.000,2032-04-17 14:38:38.644,388.6101694915254,11.461244000740097,4.335060404784889,7.126183595955206
2462951.5,2463358.5677966103,2031-03-26 00:00:00.000,2032-05-06 01:37:37.627,407.0677966101695,12.703769901840374,5.228626871614205,7.475143030226168
2462951.5,2463377.025423729,2031-03-26 00:00:00.000,2032-05-24 12:36:36.610,425.5254237288136,14.145266127109476,6.274249355012685,7.871016772096792
2462951.5,2463395.4830508474,2031-03-26 00:00:00.000,2032-06-11 23:35:35.593,443.98305084745766,15.798484026892949,7.469150104489665,8.329333922403283
2462951.5,2463413.940677966,2031-03-26 00:00:00.000,2032-06-30 10:34:34.576,462.4406779661017,17.696988392209562,8.826804056816794,8.87018433539277
2462951.5,2463432.398305085,2031-03-26 00:00:00.000,2032-07-18 21:33:33.559,480.8983050847458,19.89564654010281,10.375613708460838,9.52003283164197
2462952.5,2463045.7881355933,2031-03-27 00:00:00.000,2031-06-28 06:54:54.915,93.28813559322036,19.124648307484637,8.584471310505892,10.540176996978742
2462952.5,2463064.245762712,2031-03-27 00:00:00.000,2031-07-16 17:53:53.898,111.74576271186442,15.661060069809402,7.794275416880724,7.866784652928677
2462952.5,2463082.7033898304,2031-03-27 00:00:00.000,2031-08-04 04:52:52.881,130.20338983050848,13.399084866272368,7.340687404108381,6.058397462163986
2462952.5,2463101.161016949,2031-03-27 00:00:00.000,2031-08-22 15:51:51.864,148.66101694915255,11.90360523334576,6.987473483089519,4.916131750256241
2462952.5,2463119.618644068,2031-03-27 00:00:00.000,2031-09-10 02:50:50.847,167.11864406779662,10.959892404222932,6.639896223384408,4.319996180838524
2462952.5,2463138.0762711866,2031-03-27 00:00:00.000,2031-09-28 13:49:49.831,185.5762711864407,10.411860572975655,6.26682331113004,4.145037261845617
2462952.5,2463156.533898305,2031-03-27 00:00:00.000,2031-10-17 00:48:48.814,204.0338983050848,10.118216526983153,5.869810135814382,4.24840639116877
2462952.5,2463174.991525424,2031-03-27 00:00:00.000,2031-11-04 11:47:47.797,222.49152542372883,9.991515287781,5.479250400477837,4.512264887303162
2462952.5,2463193.4491525423,2031-03-27 00:00:00.000,2031-11-22 22:46:46.780,240.9491525423729,10.081304855907902,5.193977036691968,4.887327819215934
2462952.5,2463211.906779661,2031-03-27 00:00:00.000,2031-12-11 09:45:45.763,259.40677966101697,11.049277681350633,5.505396753198097,5.543880928152534
2462952.5,2463248.8220338984,2031-03-27 00:00:00.000,2032-01-17 07:43:43.729,296.3220338983051,11.234142317903856,4.715897439096852,6.518244878807002
2462952.5,2463267.279661017,2031-03-27 00:00:00.000,2032-02-04 18:42:42.712,314.77966101694915,9.292296720149084,3.181560402866004,6.11073631728308
2462952.5,2463285.737288136,2031-03-27 00:00:00.000,2032-02-23 05:41:41.695,333.23728813559325,9.22624422122876,2.9431399473359074,6.283104273892852
2462952.5,2463304.194915254,2031-03-27 00:00:00.000,2032-03-12 16:40:40.678,351.69491525423734,9.65682522555354,3.1249567470281825,6.531868478525358
2462952.5,2463322.6525423727,2031-03-27 00:00:00.000,2032-03-31 03:39:39.661,370.1525423728814,10.417490407742353,3.60665526369856,6.810835144043793
2462952.5,2463341.110169492,2031-03-27 00:00:00.000,2032-04-18 14:38:38.644,388.6101694915254,11.431586533766597,4.3142927841143,7.117293749652297
2462952.5,2463359.5677966103,2031-03-27 00:00:00.000,2032-05-07 01:37:37.627,407.0677966101695,12.656006957419017,5.197597430544017,7.458409526874997
2462952.5,2463378.025423729,2031-03-27 00:00:00.000,2032-05-25 12:36:36.610,425.5254237288136,14.077924035908197,6.2321881362277,7.845735899680497
2462952.5,2463396.4830508474,2031-03-27 00:00:00.000,2032-06-12 23:35:35.593,443.98305084745766,15.708928451188726,7.414433637109279,8.294494814079448
2462952.5,2463414.940677966,2031-03-27 00:00:00.000,2032-07-01 10:34:34.576,462.4406779661017,17.581289085080027,8.756928836552241,8.824360248527785
2462952.5,2463433.398305085,2031-03-27 00:00:00.000,2032-07-19 21:33:33.559,480.8983050847458,19.74828997414626,10.287063857598374,9.461226116547886
2462953.5,2463046.7881355933,2031-03-28 00:00:00.000,2031-06-29 06:54:54.915,93.28813559322036,19.129564476637803,8.713650550156817,10.415913926480984
2462953.5,2463065.245762712,2031-03-28 00:00:00.000,2031-07-17 17:53:53.898,111.74576271186442,15.705443474902932,7.925785088329856,7.779658386573077
2462953.5,2463083.7033898304,2031-03-28 00:00:00.000,2031-08-05 04:52:52.881,130.20338983050848,13.469408119697114,7.463146659746276,6.006261459950837
2462953.5,2463102.161016949,2031-03-28 00:00:00.000,2031-08-23 15:51:51.864,148.66101694915255,11.994955225589823,7.096949119528732,4.898006106061091
2462953.5,2463120.618644068,2031-03-28 00:00:00.000,2031-09-11 02:50:50.847,167.11864406779662,11.067342535252775,6.735697903553184,4.331644631699594
2462953.5,2463139.0762711866,2031-03-28 00:00:00.000,2031-09-29 13:49:49.831,185.5762711864407,10.526478176785812,6.349365093059516,4.177113083726296
2462953.5,2463157.533898305,2031-03-28 00:00:00.000,2031-10-18 00:48:48.814,204.0338983050848,10.2293469433452,5.939442052580155,4.289904890765045
2462953.5,2463175.991525424,2031-03-28 00:00:00.000,2031-11-05 11:47:47.797,222.49152542372883,10.088929013913004,5.534882326943484,4.554046686969518
2462953.5,2463194.4491525423,2031-03-28 00:00:00.000,2031-11-23 22:46:46.780,240.9491525423729,10.148912931832974,5.228334126521214,4.920578805311759
2462953.5,2463212.906779661,2031-03-28 00:00:00.000,2031-12-12 09:45:45.763,259.40677966101697,11.00762655632516,5.468604058102559,5.5390224982226
2462953.5,2463249.8220338984,2031-03-28 00:00:00.000,2032-01-18 07:43:43.729,296.3220338983051,11.376069089948976,4.798514196494793,6.577554893454184
2462953.5,2463268.279661017,2031-03-28 00:00:00.000,2032-02-05 18:42:42.712,314.77966101694915,9.332548949379577,3.2021690168532326,6.130379932526342
2462953.5,2463286.737288136,2031-03-28 00:00:00.000,2032-02-24 05:41:41.695,333.23728813559325,9.250096333675762,2.9548364402524463,6.295259893423316
2462953.5,2463305.194915254,2031-03-28 00:00:00.000,2032-03-13 16:40:40.678,351.69491525423734,9.663583535394109,3.1263170958554767,6.53726643953863
2462953.5,2463323.6525423727,2031-03-28 00:00:00.000,2032-04-01 03:39:39.661,370.1525423728814,10.406392200420605,3.5971280448035032,6.8092641556171
2462953.5,2463342.110169492,2031-03-28 00:00:00.000,2032-04-19 14:38:38.644,388.6101694915254,11.40275192175234,4.294329336452208,7.108422585300132
2462953.5,2463360.5677966103,2031-03-28 00:00:00.000,2032-05-08 01:37:37.627,407.0677966101695,12.609058443008635,5.167291181504988,7.441767261503647
2462953.5,2463379.025423729,2031-03-28 00:00:00.000,2032-05-26 12:36:36.610,425.5254237288136,14.01146886743184,6.190828565507494,7.820640301924346
2462953.5,2463397.4830508474,2031-03-28 00:00:00.000,2032-06-13 23:35:35.593,443.98305084745766,15.620430797047966,7.360467195187158,8.259963601860807
2462953.5,2463415.940677966,2031-03-28 00:00:00.000,2032-07-02 10:34:34.576,462.4406779661017,17.4669392938828,8.68793369809952,8.779005595783278
2462953.5,2463434.398305085,2031-03-28 00:00:00.000,2032-07-20 21:33:33.559,480.8983050847458,19.602728123265784,10.199624654365053,9.403103468900737
2462954.5,2463047.7881355933,2031-03-29 00:00:00.000,2031-06-30 06:54:54.915,93.28813559322036,19.14006129044203,8.845438560172271,10.29462273026976
2462954.5,2463066.245762712,2031-03-29 00:00:00.000,2031-07-18 17:53:53.898,111.74576271186442,15.753963642024152,8.058319793137429,7.695643848886723
2462954.5,2463084.7033898304,2031-03-29 00:00:00.000,2031-08-06 04:52:52.881,130.20338983050848,13.543331916014502,7.585855577589903,5.9574763384246
2462954.5,2463103.161016949,2031-03-29 00:00:00.000,2031-08-24 15:51:51.864,148.66101694915255,12.089585779820746,7.20633318238565,4.883252597435096
2462954.5,2463121.618644068,2031-03-29 00:00:00.000,2031-09-12 02:50:50.847,167.11864406779662,11.177443254869722,6.83127903299362,4.346164221876101
2462954.5,2463140.0762711866,2031-03-29 00:00:00.000,2031-09-30 13:49:49.831,185.5762711864407,10.642872668810009,6.43167100690306,4.211201661906947
2462954.5,2463158.533898305,2031-03-29 00:00:00.000,2031-10-19 00:48:48.814,204.0338983050848,10.341572593323216,6.008911973109277,4.33266062021394
2462954.5,2463176.991525424,2031-03-29 00:00:00.000,2031-11-06 11:47:47.797,222.49152542372883,10.187243363460324,5.590575433790519,4.596667929669807
2462954.5,2463195.4491525423,2031-03-29 00:00:00.000,2031-11-24 22:46:46.780,240.9491525423729,10.218282437854937,5.263513744395008,4.954768693459927
2462954.5,2463213.906779661,2031-03-29 00:00:00.000,2031-12-13 09:45:45.763,259.40677966101697,10.975680155272885,5.4376447956644185,5.538035359608466
2462954.5,2463250.8220338984,2031-03-29 00:00:00.000,2032-01-19 07:43:43.729,296.3220338983051,11.526463018282552,4.886629311377707,6.639833706904846
2462954.5,2463269.279661017,2031-03-29 00:00:00.000,2032-02-06 18:42:42.712,314.77966101694915,9.37314779211252,3.223290393656844,6.149857398455675
2462954.5,2463287.737288136,2031-03-29 00:00:00.000,2032-02-25 05:41:41.695,333.23728813559325,9.27463136151874,2.9673439196674964,6.307287441851243
2462954.5,2463306.194915254,2031-03-29 00:00:00.000,2032-03-14 16:40:40.678,351.69491525423734,9.671171190098011,3.128590752732573,6.542580437365439
2462954.5,2463324.6525423727,2031-03-29 00:00:00.000,2032-04-02 03:39:39.661,370.1525423728814,10.396114417975095,3.588459159913972,6.807655258061123
2462954.5,2463343.110169492,2031-03-29 00:00:00.000,2032-04-20 14:38:38.644,388.6101694915254,11.374697486705111,4.2751275130223085,7.099569973682803
2462954.5,2463361.5677966103,2031-03-29 00:00:00.000,2032-05-09 01:37:37.627,407.0677966101695,12.562894906666736,5.137679224366706,7.425215682300029
2462954.5,2463380.025423729,2031-03-29 00:00:00.000,2032-05-27 12:36:36.610,425.5254237288136,13.94588015805899,6.150151712187515,7.795728445871475
2462954.5,2463398.4830508474,2031-03-29 00:00:00.000,2032-06-14 23:35:35.593,443.98305084745766,15.532975988416002,7.307238932929725,8.225737055486276
2462954.5,2463416.940677966,2031-03-29 00:00:00.000,2032-07-03 10:34:34.576,462.4406779661017,17.353925599781444,8.619811203832631,8.734114395948813
2462954.5,2463435.398305085,2031-03-29 00:00:00.000,2032-07-21 21:33:33.559,480.8983050847458,19.45894485342698,10.113290149331998,9.345654704094985
2462955.5,2463048.7881355933,2031-03-30 00:00:00.000,2031-07-01 06:54:54.915,93.28813559322036,19.15600227056378,8.979596098420606,10.176406172143173
2462955.5,2463067.245762712,2031-03-30 00:00:00.000,2031-07-19 17:53:53.898,111.74576271186442,15.806572154952775,8.191730276765794,7.614841878186983
2462955.5,2463085.7033898304,2031-03-30 00:00:00.000,2031-08-07 04:52:52.881,130.20338983050848,13.620843379914538,7.708721212245203,5.912122167669335
2462955.5,2463104.161016949,2031-03-30 00:00:00.000,2031-08-25 15:51:51.864,148.66101694915255,12.187458098147776,7.315561517004081,4.871896581143696
2462955.5,2463122.618644068,2031-03-30 00:00:00.000,2031-09-13 02:50:50.847,167.11864406779662,11.29010685411004,6.926588910961608,4.363517943148433
2462955.5,2463141.0762711866,2031-03-30 00:00:00.000,2031-10-01 13:49:49.831,185.5762711864407,10.760939024668094,6.513695402210967,4.247243622457127
2462955.5,2463159.533898305,2031-03-30 00:00:00.000,2031-10-20 00:48:48.814,204.0338983050848,10.454797557107252,6.07817345467071,4.376624102436542
2462955.5,2463177.991525424,2031-03-30 00:00:00.000,2031-11-07 11:47:47.797,222.49152542372883,10.286364450594943,5.646274352698473,4.640090097896473
2462955.5,2463196.4491525423,2031-03-30 00:00:00.000,2031-11-25 22:46:46.780,240.9491525423729,10.289264401620043,5.2994198541781135,4.98984454744193
2462955.5,2463214.906779661,2031-03-30 00:00:00.000,2031-12-14 09:45:45.763,259.40677966101697,10.952596196082968,5.4120226316804585,5.540573564402509
2462955.5,2463251.8220338984,2031-03-30 00:00:00.000,2032-01-20 07:43:43.729,296.3220338983051,11.686518419223743,4.98096432045265,6.705554098771096
2462955.5,2463270.279661017,2031-03-30 00:00:00.000,2032-02-07 18:42:42.712,314.77966101694915,9.413993507273558,3.2448294245854794,6.169164082688078
2462955.5,2463288.737288136,2031-03-30 00:00:00.000,2032-02-26 05:41:41.695,333.23728813559325,9.299751177199877,2.9805659684334747,6.3191852087664016
2462955.5,2463307.194915254,2031-03-30 00:00:00.000,2032-03-15 16:40:40.678,351.69491525423734,9.679504368039243,3.1316944299006813,6.547809938138563
2462955.5,2463325.6525423727,2031-03-30 00:00:00.000,2032-04-03 03:39:39.661,370.1525423728814,10.38659233702874,3.5805840596085767,6.806008277420164
2462955.5,2463344.110169492,2031-03-30 00:00:00.000,2032-04-21 14:38:38.644,388.6101694915254,11.347374333681152,4.256638645361193,7.090735688319961
2462955.5,2463362.5677966103,2031-03-30 00:00:00.000,2032-05-10 01:37:37.627,407.0677966101695,12.517478838226932,5.108724739033861,7.40875409919307
2462955.5,2463381.025423729,2031-03-30 00:00:00.000,2032-05-28 12:36:36.610,425.5254237288136,13.88112806414603,6.110129436890506,7.770998627255524
2462955.5,2463399.4830508474,2031-03-30 00:00:00.000,2032-06-15 23:35:35.593,443.98305084745766,15.446538568694988,7.254726813255966,8.191811755439021
2462955.5,2463417.940677966,2031-03-30 00:00:00.000,2032-07-04 10:34:34.576,462.4406779661017,17.242223422019368,8.55254294094998,8.689680481069388
2462955.5,2463436.398305085,2031-03-30 00:00:00.000,2032-07-22 21:33:33.559,480.8983050847458,19.31691226279177,10.028042778477678,9.288869484314096
2462956.5,2463049.7881355933,2031-03-31 00:00:00.000,2031-07-02 06:54:54.915,93.28813559322036,19.177274913860337,9.115907602034554,10.061367311825784
2462956.5,2463068.245762712,2031-03-31 00:00:00.000,2031-07-20 17:53:53.898,111.74576271186442,15.863238957975504,8.325886919212541,7.537352038762964
2462956.5,2463086.7033898304,2031-03-31 00:00:00.000,2031-08-08 04:52:52.881,130.20338983050848,13.701940044969527,7.83166587439888,5.870274170570648
2462956.5,2463105.161016949,2031-03-31 00:00:00.000,2031-08-26 15:51:51.864,148.66101694915255,12.288537872831997,7.424582505261715,4.863955367570279
2462956.5,2463123.618644068,2031-03-31 00:00:00.000,2031-09-14 02:50:50.847,167.11864406779662,11.405250752472256,7.021587873586889,4.383662878885367
2462956.5,2463142.0762711866,2031-03-31 00:00:00.000,2031-10-02 13:49:49.831,185.5762711864407,10.88058103643615,6.595402863736744,4.285178172699406
2462956.5,2463160.533898305,2031-03-31 00:00:00.000,2031-10-21 00:48:48.814,204.0338983050848,10.568936251415494,6.147189889623563,4.421746361791931
2462956.5,2463178.991525424,2031-03-31 00:00:00.000,2031-11-08 11:47:47.797,222.49152542372883,10.386209000724383,5.701933489575668,4.684275511148718
2462956.5,2463197.4491525423,2031-03-31 00:00:00.000,2031-11-26 22:46:46.780,240.9491525423729,10.361723186872345,5.335967571992994,5.025755614879349
2462956.5,2463215.906779661,2031-03-31 00:00:00.000,2031-12-15 09:45:45.763,259.40677966101697,10.937609207826911,5.391285133071926,5.546324074754986
2462956.5,2463252.8220338984,2031-03-31 00:00:00.000,2032-01-21 07:43:43.729,296.3220338983051,11.857697133358368,5.082407998282715,6.775289135075653
2462956.5,2463271.279661017,2031-03-31 00:00:00.000,2032-02-08 18:42:42.712,314.77966101694915,9.454993780040452,3.2666984211059984,6.188295358934453
2462956.5,2463289.737288136,2031-03-31 00:00:00.000,2032-02-27 05:41:41.695,333.23728813559325,9.32536332867095,2.994411734672491,6.330951593998457
2462956.5,2463308.194915254,2031-03-31 00:00:00.000,2032-03-16 16:40:40.678,351.69491525423734,9.688501280315254,3.13554679782526,6.5529544824899935
2462956.5,2463326.6525423727,2031-03-31 00:00:00.000,2032-04-04 03:39:39.661,370.1525423728814,10.377760315907528,3.573437251138285,6.804323064769243
2462956.5,2463345.110169492,2031-03-31 00:00:00.000,2032-04-22 14:38:38.644,388.6101694915254,11.320730743526326,4.238811259682864,7.081919483843462
2462956.5,2463363.5677966103,2031-03-31 00:00:00.000,2032-05-11 01:37:37.627,407.0677966101695,12.472768638565396,5.080386870951051,7.392381767614343
2462956.5,2463382.025423729,2031-03-31 00:00:00.000,2032-05-29 12:36:36.610,425.5254237288136,13.817177744114382,6.070728683123239,7.746449060991142
2462956.5,2463400.4830508474,2031-03-31 00:00:00.000,2032-06-16 23:35:35.593,443.98305084745766,15.36108739219776,7.202903201851231,8.158184190346528
2462956.5,2463418.940677966,2031-03-31 00:00:00.000,2032-07-05 10:34:34.576,462.4406779661017,17.131801953695106,8.486104351458277,8.64569760223683
2462956.5,2463437.398305085,2031-03-31 00:00:00.000,2032-07-23 21:33:33.559,480.8983050847458,19.17659581862709,9.94385838503031,9.232737433596782
2462957.5,2463050.7881355933,2031-04-01 00:00:00.000,2031-07-03 06:54:54.915,93.28813559322036,19.20378617170704,9.254176817784526,9.949609353922517
2462957.5,2463069.245762712,2031-04-01 00:00:00.000,2031-07-21 17:53:53.898,111.74576271186442,15.923947557199256,8.460675309522452,7.463272247676805
2462957.5,2463087.7033898304,2031-04-01 00:00:00.000,2031-08-09 04:52:52.881,130.20338983050848,13.78662524381184,7.954623042816166,5.832002200995675
2462957.5,2463106.161016949,2031-04-01 00:00:00.000,2031-08-27 15:51:51.864,148.66101694915255,12.39279133004661,7.533353225228795,4.859438104817814
2462957.5,2463124.618644068,2031-04-01 00:00:00.000,2031-09-15 02:50:50.847,167.11864406779662,11.52279424686937,7.116243567498463,4.406550679370907
2462957.5,2463143.0762711866,2031-04-01 00:00:00.000,2031-10-03 13:49:49.831,185.5762711864407,11.001708013641387,6.676764509900027,4.32494350374136
2462957.5,2463161.533898305,2031-04-01 00:00:00.000,2031-10-22 00:48:48.814,204.0338983050848,10.683909878037408,6.215930785968799,4.46797909206861
2462957.5,2463179.991525424,2031-04-01 00:00:00.000,2031-11-09 11:47:47.797,222.49152542372883,10.486700698993891,5.757513297719682,4.729187401274209
2462957.5,2463198.4491525423,2031-04-01 00:00:00.000,2031-11-27 22:46:46.780,240.9491525423729,10.435532798222546,5.373079505525619,5.062453292696928
2462957.5,2463216.906779661,2031-04-01 00:00:00.000,2031-12-16 09:45:45.763,259.40677966101697,10.930020704652389,5.375017432415177,5.55500327223721
2462957.5,2463235.36440678,2031-04-01 00:00:00.000,2032-01-03 20:44:44.746,277.86440677966107,19.69941371680677,10.607795513165742,9.091618203641028
2462957.5,2463253.8220338984,2031-04-01 00:00:00.000,2032-01-22 07:43:43.729,296.3220338983051,12.04179422678282,5.1920551761735325,6.849739050609287
2462957.5,2463272.279661017,2031-04-01 00:00:00.000,2032-02-09 18:42:42.712,314.77966101694915,9.496060443163053,3.2888138284276978,6.207246614735355
2462957.5,2463290.737288136,2031-04-01 00:00:00.000,2032-02-28 05:41:41.695,333.23728813559325,9.351378533921691,3.008793393149755,6.342585140771939
2462957.5,2463309.194915254,2031-04-01 00:00:00.000,2032-03-17 16:40:40.678,351.69491525423734,9.698080729523262,3.1400670077516564,6.558013721771605
2462957.5,2463327.6525423727,2031-04-01 00:00:00.000,2032-04-05 03:39:39.661,370.1525423728814,10.369551333115028,3.566951798035524,6.802599535079503
2462957.5,2463346.110169492,2031-04-01 00:00:00.000,2032-04-23 14:38:38.644,388.6101694915254,11.294712514063193,4.221591376246913,7.07312113781628
2462957.5,2463364.5677966103,2031-04-01 00:00:00.000,2032-05-12 01:37:37.627,407.0677966101695,12.428719599966565,5.052621666339681,7.376097933626884
2462957.5,2463383.025423729,2031-04-01 00:00:00.000,2032-05-30 12:36:36.610,425.5254237288136,13.753990850664328,6.031912919913746,7.722077930750582
2462957.5,2463401.4830508474,2031-04-01 00:00:00.000,2032-06-17 23:35:35.593,443.98305084745766,15.27658753542834,7.151736724614988,8.124850810813351
2462957.5,2463419.940677966,2031-04-01 00:00:00.000,2032-07-06 10:34:34.576,462.4406779661017,17.02262642903726,8.420466940358256,8.602159488679002
2462957.5,2463438.398305085,2031-04-01 00:00:00.000,2032-07-24 21:33:33.559,480.8983050847458,19.037956937833385,9.860708735274988,9.177248202558395
2462958.5,2463051.7881355933,2031-04-02 00:00:00.000,2031-07-04 06:54:54.915,93.28813559322036,19.235460187101584,9.394224743228635,9.841235443872948
2462958.5,2463070.245762712,2031-04-02 00:00:00.000,2031-07-22 17:53:53.898,111.74576271186442,15.988692643656908,8.595994288846903,7.392698354810005
2462958.5,2463088.7033898304,2031-04-02 00:00:00.000,2031-08-10 04:52:52.881,130.20338983050848,13.874905968858794,8.077535743631628,5.797370225227167
2462958.5,2463107.161016949,2031-04-02 00:00:00.000,2031-08-28 15:51:51.864,148.66101694915255,12.50018376824788,7.6418380279906755,4.858345740257205
2462958.5,2463125.618644068,2031-04-02 00:00:00.000,2031-09-16 02:50:50.847,167.11864406779662,11.642657643284084,7.210529574629128,4.432128068654956
2462958.5,2463144.0762711866,2031-04-02 00:00:00.000,2031-10-04 13:49:49.831,185.5762711864407,11.12423373110627,6.7577565618498765,4.366477169256393
2462958.5,2463162.533898305,2031-04-02 00:00:00.000,2031-10-23 00:48:48.814,204.0338983050848,10.799645018747317,6.284370213415895,4.515274805331421
2462958.5,2463180.991525424,2031-04-02 00:00:00.000,2031-11-10 11:47:47.797,222.49152542372883,10.587768540277125,5.812978564143076,4.774789976134048
2462958.5,2463199.4491525423,2031-04-02 00:00:00.000,2031-11-28 22:46:46.780,240.9491525423729,10.510574936759028,5.410683849641915,5.099891087117113
2462958.5,2463217.906779661,2031-04-02 00:00:00.000,2031-12-17 09:45:45.763,259.40677966101697,10.92919139952828,5.362837517589146,5.566353881939135
2462958.5,2463236.36440678,2031-04-02 00:00:00.000,2032-01-04 20:44:44.746,277.86440677966107,18.316040545506876,9.777275240608349,8.538765304898526
2462958.5,2463254.8220338984,2031-04-02 00:00:00.000,2032-01-23 07:43:43.729,296.3220338983051,12.241026564354176,5.311259474528203,6.9297670898259724
2462958.5,2463273.279661017,2031-04-02 00:00:00.000,2032-02-10 18:42:42.712,314.77966101694915,9.537106194539875,3.311092946782461,6.226013247757415
2462958.5,2463291.737288136,2031-04-02 00:00:00.000,2032-02-29 05:41:41.695,333.23728813559325,9.377707384033144,3.023622826541838,6.354084557491306
2462958.5,2463310.194915254,2031-04-02 00:00:00.000,2032-03-18 16:40:40.678,351.69491525423734,9.708159114193558,3.1451716732267063,6.562987440966852
2462958.5,2463328.6525423727,2031-04-02 00:00:00.000,2032-04-06 03:39:39.661,370.1525423728814,10.36189444632216,3.561056755404569,6.800837690917593
2462958.5,2463347.110169492,2031-04-02 00:00:00.000,2032-04-24 14:38:38.644,388.6101694915254,11.26926092679478,4.2049204512349,7.064340475559881
2462958.5,2463365.5677966103,2031-04-02 00:00:00.000,2032-05-13 01:37:37.627,407.0677966101695,12.385282363964848,5.02538050391678,7.359901860048068
2462958.5,2463384.025423729,2031-04-02 00:00:00.000,2032-05-31 12:36:36.610,425.5254237288136,13.691524432821849,5.993641015491649,7.697883417330198
2462958.5,2463402.4830508474,2031-04-02 00:00:00.000,2032-06-18 23:35:35.593,443.98305084745766,15.192999593162174,7.101191533620041,8.091808059542133
2462958.5,2463420.940677966,2031-04-02 00:00:00.000,2032-07-07 10:34:34.576,462.4406779661017,16.914657773834175,8.355597893648746,8.55905988018543
2462958.5,2463439.398305085,2031-04-02 00:00:00.000,2032-07-25 21:33:33.559,480.8983050847458,18.900952963027475,9.77856146000748,9.122391503019994
2462959.5,2463052.7881355933,2031-04-03 00:00:00.000,2031-07-05 06:54:54.915,93.28813559322036,19.27223878809958,9.535890365632207,9.736348422467373
2462959.5,2463071.245762712,2031-04-03 00:00:00.000,2031-07-23 17:53:53.898,111.74576271186442,16.05748049295186,8.731756802537657,7.325723690414204
2462959.5,2463089.7033898304,2031-04-03 00:00:00.000,2031-08-11 04:52:52.881,130.20338983050848,13.96679350002188,8.200357671013727,5.766435829008154
2462959.5,2463108.161016949,2031-04-03 00:00:00.000,2031-08-29 15:51:51.864,148.66101694915255,12.610680863879589,7.75000978762504,4.860671076254547
2462959.5,2463126.618644068,2031-04-03 00:00:00.000,2031-09-17 02:50:50.847,167.11864406779662,11.7647640446654,7.304426654680429,4.4603373899849705
2462959.5,2463145.0762711866,2031-04-03 00:00:00.000,2031-10-05 13:49:49.831,185.5762711864407,11.248077935897298,6.838361479797739,4.409716456099559
2462959.5,2463163.533898305,2031-04-03 00:00:00.000,2031-10-24 00:48:48.814,204.0338983050848,10.916074739311991,6.352487758261164,4.563586981050828
2462959.5,2463181.991525424,2031-04-03 00:00:00.000,2031-11-11 11:47:47.797,222.49152542372883,10.68934760724175,5.868299116089214,4.821048491152537
2462959.5,2463200.4491525423,2031-04-03 00:00:00.000,2031-11-29 22:46:46.780,240.9491525423729,10.586739318945211,5.4487147318885,5.138024587056711
2462959.5,2463218.906779661,2031-04-03 00:00:00.000,2031-12-18 09:45:45.763,259.40677966101697,10.934535962013015,5.354393690870828,5.580142271142188
2462959.5,2463237.36440678,2031-04-03 00:00:00.000,2032-01-05 20:44:44.746,277.86440677966107,17.176640298159157,9.083840202951734,8.092800095207425
2462959.5,2463255.8220338984,2031-04-03 00:00:00.000,2032-01-24 07:43:43.729,296.3220338983051,12.458153649390953,5.441705715224774,7.016447934166176
2462959.5,2463274.279661017,2031-04-03 00:00:00.000,2032-02-11 18:42:42.712,314.77966101694915,9.578042384445885,3.3334517164601967,6.244590667985688
2462959.5,2463292.737288136,2031-04-03 00:00:00.000,2032-03-01 05:41:41.695,333.23728813559325,9.404257477416738,3.038808729872345,6.365448747544394
2462959.5,2463311.194915254,2031-04-03 00:00:00.000,2032-03-19 16:40:40.678,351.69491525423734,9.71864705109855,3.1507714627742223,6.567875588324327
2462959.5,2463329.6525423727,2031-04-03 00:00:00.000,2032-04-07 03:39:39.661,370.1525423728814,10.354711168865595,3.55567351746075,6.799037651404845
2462959.5,2463348.110169492,2031-04-03 00:00:00.000,2032-04-25 14:38:38.644,388.6101694915254,11.244309136980633,4.188731738181198,7.055577398799435
2462959.5,2463366.5677966103,2031-04-03 00:00:00.000,2032-05-14 01:37:37.627,407.0677966101695,12.342399480309204,4.998606625500961,7.343792854808243
2462959.5,2463385.025423729,2031-04-03 00:00:00.000,2032-06-01 12:36:36.610,425.5254237288136,13.629727729274414,5.955864001730608,7.673863727543806
2462959.5,2463403.4830508474,2031-04-03 00:00:00.000,2032-06-19 23:35:35.593,443.98305084745766,15.110276724543349,7.051224324431664,8.059052400111684
2462959.5,2463421.940677966,2031-04-03 00:00:00.000,2032-07-08 10:34:34.576,462.4406779661017,16.807849906410635,8.291457350423064,8.51639255598757
2462959.5,2463440.398305085,2031-04-03 00:00:00.000,2032-07-26 21:33:33.559,480.8983050847458,18.765534716078623,9.69737757950938,9.068157136569248
2462960.5,2463053.7881355933,2031-04-04 00:00:00.000,2031-07-06 06:54:54.915,93.28813559322036,19.314084983573345,9.67903442295318,9.635050560620163
2462960.5,2463072.245762712,2031-04-04 00:00:00.000,2031-07-24 17:53:53.898,111.74576271186442,16.130332288283427,8.867893685251547,7.262438603031881
2462960.5,2463090.7033898304,2031-04-04 00:00:00.000,2031-08-12 04:52:52.881,130.20338983050848,14.062306919749268,8.323057141254678,5.739249778494591
2462960.5,2463109.161016949,2031-04-04 00:00:00.000,2031-08-30 15:51:51.864,148.66101694915255,12.724252860296822,7.857853922253268,4.866398938043554
2462960.5,2463127.618644068,2031-04-04 00:00:00.000,2031-09-18 02:50:50.847,167.11864406779662,11.889043929045322,7.397926730998214,4.491117198047108
2462960.5,2463146.0762711866,2031-04-04 00:00:00.000,2031-10-06 13:49:49.831,185.5762711864407,11.37317059864197,6.9185718361235,4.4545987625184695
2462960.5,2463164.533898305,2031-04-04 00:00:00.000,2031-10-25 00:48:48.814,204.0338983050848,11.033142448681753,6.420272214947937,4.612870233733815
2462960.5,2463182.991525424,2031-04-04 00:00:00.000,2031-11-12 11:47:47.797,222.49152542372883,10.791382597767766,5.9234532508744095,4.867929346893357
2462960.5,2463201.4491525423,2031-04-04 00:00:00.000,2031-11-30 22:46:46.780,240.9491525423729,10.663926681628473,5.487115212591651,5.17681146903682
2462960.5,2463219.906779661,2031-04-04 00:00:00.000,2031-12-19 09:45:45.763,259.40677966101697,10.945520799467912,5.349364705996005,5.596156093471907
2462960.5,2463238.36440678,2031-04-04 00:00:00.000,2032-01-06 20:44:44.746,277.86440677966107,16.23218740494697,8.500654218887515,7.731533186059454
2462960.5,2463256.8220338984,2031-04-04 00:00:00.000,2032-01-25 07:43:43.729,296.3220338983051,12.696644133319444,5.585510060657453,7.111134072661994
2462960.5,2463275.279661017,2031-04-04 00:00:00.000,2032-02-12 18:42:42.712,314.77966101694915,9.618778934259188,3.3558046123819136,6.262974321877275
2462960.5,2463293.737288136,2031-04-04 00:00:00.000,2032-03-02 05:41:41.695,333.23728813559325,9.430932239145005,3.054255373333502,6.376676865811501
2462960.5,2463312.194915254,2031-04-04 00:00:00.000,2032-03-20 16:40:40.678,351.69491525423734,9.729446882094456,3.156768550806293,6.572678331288163
2462960.5,2463330.6525423727,2031-04-04 00:00:00.000,2032-04-08 03:39:39.661,370.1525423728814,10.347911902249471,3.5507121955730137,6.797199706676459
2462960.5,2463349.110169492,2031-04-04 00:00:00.000,2032-04-26 14:38:38.644,388.6101694915254,11.219777945634496,4.172946006613666,7.046831939020831
2462960.5,2463367.5677966103,2031-04-04 00:00:00.000,2032-05-15 01:37:37.627,407.0677966101695,12.300000854125852,4.972230530951765,7.327770323174086
2462960.5,2463386.025423729,2031-04-04 00:00:00.000,2032-06-02 12:36:36.610,425.5254237288136,13.568537494295686,5.918520348196366,7.650017146099319
2462960.5,2463404.4830508474,2031-04-04 00:00:00.000,2032-06-20 23:35:35.593,443.98305084745766,15.028359969068362,7.001779601197207,8.026580367871155
2462960.5,2463422.940677966,2031-04-04 00:00:00.000,2032-07-09 10:34:34.576,462.4406779661017,16.702145106242806,8.227993721503575,8.474151384739232
2462960.5,2463441.398305085,2031-04-04 00:00:00.000,2032-07-27 21:33:33.559,480.8983050847458,18.63164195653081,9.61710691340648,9.014535043124331
2462961.5,2463054.7881355933,2031-04-05 00:00:00.000,2031-07-07 06:54:54.915,93.28813559322036,19.3609892941094,9.823545989510505,9.537443304598897
2462961.5,2463073.245762712,2031-04-05 00:00:00.000,2031-07-25 17:53:53.898,111.74576271186442,16.207290130421292,9.004360113186157,7.202930017235133
2462961.5,2463091.7033898304,2031-04-05 00:00:00.000,2031-08-13 04:52:52.881,130.20338983050848,14.161479275830407,8.445623609472964,5.715855666357444
2462961.5,2463110.161016949,2031-04-05 00:00:00.000,2031-08-31 15:51:51.864,148.66101694915255,12.840881413870662,7.965374944124905,4.875506469745756
2462961.5,2463128.618644068,2031-04-05 00:00:00.000,2031-09-19 02:50:50.847,167.11864406779662,12.01544233166132,7.491039427175078,4.524402904486243
2462961.5,2463147.0762711866,2031-04-05 00:00:00.000,2031-10-07 13:49:49.831,185.5762711864407,11.499458795302486,6.998396798338317,4.501061996964169
2462961.5,2463165.533898305,2031-04-05 00:00:00.000,2031-10-26 00:48:48.814,204.0338983050848,11.15080848312714,6.487727969623864,4.663080513503276
2462961.5,2463183.991525424,2031-04-05 00:00:00.000,2031-11-13 11:47:47.797,222.49152542372883,10.893834174173804,5.978433947064663,4.915400227109142
2462961.5,2463202.4491525423,2031-04-05 00:00:00.000,2031-12-01 22:46:46.780,240.9491525423729,10.742054681390728,5.525843132672107,5.2162115487186185
2462961.5,2463220.906779661,2031-04-05 00:00:00.000,2031-12-20 09:45:45.763,259.40677966101697,10.96166519707041,5.347462941330504,5.614202255739906
2462961.5,2463239.36440678,2031-04-05 00:00:00.000,2032-01-07 20:44:44.746,277.86440677966107,15.445248127523492,8.00723650766288,7.438011619860613
2462961.5,2463257.8220338984,2031-04-05 00:00:00.000,2032-01-26 07:43:43.729,296.3220338983051,12.96090769475902,5.745359517193809,7.2155481775652115
2462961.5,2463276.279661017,2031-04-05 00:00:00.000,2032-02-13 18:42:42.712,314.77966101694915,9.659227530577382,3.378067778411813,6.2811597521655695
2462961.5,2463294.737288136,2031-04-05 00:00:00.000,2032-03-03 05:41:41.695,333.23728813559325,9.457632863598896,3.0698644450475854,6.38776841855131
2462961.5,2463313.194915254,2031-04-05 00:00:00.000,2032-03-21 16:40:40.678,351.69491525423734,9.740452633527022,3.163056477056164,6.577396156470859
2462961.5,2463331.6525423727,2031-04-05 00:00:00.000,2032-04-09 03:39:39.661,370.1525423728814,10.341393949210582,3.546069532711653,6.795324416498929
2462961.5,2463350.110169492,2031-04-05 00:00:00.000,2032-04-27 14:38:38.644,388.6101694915254,11.195572335314225,4.157467980170639,7.038104355143584
2462961.5,2463368.5677966103,2031-04-05 00:00:00.000,2032-05-16 01:37:37.627,407.0677966101695,12.257999298028304,4.94616543352918,7.311833864499124
2462961.5,2463387.025423729,2031-04-05 00:00:00.000,2032-06-03 12:36:36.610,425.5254237288136,13.507872919245322,5.881530786948894,7.626342132296428
2462961.5,2463405.4830508474,2031-04-05 00:00:00.000,2032-06-21 23:35:35.593,443.98305084745766,14.947172760474643,6.952784094301532,7.99438866617311
2462961.5,2463423.940677966,2031-04-05 00:00:00.000,2032-07-10 10:34:34.576,462.4406779661017,16.59746826010638,8.165137839663808,8.43233042044257
2462961.5,2463442.398305085,2031-04-05 00:00:00.000,2032-07-28 21:33:33.559,480.8983050847458,18.499197449584948,9.537682053297123,8.961515396287826
2462962.5,2463055.7881355933,2031-04-06 00:00:00.000,2031-07-08 06:54:54.915,93.28813559322036,19.412977841985096,9.969350775661423,9.44362706632367
2462962.5,2463074.245762712,2031-04-06 00:00:00.000,2031-07-26 17:53:53.898,111.74576271186442,16.288424629546064,9.14114358689079,7.147281042655273
2462962.5,2463092.7033898304,2031-04-06 00:00:00.000,2031-08-14 04:52:52.881,130.20338983050848,14.264365311389144,8.568075639779485,5.69628967160966
2462962.5,2463111.161016949,2031-04-06 00:00:00.000,2031-09-01 15:51:51.864,148.66101694915255,12.960568050745929,8.072604483900585,4.887963566845342
2462962.5,2463129.618644068,2031-04-06 00:00:00.000,2031-09-20 02:50:50.847,167.11864406779662,12.143927647599366,7.583800171749236,4.56012747585013
2462962.5,2463148.0762711866,2031-04-06 00:00:00.000,2031-10-08 13:49:49.831,185.5762711864407,11.626915330241353,7.077870328099206,4.549045002142146
2462962.5,2463166.533898305,2031-04-06 00:00:00.000,2031-10-27 00:48:48.814,204.0338983050848,11.26905863541677,6.5548832904064085,4.714175345010361
2462962.5,2463184.991525424,2031-04-06 00:00:00.000,2031-11-14 11:47:47.797,222.49152542372883,10.996687490675845,6.033257207746561,4.9634302829292825
2462962.5,2463203.4491525423,2031-04-06 00:00:00.000,2031-12-02 22:46:46.780,240.9491525423729,10.821066228842396,5.564879342610874,5.2561868862315215
2462962.5,2463221.906779661,2031-04-06 00:00:00.000,2031-12-21 09:45:45.763,259.40677966101697,10.982545583796975,5.34844039935525,5.634105184441726
2462962.5,2463240.36440678,2031-04-06 00:00:00.000,2032-01-08 20:44:44.746,277.86440677966107,14.7868564680797,7.587731530750198,7.199124937329501
2462962.5,2463258.8220338984,2031-04-06 00:00:00.000,2032-01-27 07:43:43.729,296.3220338983051,13.256621771183124,5.924707901642173,7.33191386954095
2462962.5,2463277.279661017,2031-04-06 00:00:00.000,2032-02-14 18:42:42.712,314.77966101694915,9.699309008808283,3.4001663075958364,6.299142701212447
2462962.5,2463295.737288136,2031-04-06 00:00:00.000,2032-03-04 05:41:41.695,333.23728813559325,9.48426477633882,3.085541359017467,6.398723417321352
2462962.5,2463314.194915254,2031-04-06 00:00:00.000,2032-03-22 16:40:40.678,351.69491525423734,9.751554208440004,3.169524183009258,6.582030025430746
2462962.5,2463332.6525423727,2031-04-06 00:00:00.000,2032-04-10 03:39:39.661,370.1525423728814,10.335043071170476,3.5416303052246154,6.793412765945859
2462962.5,2463351.110169492,2031-04-06 00:00:00.000,2032-04-28 14:38:38.644,388.6101694915254,11.171580743255609,4.142185453613354,7.029395289642253
2462962.5,2463369.5677966103,2031-04-06 00:00:00.000,2032-05-17 01:37:37.627,407.0677966101695,12.216288086266257,4.920304657263444,7.295983429002811
2462962.5,2463388.025423729,2031-04-06 00:00:00.000,2032-06-04 12:36:36.610,425.5254237288136,13.447631942031638,5.844794463478226,7.602837478553412
2462962.5,2463406.4830508474,2031-04-06 00:00:00.000,2032-06-22 23:35:35.593,443.98305084745766,14.8666163225418,6.904141995853834,7.962474326687966
2462962.5,2463424.940677966,2031-04-06 00:00:00.000,2032-07-11 10:34:34.576,462.4406779661017,16.493721565505346,8.102797500434349,8.390924065070996
2462962.5,2463443.398305085,2031-04-06 00:00:00.000,2032-07-29 21:33:33.559,480.8983050847458,18.36810112431024,9.459012355695783,8.909088768614453
2462963.5,2463056.7881355933,2031-04-07 00:00:00.000,2031-07-09 06:54:54.915,93.28813559322036,19.470119770361173,10.116418682809115,9.353701087552055
2462963.5,2463075.245762712,2031-04-07 00:00:00.000,2031-07-27 17:53:53.898,111.74576271186442,16.373841695460328,9.27827103714672,7.095570658313608
2462963.5,2463093.7033898304,2031-04-07 00:00:00.000,2031-08-15 04:52:52.881,130.20338983050848,14.371048441271103,8.690467991825924,5.680580449445178
2462963.5,2463112.161016949,2031-04-07 00:00:00.000,2031-09-02 15:51:51.864,148.66101694915255,13.083341964150236,8.179608527221077,4.903733436929159
2462963.5,2463130.618644068,2031-04-07 00:00:00.000,2031-09-21 02:50:50.847,167.11864406779662,12.274499856290769,7.676277688744196,4.598222167546572
2462963.5,2463149.0762711866,2031-04-07 00:00:00.000,2031-10-09 13:49:49.831,185.5762711864407,11.755546995862868,7.157059003285911,4.598487992576956
2462963.5,2463167.533898305,2031-04-07 00:00:00.000,2031-10-28 00:48:48.814,204.0338983050848,11.387912631645394,6.62179853831132,4.766114093334074
2462963.5,2463185.991525424,2031-04-07 00:00:00.000,2031-11-15 11:47:47.797,222.49152542372883,11.099961040668234,6.087970688157412,5.011990352510822
2462963.5,2463204.4491525423,2031-04-07 00:00:00.000,2031-12-03 22:46:46.780,240.9491525423729,10.900938601271898,5.604236664482002,5.296701936789896
2462963.5,2463222.906779661,2031-04-07 00:00:00.000,2031-12-22 09:45:45.763,259.40677966101697,11.007801570881414,5.352096211938367,5.655705358943047
2462963.5,2463241.36440678,2031-04-07 00:00:00.000,2032-01-09 20:44:44.746,277.86440677966107,14.234324494862438,7.229701409156267,7.004623085706171
2462963.5,2463259.8220338984,2031-04-07 00:00:00.000,2032-01-28 07:43:43.729,296.3220338983051,13.591198311024112,6.128053979920341,7.463144331103772
2462963.5,2463278.279661017,2031-04-07 00:00:00.000,2032-02-15 18:42:42.712,314.77966101694915,9.738964849422258,3.4220455956338443,6.316919253788414
2462963.5,2463296.737288136,2031-04-07 00:00:00.000,2032-03-05 05:41:41.695,333.23728813559325,9.510749197042168,3.1012066126312714,6.409542584410897
2462963.5,2463315.194915254,2031-04-07 00:00:00.000,2032-03-23 16:40:40.678,351.69491525423734,9.76264713029441,3.1760655457401987,6.586581584554211
2462963.5,2463333.6525423727,2031-04-07 00:00:00.000,2032-04-11 03:39:39.661,370.1525423728814,10.32874048039539,3.5372741028029453,6.791466377592445
2462963.5,2463352.110169492,2031-04-07 00:00:00.000,2032-04-29 14:38:38.644,388.6101694915254,11.147679292634567,4.1269733087218885,7.02070598391268
2462963.5,2463370.5677966103,2031-04-07 00:00:00.000,2032-05-18 01:37:37.627,407.0677966101695,12.174742888227218,4.89452335136385,7.280219536863369
2462963.5,2463389.025423729,2031-04-07 00:00:00.000,2032-06-05 12:36:36.610,425.5254237288136,13.38769138211411,5.808188847458412,7.579502534655697
2462963.5,2463407.4830508474,2031-04-07 00:00:00.000,2032-06-23 23:35:35.593,443.98305084745766,14.7865683954805,6.855733455986091,7.93083493949441
2462963.5,2463425.940677966,2031-04-07 00:00:00.000,2032-07-12 10:34:34.576,462.4406779661017,16.390782125770897,8.040854820136564,8.349927305634335
2462963.5,2463444.398305085,2031-04-07 00:00:00.000,2032-07-30 21:33:33.559,480.8983050847458,18.238226728326723,9.380980351392882,8.857246376933839
2462964.5,2463057.7881355933,2031-04-08 00:00:00.000,2031-07-10 06:54:54.915,93.28813559322036,19.532530433716307,10.264767048842668,9.26776338487364
2462964.5,2463076.245762712,2031-04-08 00:00:00.000,2031-07-28 17:53:53.898,111.74576271186442,16.46368511822456,9.415811642854898,7.047873475369665
2462964.5,2463094.7033898304,2031-04-08 00:00:00.000,2031-08-16 04:52:52.881,130.20338983050848,14.481643665112983,8.812894521528724,5.66874914358426
2462964.5,2463113.161016949,2031-04-08 00:00:00.000,2031-09-03 15:51:51.864,148.66101694915255,13.20926388865993,8.286490633344439,4.922773255315492
2462964.5,2463131.618644068,2031-04-08 00:00:00.000,2031-09-22 02:50:50.847,167.11864406779662,12.40719494820226,7.768577693264566,4.638617254937692
2462964.5,2463150.0762711866,2031-04-08 00:00:00.000,2031-10-10 13:49:49.831,185.5762711864407,11.885399294094334,7.236066322559081,4.649332971535254
2462964.5,2463168.533898305,2031-04-08 00:00:00.000,2031-10-29 00:48:48.814,204.0338983050848,11.50742942545178,6.6885712023623975,4.818858223089383
2462964.5,2463186.991525424,2031-04-08 00:00:00.000,2031-11-16 11:47:47.797,222.49152542372883,11.203712760346162,6.142659577087151,5.061053183259012
2462964.5,2463205.4491525423,2031-04-08 00:00:00.000,2031-12-04 22:46:46.780,240.9491525423729,10.981690396384185,5.643966680520313,5.337723715863873
2462964.5,2463223.906779661,2031-04-08 00:00:00.000,2031-12-23 09:45:45.763,259.40677966101697,11.037141075721872,5.358283016782051,5.678858058939821
2462964.5,2463242.36440678,2031-04-08 00:00:00.000,2032-01-10 20:44:44.746,277.86440677966107,13.769689823850086,6.923274880947083,6.846414942903002
2462964.5,2463260.8220338984,2031-04-08 00:00:00.000,2032-01-29 07:43:43.729,296.3220338983051,13.97446221785678,6.361342102892169,7.613120114964611
2462964.5,2463279.279661017,2031-04-08 00:00:00.000,2032-02-16 18:42:42.712,314.77966101694915,9.778170928637966,3.443684931660129,6.334485996977836
2462964.5,2463297.737288136,2031-04-08 00:00:00.000,2032-03-06 05:41:41.695,333.23728813559325,9.537038573246075,3.116810986339852,6.420227586906224
2462964.5,2463316.194915254,2031-04-08 00:00:00.000,2032-03-24 16:40:40.678,351.69491525423734,9.773647585993782,3.182594179740098,6.591053406253684
2462964.5,2463334.6525423727,2031-04-08 00:00:00.000,2032-04-12 03:39:39.661,370.1525423728814,10.322375978804171,3.532888220571893,6.789487758232279
2462964.5,2463353.110169492,2031-04-08 00:00:00.000,2032-04-30 14:38:38.644,388.6101694915254,11.123742426843943,4.1117038949369,7.012038531907043
2462964.5,2463371.5677966103,2031-04-08 00:00:00.000,2032-05-19 01:37:37.627,407.0677966101695,12.133230022496122,4.8686864827179415,7.26454353977818
2462964.5,2463390.025423729,2031-04-08 00:00:00.000,2032-06-06 12:36:36.610,425.5254237288136,13.327913172489604,5.771575693436589,7.556337479053015
2462964.5,2463408.4830508474,2031-04-08 00:00:00.000,2032-06-24 23:35:35.593,443.98305084745766,14.70688779028886,6.807418854768494,7.899468935520367
2462964.5,2463426.940677966,2031-04-08 00:00:00.000,2032-07-13 10:34:34.576,462.4406779661017,16.288505095514104,7.97916908589572,8.309336009618384
2462964.5,2463445.398305085,2031-04-08 00:00:00.000,2032-07-31 21:33:33.559,480.8983050847458,18.10942375806973,9.303443364878625,8.80598039319111
2462965.5,2463058.7881355933,2031-04-09 00:00:00.000,2031-07-11 06:54:54.915,93.28813559322036,19.600366923484188,10.414456178329184,9.185910745155006
2462965.5,2463077.245762712,2031-04-09 00:00:00.000,2031-07-29 17:53:53.898,111.74576271186442,16.558131733960973,9.553872184558028,7.0042595494029465
2462965.5,2463095.7033898304,2031-04-09 00:00:00.000,2031-08-17 04:52:52.881,130.20338983050848,14.596293313165482,8.935483830141843,5.660809483023638
2462965.5,2463114.161016949,2031-04-09 00:00:00.000,2031-09-04 15:51:51.864,148.66101694915255,13.338422953283418,8.393388098113993,4.945034855169425
2462965.5,2463132.618644068,2031-04-09 00:00:00.000,2031-09-23 02:50:50.847,167.11864406779662,12.542082429353073,7.860839728079549,4.681242701273522
2462965.5,2463151.0762711866,2031-04-09 00:00:00.000,2031-10-11 13:49:49.831,185.5762711864407,12.016554439806512,7.315030366723215,4.701524073083297
2462965.5,2463169.533898305,2031-04-09 00:00:00.000,2031-10-30 00:48:48.814,204.0338983050848,11.627706047824876,6.755334550558736,4.872371497266139
2462965.5,2463187.991525424,2031-04-09 00:00:00.000,2031-11-17 11:47:47.797,222.49152542372883,11.308040038870026,6.197446435065624,5.110593603804402
2462965.5,2463206.4491525423,2031-04-09 00:00:00.000,2031-12-05 22:46:46.780,240.9491525423729,11.063382911603078,5.684160984477594,5.379221927125483
2462965.5,2463224.906779661,2031-04-09 00:00:00.000,2031-12-24 09:45:45.763,259.40677966101697,11.070341112972944,5.366908860759559,5.703432252213385
2462965.5,2463243.36440678,2031-04-09 00:00:00.000,2032-01-11 20:44:44.746,277.86440677966107,13.378598652071506,6.660538997463972,6.718059654607534
2462965.5,2463261.8220338984,2031-04-09 00:00:00.000,2032-01-30 07:43:43.729,296.3220338983051,14.419659961231616,6.632551894936353,7.7871080662952625
2462965.5,2463280.279661017,2031-04-09 00:00:00.000,2032-02-17 18:42:42.712,314.77966101694915,9.816949802931331,3.4651096467458435,6.351840156185489
2462965.5,2463298.737288136,2031-04-09 00:00:00.000,2032-03-07 05:41:41.695,333.23728813559325,9.56313239726055,3.132351142154843,6.430781255105706
2462965.5,2463317.194915254,2031-04-09 00:00:00.000,2032-03-25 16:40:40.678,351.69491525423734,9.784510112874008,3.1890608967168608,6.595449216157147
2462965.5,2463335.6525423727,2031-04-09 00:00:00.000,2032-04-13 03:39:39.661,370.1525423728814,10.315865657706771,3.5283851230028627,6.78748053470391
2462965.5,2463354.110169492,2031-04-09 00:00:00.000,2032-05-01 14:38:38.644,388.6101694915254,11.099659341746648,4.096263214995978,7.003396126750671
2462965.5,2463372.5677966103,2031-04-09 00:00:00.000,2032-05-20 01:37:37.627,407.0677966101695,12.091621199099867,4.842663319251982,7.248957879847887
2462965.5,2463391.025423729,2031-04-09 00:00:00.000,2032-06-07 12:36:36.610,425.5254237288136,13.268157441633294,5.734813849543331,7.533343592089963
2462965.5,2463409.4830508474,2031-04-09 00:00:00.000,2032-06-25 23:35:35.593,443.98305084745766,14.627425973689505,6.759050097567844,7.868375876121662
2462965.5,2463427.940677966,2031-04-09 00:00:00.000,2032-07-14 10:34:34.576,462.4406779661017,16.186733936400717,7.917586703054642,8.269147233346075
2462965.5,2463446.398305085,2031-04-09 00:00:00.000,2032-08-01 21:33:33.559,480.8983050847458,17.98152652026498,9.22624224531569,8.75528427494929
2462966.5,2463059.7881355933,2031-04-10 00:00:00.000,2031-07-12 06:54:54.915,93.28813559322036,19.673814467603144,10.565575767189726,9.108238700413416
2462966.5,2463078.245762712,2031-04-10 00:00:00.000,2031-07-30 17:53:53.898,111.74576271186442,16.657377935991132,9.692583754097049,6.964794181894083
2462966.5,2463096.7033898304,2031-04-10 00:00:00.000,2031-08-18 04:52:52.881,130.20338983050848,14.71515443560975,9.058386535623896,5.656767899985853
2462966.5,2463115.161016949,2031-04-10 00:00:00.000,2031-09-05 15:51:51.864,148.66101694915255,13.470925260244622,8.500459884667455,4.970465375577167
2462966.5,2463133.618644068,2031-04-10 00:00:00.000,2031-09-24 02:50:50.847,167.11864406779662,12.679254536379156,7.953225842128238,4.726028694250917
2462966.5,2463152.0762711866,2031-04-10 00:00:00.000,2031-10-12 13:49:49.831,185.5762711864407,12.149121110384268,7.394113340863483,4.755007769520784
2462966.5,2463170.533898305,2031-04-10 00:00:00.000,2031-10-31 00:48:48.814,204.0338983050848,11.748868254708782,6.822248197403294,4.926620057305489
2462966.5,2463188.991525424,2031-04-10 00:00:00.000,2031-11-18 11:47:47.797,222.49152542372883,11.41307161060788,6.252483023424351,5.160588587183529
2462966.5,2463207.4491525423,2031-04-10 00:00:00.000,2031-12-06 22:46:46.780,240.9491525423729,11.146113614655864,5.724944621150073,5.421168993505789
2462966.5,2463225.906779661,2031-04-10 00:00:00.000,2031-12-25 09:45:45.763,259.40677966101697,11.107241525099733,5.377931986898783,5.729309538200948
2462966.5,2463244.36440678,2031-04-10 00:00:00.000,2032-01-12 20:44:44.746,277.86440677966107,13.049487707518908,6.435095587048572,6.614392120470334
2462966.5,2463262.8220338984,2031-04-10 00:00:00.000,2032-01-31 07:43:43.729,296.3220338983051,14.945001755552129,6.952591709970831,7.992410045581298
2462966.5,2463281.279661017,2031-04-10 00:00:00.000,2032-02-18 18:42:42.712,314.77966101694915,9.855377066192927,3.486397409260166,6.368979656932762
2462966.5,2463299.737288136,2031-04-10 00:00:00.000,2032-03-08 05:41:41.695,333.23728813559325,9.589088479012611,3.1478807495023884,6.441207729510224
2462966.5,2463318.194915254,2031-04-10 00:00:00.000,2032-03-26 16:40:40.678,351.69491525423734,9.795243187010922,3.1954691387556,6.599774048255321
2462966.5,2463336.6525423727,2031-04-10 00:00:00.000,2032-04-14 03:39:39.661,370.1525423728814,10.30917007743317,3.5237204579226336,6.785449619510535
2462966.5,2463355.110169492,2031-04-10 00:00:00.000,2032-05-02 14:38:38.644,388.6101694915254,11.075352959083338,4.080569719236278,6.99478323984706
2462966.5,2463373.5677966103,2031-04-10 00:00:00.000,2032-05-21 01:37:37.627,407.0677966101695,12.04981225909874,4.816345975114169,7.233466283984572
2462966.5,2463392.025423729,2031-04-10 00:00:00.000,2032-06-08 12:36:36.610,425.5254237288136,13.208300600458823,5.697777132660944,7.510523467797881
2462966.5,2463410.4830508474,2031-04-10 00:00:00.000,2032-06-26 23:35:35.593,443.98305084745766,14.548044374714111,6.710487690217679,7.837556684496432
2462966.5,2463428.940677966,2031-04-10 00:00:00.000,2032-07-15 10:34:34.576,462.4406779661017,16.085316926612684,7.855957451025123,8.229359475587563
2462966.5,2463447.398305085,2031-04-10 00:00:00.000,2032-08-02 21:33:33.559,480.8983050847458,17.85436986095437,9.149216816003063,8.705153044951304
2462966.5,2463465.855932204,2031-04-10 00:00:00.000,2032-08-21 08:32:32.542,499.3559322033899,19.909431671421256,10.618816557091137,9.29061511433012
2462967.5,2463060.7881355933,2031-04-11 00:00:00.000,2031-07-13 06:54:54.915,93.28813559322036,19.753065526481283,10.718224139610951,9.03484138687033
2462967.5,2463079.245762712,2031-04-11 00:00:00.000,2031-07-31 17:53:53.898,111.74576271186442,16.761619449955283,9.832081813688228,6.929537636267056
2462967.5,2463097.7033898304,2031-04-11 00:00:00.000,2031-08-19 04:52:52.881,130.20338983050848,14.838379711138222,9.181756110534211,5.656623600604009
2462967.5,2463116.161016949,2031-04-11 00:00:00.000,2031-09-06 15:51:51.864,148.66101694915255,13.60687593611108,8.60786813847233,4.999007797638751
2462967.5,2463134.618644068,2031-04-11 00:00:00.000,2031-09-25 02:50:50.847,167.11864406779662,12.818808739820843,8.04590274162466,4.772905998196184
2462967.5,2463153.0762711866,2031-04-11 00:00:00.000,2031-10-13 13:49:49.831,185.5762711864407,12.283217291672337,7.47348438980338,4.809732901868958
2462967.5,2463171.533898305,2031-04-11 00:00:00.000,2031-11-01 00:48:48.814,204.0338983050848,11.87105402996163,6.889481686417245,4.981572343544386
2462967.5,2463189.991525424,2031-04-11 00:00:00.000,2031-11-19 11:47:47.797,222.49152542372883,11.51895202175618,6.307934858583947,5.211017163172233
2462967.5,2463208.4491525423,2031-04-11 00:00:00.000,2031-12-07 22:46:46.780,240.9491525423729,11.23000192689645,5.76646198106458,5.463539945831871
2462967.5,2463226.906779661,2031-04-11 00:00:00.000,2031-12-26 09:45:45.763,259.40677966101697,11.147731152534783,5.391348077689761,5.756383074845023
2462967.5,2463245.36440678,2031-04-11 00:00:00.000,2032-01-13 20:44:44.746,277.86440677966107,12.772972857200548,6.241729673894582,6.531243183305966
2462967.5,2463263.8220338984,2031-04-11 00:00:00.000,2032-02-01 07:43:43.729,296.3220338983051,15.576098363398808,7.336700114346071,8.239398249052737
2462967.5,2463282.279661017,2031-04-11 00:00:00.000,2032-02-19 18:42:42.712,314.77966101694915,9.893578574235637,3.507675503622385,6.385903070613253
2462967.5,2463300.737288136,2031-04-11 00:00:00.000,2032-03-09 05:41:41.695,333.23728813559325,9.615025323795376,3.163512835276963,6.4515124885184125
2462967.5,2463319.194915254,2031-04-11 00:00:00.000,2032-03-27 16:40:40.678,351.69491525423734,9.805917614417066,3.201883337292296,6.604034277124769
2462967.5,2463337.6525423727,2031-04-11 00:00:00.000,2032-04-15 03:39:39.661,370.1525423728814,10.302307633884624,3.5189063808709635,6.783401253013661
2462967.5,2463356.110169492,2031-04-11 00:00:00.000,2032-05-03 14:38:38.644,388.6101694915254,11.0507963611734,4.064590684309105,6.986205676864295
2462967.5,2463374.5677966103,2031-04-11 00:00:00.000,2032-05-22 01:37:37.627,407.0677966101695,12.00774120811784,4.789667372493977,7.218073835623862
2462967.5,2463393.025423729,2031-04-11 00:00:00.000,2032-06-09 12:36:36.610,425.5254237288136,13.1482541329941,5.660373029964679,7.487881103029422
2462967.5,2463411.4830508474,2031-04-11 00:00:00.000,2032-06-27 23:35:35.593,443.98305084745766,14.46863349134652,6.6616197371309225,7.807013754215596
2462967.5,2463429.940677966,2031-04-11 00:00:00.000,2032-07-16 10:34:34.576,462.4406779661017,15.984126350763823,7.794153543197905,8.189972807565917
2462967.5,2463448.398305085,2031-04-11 00:00:00.000,2032-08-03 21:33:33.559,480.8983050847458,17.727808310254005,9.072224864354927,8.655583445899076
2462967.5,2463466.855932204,2031-04-11 00:00:00.000,2032-08-22 08:32:32.542,499.3559322033899,19.752448103007104,10.523465395835816,9.228982707171289
2462968.5,2463061.7881355933,2031-04-12 00:00:00.000,2031-07-14 06:54:54.915,93.28813559322036,19.83829636751122,10.872485166240686,8.965811201270531
2462968.5,2463080.245762712,2031-04-12 00:00:00.000,2031-08-01 17:53:53.898,111.74576271186442,16.871029059341925,9.972484351160237,6.89854470818169
2462968.5,2463098.7033898304,2031-04-12 00:00:00.000,2031-08-20 04:52:52.881,130.20338983050848,14.96609642873873,9.305727887491996,5.660368541246735
2462968.5,2463117.161016949,2031-04-12 00:00:00.000,2031-09-07 15:51:51.864,148.66101694915255,13.746359061306231,8.715757731373259,5.030601329932973
2462968.5,2463135.618644068,2031-04-12 00:00:00.000,2031-09-26 02:50:50.847,167.11864406779662,12.960827793557293,8.139021687825117,4.821806105732175
2462968.5,2463154.0762711866,2031-04-12 00:00:00.000,2031-10-14 13:49:49.831,185.5762711864407,12.418950294384231,7.553299765990186,4.865650528394045
2462968.5,2463172.533898305,2031-04-12 00:00:00.000,2031-11-02 00:48:48.814,204.0338983050848,11.994393783704826,6.95719493167354,5.037198852031287
2462968.5,2463190.991525424,2031-04-12 00:00:00.000,2031-11-20 11:47:47.797,222.49152542372883,11.625822207022196,6.363962033450193,5.2618601735720025
2462968.5,2463209.4491525423,2031-04-12 00:00:00.000,2031-12-08 22:46:46.780,240.9491525423729,11.315170423412027,5.808858265622928,5.506312157789099
2462968.5,2463227.906779661,2031-04-12 00:00:00.000,2031-12-27 09:45:45.763,259.40677966101697,11.191728776844828,5.407172325640124,5.784556451204704
2462968.5,2463246.36440678,2031-04-12 00:00:00.000,2032-01-14 20:44:44.746,277.86440677966107,12.541383047596966,6.07615531837028,6.465227729226687
2462968.5,2463264.8220338984,2031-04-12 00:00:00.000,2032-02-02 07:43:43.729,296.3220338983051,16.349955713756277,7.80673041384144,8.543225299914837
2462968.5,2463283.279661017,2031-04-12 00:00:00.000,2032-02-20 18:42:42.712,314.77966101694915,9.931718315700394,3.529108887196529,6.402609428503864
2462968.5,2463301.737288136,2031-04-12 00:00:00.000,2032-03-10 05:41:41.695,333.23728813559325,9.64111399768892,3.179411760860171,6.46170223682875
2462968.5,2463320.194915254,2031-04-12 00:00:00.000,2032-03-28 16:40:40.678,351.69491525423734,9.81666462565322,3.208427121278542,6.608237504374677
2462968.5,2463338.6525423727,2031-04-12 00:00:00.000,2032-04-16 03:39:39.661,370.1525423728814,10.295358912503724,3.5140160158324263,6.7813428966712985
2462968.5,2463357.110169492,2031-04-12 00:00:00.000,2032-05-04 14:38:38.644,388.6101694915254,11.026021889378782,4.048351407195301,6.977670482183482
2462968.5,2463375.5677966103,2031-04-12 00:00:00.000,2032-05-23 01:37:37.627,407.0677966101695,11.965400491622136,4.762613599454213,7.202786892167924
2462968.5,2463394.025423729,2031-04-12 00:00:00.000,2032-06-10 12:36:36.610,425.5254237288136,13.087978965688222,5.622557136830398,7.465421828857825
2462968.5,2463412.4830508474,2031-04-12 00:00:00.000,2032-06-28 23:35:35.593,443.98305084745766,14.389128688235942,6.612377792421805,7.776750895814138
2462968.5,2463430.940677966,2031-04-12 00:00:00.000,2032-07-17 10:34:34.576,462.4406779661017,15.8830753212865,7.732086485574567,8.150988835711933
2462968.5,2463449.398305085,2031-04-12 00:00:00.000,2032-08-04 21:33:33.559,480.8983050847458,17.6017336767946,8.995159755449219,8.60657392134538
2462968.5,2463467.855932204,2031-04-12 00:00:00.000,2032-08-23 08:32:32.542,499.3559322033899,19.59644060531828,10.4283252102069,9.168115395111377
2462969.5,2463062.7881355933,2031-04-13 00:00:00.000,2031-07-15 06:54:54.915,93.28813559322036,19.92964682511716,11.028408616188452,8.901238208928705
2462969.5,2463081.245762712,2031-04-13 00:00:00.000,2031-08-02 17:53:53.898,111.74576271186442,16.985737736055725,10.113873606275304,6.871864129780418
2462969.5,2463099.7033898304,2031-04-13 00:00:00.000,2031-08-21 04:52:52.881,130.20338983050848,15.09838883003567,9.43040152598625,5.667987304049421
2462969.5,2463118.161016949,2031-04-13 00:00:00.000,2031-09-08 15:51:51.864,148.66101694915255,13.889420663033192,8.824239013997781,5.06518164903541
2462969.5,2463136.618644068,2031-04-13 00:00:00.000,2031-09-27 02:50:50.847,167.11864406779662,13.10536246248278,8.232701245336989,4.872661217145792
2462969.5,2463155.0762711866,2031-04-13 00:00:00.000,2031-10-15 13:49:49.831,185.5762711864407,12.556399023185175,7.6336853948613665,4.922713628323809
2462969.5,2463173.533898305,2031-04-13 00:00:00.000,2031-11-03 00:48:48.814,204.0338983050848,12.11899226479407,7.025520500037147,5.093471764756922
2462969.5,2463191.991525424,2031-04-13 00:00:00.000,2031-11-21 11:47:47.797,222.49152542372883,11.733801096398954,6.420701191660373,5.313099904738581
2462969.5,2463210.4491525423,2031-04-13 00:00:00.000,2031-12-09 22:46:46.780,240.9491525423729,11.401726180582768,5.852261224079234,5.549464956503533
2462969.5,2463228.906779661,2031-04-13 00:00:00.000,2031-12-28 09:45:45.763,259.40677966101697,11.239163090146189,5.425420576612595,5.813742513533595
2462969.5,2463247.36440678,2031-04-13 00:00:00.000,2032-01-15 20:44:44.746,277.86440677966107,12.348399705523246,5.934817420738734,6.413582284784511
2462969.5,2463265.8220338984,2031-04-13 00:00:00.000,2032-02-03 07:43:43.729,296.3220338983051,17.321796206674577,8.395033601558305,8.92676260511627
2462969.5,2463284.279661017,2031-04-13 00:00:00.000,2032-02-21 18:42:42.712,314.77966101694915,9.96997995514048,3.5508820336108853,6.419097921529594
2462969.5,2463302.737288136,2031-04-13 00:00:00.000,2032-03-11 05:41:41.695,333.23728813559325,9.66756148727315,3.1957768158250173,6.471784671448133
2462969.5,2463321.194915254,2031-04-13 00:00:00.000,2032-03-29 16:40:40.678,351.69491525423734,9.827664095975097,3.2152717814618685,6.612392314513227
2462969.5,2463339.6525423727,2031-04-13 00:00:00.000,2032-04-17 03:39:39.661,370.1525423728814,10.288460897518974,3.5091779070697977,6.779282990449175
2462969.5,2463358.110169492,2031-04-13 00:00:00.000,2032-05-05 14:38:38.644,388.6101694915254,11.001120597113466,4.031934894527743,6.969185702585723
2462969.5,2463376.5677966103,2031-04-13 00:00:00.000,2032-05-24 01:37:37.627,407.0677966101695,11.922840403013922,4.735227546625784,7.187612856388137
2462969.5,2463395.025423729,2031-04-13 00:00:00.000,2032-06-11 12:36:36.610,425.5254237288136,13.027491768818702,5.584339679093638,7.443152089725063
2462969.5,2463413.4830508474,2031-04-13 00:00:00.000,2032-06-29 23:35:35.593,443.98305084745766,14.30951866569348,6.5627455417847385,7.746773123908741
2462969.5,2463431.940677966,2031-04-13 00:00:00.000,2032-07-18 10:34:34.576,462.4406779661017,15.78212794011509,7.66971744385949,8.1124104962556
2462969.5,2463450.398305085,2031-04-13 00:00:00.000,2032-08-05 21:33:33.559,480.8983050847458,17.476086593522254,8.917962175679842,8.558124417842414
2462969.5,2463468.855932204,2031-04-13 00:00:00.000,2032-08-24 08:32:32.542,499.3559322033899,19.441325338187877,10.333316493325476,9.1080088448624
2462970.5,2463082.245762712,2031-04-14 00:00:00.000,2031-08-03 17:53:53.898,111.74576271186442,17.105822954141697,10.256285118111544,6.849537836030153
2462970.5,2463100.7033898304,2031-04-14 00:00:00.000,2031-08-22 04:52:52.881,130.20338983050848,15.235287460418682,9.55583055366903,5.679456906749652
2462970.5,2463119.161016949,2031-04-14 00:00:00.000,2031-09-09 15:51:51.864,148.66101694915255,14.036058402907456,8.933377364246335,5.102681038661123
2462970.5,2463137.618644068,2031-04-14 00:00:00.000,2031-09-28 02:50:50.847,167.11864406779662,13.25242062449406,8.327016516278798,4.925404108215264
2462970.5,2463156.0762711866,2031-04-14 00:00:00.000,2031-10-16 13:49:49.831,185.5762711864407,12.695602295409902,7.714725569243472,4.9808767261664295
2462970.5,2463174.533898305,2031-04-14 00:00:00.000,2031-11-04 00:48:48.814,204.0338983050848,12.244916110919574,7.094551593742079,5.150364517177495
2462970.5,2463192.991525424,2031-04-14 00:00:00.000,2031-11-22 11:47:47.797,222.49152542372883,11.842972316318903,6.478252657624996,5.364719658693909
2462970.5,2463211.4491525423,2031-04-14 00:00:00.000,2031-12-10 22:46:46.780,240.9491525423729,11.489746460808083,5.896767294074572,5.592979166733515
2462970.5,2463229.906779661,2031-04-14 00:00:00.000,2031-12-29 09:45:45.763,259.40677966101697,11.289955883416132,5.446093694867615,5.843862188548517
2462970.5,2463248.36440678,2031-04-14 00:00:00.000,2032-01-16 20:44:44.746,277.86440677966107,12.18877572414655,5.814736442720792,6.374039281425758
2462970.5,2463266.8220338984,2031-04-14 00:00:00.000,2032-02-04 07:43:43.729,296.3220338983051,18.577258641663946,9.15137369145211,9.425884950211834
2462970.5,2463285.279661017,2031-04-14 00:00:00.000,2032-02-22 18:42:42.712,314.77966101694915,10.008546830354865,3.5731793020202764,6.435367528334587
2462970.5,2463303.737288136,2031-04-14 00:00:00.000,2032-03-12 05:41:41.695,333.23728813559325,9.694590130914545,3.2128219593765457,6.481768171538
2462970.5,2463322.194915254,2031-04-14 00:00:00.000,2032-03-30 16:40:40.678,351.69491525423734,9.839126478090172,3.222618531673949,6.616507946416224
2462970.5,2463340.6525423727,2031-04-14 00:00:00.000,2032-04-18 03:39:39.661,370.1525423728814,10.281793315275133,3.5045626954270888,6.777230619848043
2462970.5,2463359.110169492,2031-04-14 00:00:00.000,2032-05-06 14:38:38.644,388.6101694915254,10.97623312745266,4.015473072856922,6.960760054595738
2462970.5,2463377.5677966103,2031-04-14 00:00:00.000,2032-05-25 01:37:37.627,407.0677966101695,11.880163733333143,4.707603888203724,7.172559845129422
2462970.5,2463396.025423729,2031-04-14 00:00:00.000,2032-06-12 12:36:36.610,425.5254237288136,12.966862560871364,5.545783448246939,7.421079112624423
2462970.5,2463414.4830508474,2031-04-14 00:00:00.000,2032-06-30 23:35:35.593,443.98305084745766,14.22984539550463,6.512759069421895,7.717086326082735
2462970.5,2463432.940677966,2031-04-14 00:00:00.000,2032-07-19 10:34:34.576,462.4406779661017,15.681301131980106,7.607059410109799,8.074241721870306
2462970.5,2463451.398305085,2031-04-14 00:00:00.000,2032-08-06 21:33:33.559,480.8983050847458,17.35085995616363,8.840623908702755,8.510236047460875
2462970.5,2463469.855932204,2031-04-14 00:00:00.000,2032-08-25 08:32:32.542,499.3559322033899,19.28707017965211,10.238410064222142,9.048660115429966
2462971.5,2463083.245762712,2031-04-15 00:00:00.000,2031-08-04 17:53:53.898,111.74576271186442,17.231304946769306,10.399704789690944,6.831600157078364
2462971.5,2463101.7033898304,2031-04-15 00:00:00.000,2031-08-23 04:52:52.881,130.20338983050848,15.376766239331126,9.68201963308473,5.694746606246395
2462971.5,2463120.161016949,2031-04-15 00:00:00.000,2031-09-10 15:51:51.864,148.66101694915255,14.186218727856405,9.043190240485709,5.143028487370696
2462971.5,2463138.618644068,2031-04-15 00:00:00.000,2031-09-29 02:50:50.847,167.11864406779662,13.401963653360088,8.421995697666398,4.979967955693691
2462971.5,2463157.0762711866,2031-04-15 00:00:00.000,2031-10-17 13:49:49.831,185.5762711864407,12.836554300148403,7.796458794417098,5.040095505731305
2462971.5,2463175.533898305,2031-04-15 00:00:00.000,2031-11-05 00:48:48.814,204.0338983050848,12.372188358063235,7.16433698862324,5.207851369439996
2462971.5,2463193.991525424,2031-04-15 00:00:00.000,2031-11-23 11:47:47.797,222.49152542372883,11.953377588387529,6.536674260948374,5.416703327439154
2462971.5,2463212.4491525423,2031-04-15 00:00:00.000,2031-12-11 22:46:46.780,240.9491525423729,11.579270674649642,5.942434022350694,5.636836652298947
2462971.5,2463230.906779661,2031-04-15 00:00:00.000,2031-12-30 09:45:45.763,259.40677966101697,11.344010794260136,5.469167433570163,5.874843360689972
2462971.5,2463249.36440678,2031-04-15 00:00:00.000,2032-01-17 20:44:44.746,277.86440677966107,12.0581163066158,5.713387407297207,6.344728899318593
2462971.5,2463286.279661017,2031-04-15 00:00:00.000,2032-02-23 18:42:42.712,314.77966101694915,10.047584647921376,3.5961680270672294,6.451416620854147
2462971.5,2463304.737288136,2031-04-15 00:00:00.000,2032-03-13 05:41:41.695,333.23728813559325,9.722417945359062,3.230756477269034,6.491661468090029
2462971.5,2463323.194915254,2031-04-15 00:00:00.000,2032-03-31 16:40:40.678,351.69491525423734,9.851273198617712,3.2306792608710824,6.62059393774663
2462971.5,2463341.6525423727,2031-04-15 00:00:00.000,2032-04-19 03:39:39.661,370.1525423728814,10.27556130797056,3.5003661574309213,6.775195150539637
2462971.5,2463360.110169492,2031-04-15 00:00:00.000,2032-05-07 14:38:38.644,388.6101694915254,10.951535485885424,3.9991329319416624,6.952402553943762
2462971.5,2463378.5677966103,2031-04-15 00:00:00.000,2032-05-26 01:37:37.627,407.0677966101695,11.8375144461474,4.679878131832377,7.157636314315022
2462971.5,2463397.025423729,2031-04-15 00:00:00.000,2032-06-13 12:36:36.610,425.5254237288136,12.906205810483849,5.5069952844296655,7.3992105260541825
2462971.5,2463415.4830508474,2031-04-15 00:00:00.000,2032-07-01 23:35:35.593,443.98305084745766,14.15019722127555,6.462500347012666,7.687696874262883
2462971.5,2463433.940677966,2031-04-15 00:00:00.000,2032-07-20 10:34:34.576,462.4406779661017,15.580659421283784,7.544172378862226,8.036487042421559
2462971.5,2463452.398305085,2031-04-15 00:00:00.000,2032-08-07 21:33:33.559,480.8983050847458,17.22609515100864,8.763184476587778,8.462910674420861
2462971.5,2463470.855932204,2031-04-15 00:00:00.000,2032-08-26 08:32:32.542,499.3559322033899,19.13369225470735,10.143625027903033,8.990067226804316
2462972.5,2463084.245762712,2031-04-16 00:00:00.000,2031-08-05 17:53:53.898,111.74576271186442,17.362149148000004,10.54407213578459,6.818077012215414
2462972.5,2463102.7033898304,2031-04-16 00:00:00.000,2031-08-24 04:52:52.881,130.20338983050848,15.522745513424454,9.808927757405938,5.713817756018517
2462972.5,2463121.161016949,2031-04-16 00:00:00.000,2031-09-11 15:51:51.864,148.66101694915255,14.339799832990142,9.153650034943976,5.1861497980461655
2462972.5,2463139.618644068,2031-04-16 00:00:00.000,2031-09-30 02:50:50.847,167.11864406779662,13.553908565756334,8.517622389741687,5.036286176014646
2462972.5,2463158.0762711866,2031-04-16 00:00:00.000,2031-10-18 13:49:49.831,185.5762711864407,12.979205847057376,7.878879381268395,5.100326465788982
2462972.5,2463176.533898305,2031-04-16 00:00:00.000,2031-11-06 00:48:48.814,204.0338983050848,12.500788767149375,7.23488173713579,5.265907030013588
2462972.5,2463194.991525424,2031-04-16 00:00:00.000,2031-11-24 11:47:47.797,222.49152542372883,12.06501594907219,6.595980930788892,5.469035018283298
2462972.5,2463213.4491525423,2031-04-16 00:00:00.000,2031-12-12 22:46:46.780,240.9491525423729,11.670298095519758,5.989278191924927,5.68101990359483
2462972.5,2463231.906779661,2031-04-16 00:00:00.000,2031-12-31 09:45:45.763,259.40677966101697,11.401207613875108,5.494587763488664,5.906619850386443
2462972.5,2463250.36440678,2031-04-16 00:00:00.000,2032-01-18 20:44:44.746,277.86440677966107,11.952708246492872,5.628606320576793,6.324101925916078
2462972.5,2463287.279661017,2031-04-16 00:00:00.000,2032-02-24 18:42:42.712,314.77966101694915,10.087228982722705,3.619986396942097,6.467242585780609
2462972.5,2463305.737288136,2031-04-16 00:00:00.000,2032-03-14 05:41:41.695,333.23728813559325,9.751242878754844,3.2497695391403174,6.501473339614527
2462972.5,2463324.194915254,2031-04-16 00:00:00.000,2032-04-01 16:40:40.678,351.69491525423734,9.864319176557476,3.2396593861403966,6.62465979041708
2462972.5,2463342.6525423727,2031-04-16 00:00:00.000,2032-04-20 03:39:39.661,370.1525423728814,10.269978311255612,3.4967924310759924,6.773185880179619
2462972.5,2463361.110169492,2031-04-16 00:00:00.000,2032-05-08 14:38:38.644,388.6101694915254,10.9272235021966,3.9831013440518928,6.944122158144708
2462972.5,2463379.5677966103,2031-04-16 00:00:00.000,2032-05-27 01:37:37.627,407.0677966101695,11.795063969423715,4.652213276601766,7.142850692821951
2462972.5,2463398.025423729,2031-04-16 00:00:00.000,2032-06-14 12:36:36.610,425.5254237288136,12.84566839520412,5.468114412031397,7.377553983172723
2462972.5,2463416.4830508474,2031-04-16 00:00:00.000,2032-07-02 23:35:35.593,443.98305084745766,14.070698253806937,6.412087018585119,7.658611235221817
2462972.5,2463434.940677966,2031-04-16 00:00:00.000,2032-07-21 10:34:34.576,462.4406779661017,15.480305566929342,7.481154387785712,7.99915117914363
2462972.5,2463453.398305085,2031-04-16 00:00:00.000,2032-08-08 21:33:33.559,480.8983050847458,17.101873782299705,8.685723293857876,8.416150488441827
2462972.5,2463471.855932204,2031-04-16 00:00:00.000,2032-08-27 08:32:32.542,499.3559322033899,18.981250654525237,10.049021947180655,8.932228707344578
2462973.5,2463085.245762712,2031-04-17 00:00:00.000,2031-08-06 17:53:53.898,111.74576271186442,17.49827226139536,10.689287089069326,6.808985172326033
2462973.5,2463103.7033898304,2031-04-17 00:00:00.000,2031-08-25 04:52:52.881,130.20338983050848,15.673098587485695,9.936474825339856,5.736623762145841
2462973.5,2463122.161016949,2031-04-17 00:00:00.000,2031-09-12 15:51:51.864,148.66101694915255,14.49665799649144,9.264690253032551,5.231967743458888
2462973.5,2463140.618644068,2031-04-17 00:00:00.000,2031-10-01 02:50:50.847,167.11864406779662,13.708133570304977,8.613841260083637,5.09429231022134
2462973.5,2463159.0762711866,2031-04-17 00:00:00.000,2031-10-19 13:49:49.831,185.5762711864407,13.12346912686631,7.961942481616048,5.1615266452502615
2462973.5,2463177.533898305,2031-04-17 00:00:00.000,2031-11-07 00:48:48.814,204.0338983050848,12.630657795584114,7.306151439134842,5.324506356449272
2462973.5,2463195.991525424,2031-04-17 00:00:00.000,2031-11-25 11:47:47.797,222.49152542372883,12.177846762205576,6.656148007581921,5.521698754623654
2462973.5,2463214.4491525423,2031-04-17 00:00:00.000,2031-12-13 22:46:46.780,240.9491525423729,11.762789514921096,6.037277817349966,5.725511697571132
2462973.5,2463232.906779661,2031-04-17 00:00:00.000,2032-01-01 09:45:45.763,259.40677966101697,11.461400731839763,5.522270212216818,5.939130519622946
2462973.5,2463251.36440678,2031-04-17 00:00:00.000,2032-01-19 20:44:44.746,277.86440677966107,11.869386823763168,5.558518033573893,6.310868790189274
2462973.5,2463288.279661017,2031-04-17 00:00:00.000,2032-02-25 18:42:42.712,314.77966101694915,10.127577529238602,3.644736046961532,6.48284148227707
2462973.5,2463306.737288136,2031-04-17 00:00:00.000,2032-03-15 05:41:41.695,333.23728813559325,9.781231702192962,3.270019341127794,6.511212361065168
2462973.5,2463325.194915254,2031-04-17 00:00:00.000,2032-04-02 16:40:40.678,351.69491525423734,9.878458970517327,3.24974428462274,6.628714685894589
2462973.5,2463343.6525423727,2031-04-17 00:00:00.000,2032-04-21 03:39:39.661,370.1525423728814,10.265251224150743,3.494039486397699,6.771211737753046
2462973.5,2463362.110169492,2031-04-17 00:00:00.000,2032-05-09 14:38:38.644,388.6101694915254,10.90349840260666,3.967570948457941,6.935927454148719
2462973.5,2463380.5677966103,2031-04-17 00:00:00.000,2032-05-28 01:37:37.627,407.0677966101695,11.752997695628936,4.624786636684427,7.128211058944507
2462973.5,2463399.025423729,2031-04-17 00:00:00.000,2032-06-15 12:36:36.610,425.5254237288136,12.78541708885894,5.429300263968713,7.356116824890225
2462973.5,2463417.4830508474,2031-04-17 00:00:00.000,2032-07-03 23:35:35.593,443.98305084745766,13.991496765555198,6.361661147284067,7.629835618271131
2462973.5,2463435.940677966,2031-04-17 00:00:00.000,2032-07-22 10:34:34.576,462.4406779661017,15.380369764765344,7.418131091673288,7.962238673092055
2462973.5,2463454.398305085,2031-04-17 00:00:00.000,2032-08-09 21:33:33.559,480.8983050847458,16.97830759891466,8.608349989904514,8.369957609010145
2462973.5,2463472.855932204,2031-04-17 00:00:00.000,2032-08-28 08:32:32.542,499.3559322033899,18.829837025845144,9.954693857684507,8.875143168160637
2462974.5,2463086.245762712,2031-04-18 00:00:00.000,2031-08-07 17:53:53.898,111.74576271186442,17.639550145562026,10.83521850402403,6.804331641537995
2462974.5,2463104.7033898304,2031-04-18 00:00:00.000,2031-08-26 04:52:52.881,130.20338983050848,15.827659969694112,10.064549805150678,5.763110164543434
2462974.5,2463123.161016949,2031-04-18 00:00:00.000,2031-09-13 15:51:51.864,148.66101694915255,14.656615555073785,9.37621327015347,5.280402284920315
2462974.5,2463141.618644068,2031-04-18 00:00:00.000,2031-10-02 02:50:50.847,167.11864406779662,13.86448530867084,8.710565338465836,5.153919970205005
2462974.5,2463160.0762711866,2031-04-18 00:00:00.000,2031-10-20 13:49:49.831,185.5762711864407,13.2692242829141,8.045570854951778,5.22365342796232
2462974.5,2463178.533898305,2031-04-18 00:00:00.000,2031-11-08 00:48:48.814,204.0338983050848,12.761702524188347,7.3780783834971055,5.383624140691243
2462974.5,2463196.991525424,2031-04-18 00:00:00.000,2031-11-26 11:47:47.797,222.49152542372883,12.291794859667348,6.717116600120239,5.57467825954711
2462974.5,2463215.4491525423,2031-04-18 00:00:00.000,2031-12-14 22:46:46.780,240.9491525423729,11.856671235626704,6.086376396207912,5.770294839418789
2462974.5,2463233.906779661,2031-04-18 00:00:00.000,2032-01-02 09:45:45.763,259.40677966101697,11.524420285779453,5.552101772552178,5.972318513227274
2462974.5,2463252.36440678,2031-04-18 00:00:00.000,2032-01-20 20:44:44.746,277.86440677966107,11.805431811914746,5.501480667795786,6.30395114411896
2462974.5,2463289.279661017,2031-04-18 00:00:00.000,2032-02-26 18:42:42.712,314.77966101694915,10.168686093603846,3.670478351643181,6.498207741960664
2462974.5,2463307.737288136,2031-04-18 00:00:00.000,2032-03-16 05:41:41.695,333.23728813559325,9.81251289834876,3.291626180913448,6.520886717435311
2462974.5,2463326.194915254,2031-04-18 00:00:00.000,2032-04-03 16:40:40.678,351.69491525423734,9.893856446752734,3.2610891841727727,6.632767262579962
2462974.5,2463344.6525423727,2031-04-18 00:00:00.000,2032-04-22 03:39:39.661,370.1525423728814,10.26156824949006,3.4922872057011363,6.769281043788925
2462974.5,2463363.110169492,2031-04-18 00:00:00.000,2032-05-10 14:38:38.644,388.6101694915254,10.880554227328552,3.952727821684039,6.927826405644513
2462974.5,2463381.5677966103,2031-04-18 00:00:00.000,2032-05-29 01:37:37.627,407.0677966101695,11.711502677763336,4.597777802377767,7.113724875385568
2462974.5,2463400.025423729,2031-04-18 00:00:00.000,2032-06-16 12:36:36.610,425.5254237288136,12.725626747986034,5.390720947586737,7.334905800399298
2462974.5,2463418.4830508474,2031-04-18 00:00:00.000,2032-07-04 23:35:35.593,443.98305084745766,13.912753891696363,6.3113782122783535,7.601375679418011
2462974.5,2463436.940677966,2031-04-18 00:00:00.000,2032-07-23 10:34:34.576,462.4406779661017,15.280998832449423,7.355245263216277,7.925753569233148
2462974.5,2463455.398305085,2031-04-18 00:00:00.000,2032-08-10 21:33:33.559,480.8983050847458,16.85552812298382,8.531194378542336,8.324333744441484
2462974.5,2463473.855932204,2031-04-18 00:00:00.000,2032-08-29 08:32:32.542,499.3559322033899,18.679565608546746,9.86075667709995,8.818808931446796
2462975.5,2463087.245762712,2031-04-19 00:00:00.000,2031-08-08 17:53:53.898,111.74576271186442,17.785826843210533,10.98171364749849,6.804113195712042
2462975.5,2463105.7033898304,2031-04-19 00:00:00.000,2031-08-27 04:52:52.881,130.20338983050848,15.986234687682622,10.19301983004154,5.7932148576410825
2462975.5,2463124.161016949,2031-04-19 00:00:00.000,2031-09-14 15:51:51.864,148.66101694915255,14.819469893932704,9.488099032255146,5.331370861677559
2462975.5,2463142.618644068,2031-04-19 00:00:00.000,2031-10-03 02:50:50.847,167.11864406779662,14.022787166014629,8.807684313055868,5.215102852958759
2462975.5,2463161.0762711866,2031-04-19 00:00:00.000,2031-10-21 13:49:49.831,185.5762711864407,13.41632715844495,8.129662728611091,5.286664429833859
2462975.5,2463179.533898305,2031-04-19 00:00:00.000,2031-11-09 00:48:48.814,204.0338983050848,12.893803885666934,7.45056890605622,5.443234979610713
2462975.5,2463197.991525424,2031-04-19 00:00:00.000,2031-11-27 11:47:47.797,222.49152542372883,12.40675713761528,6.778800314677594,5.627956822937687
2462975.5,2463216.4491525423,2031-04-19 00:00:00.000,2031-12-15 22:46:46.780,240.9491525423729,11.951840721845764,6.13648873385367,5.815351987992091
2462975.5,2463234.906779661,2031-04-19 00:00:00.000,2032-01-03 09:45:45.763,259.40677966101697,11.590075365397432,5.583944729886018,6.006130635511413
2462975.5,2463253.36440678,2031-04-19 00:00:00.000,2032-01-21 20:44:44.746,277.86440677966107,11.758486390943505,5.456043151453187,6.302443239490315
2462975.5,2463290.279661017,2031-04-19 00:00:00.000,2032-02-27 18:42:42.712,314.77966101694915,10.21056760445606,3.697233693382189,6.513333911073871
2462975.5,2463308.737288136,2031-04-19 00:00:00.000,2032-03-17 05:41:41.695,333.23728813559325,9.84517291062116,3.3146688241070565,6.530504086514104
2462975.5,2463327.194915254,2031-04-19 00:00:00.000,2032-04-04 16:40:40.678,351.69491525423734,9.910637539482828,3.273812079631954,6.636825459850874
2462975.5,2463345.6525423727,2031-04-19 00:00:00.000,2032-04-23 03:39:39.661,370.1525423728814,10.259089182652543,3.4916878459596687,6.767401336692874
2462975.5,2463364.110169492,2031-04-19 00:00:00.000,2032-05-11 14:38:38.644,388.6101694915254,10.85856702329647,3.9387408572357288,6.91982616606074
2462975.5,2463382.5677966103,2031-04-19 00:00:00.000,2032-05-30 01:37:37.627,407.0677966101695,11.670756567606148,4.571357777896164,7.099398789709984
2462975.5,2463401.025423729,2031-04-19 00:00:00.000,2032-06-17 12:36:36.610,425.5254237288136,12.666469340426415,5.352542487324852,7.313926853101565
2462975.5,2463419.4830508474,2031-04-19 00:00:00.000,2032-07-05 23:35:35.593,443.98305084745766,13.834632864385478,6.261396573293124,7.573236291092354
2462975.5,2463437.940677966,2031-04-19 00:00:00.000,2032-07-24 10:34:34.576,462.4406779661017,15.182345677259043,7.29264651062072,7.889699166638322
2462975.5,2463456.398305085,2031-04-19 00:00:00.000,2032-08-11 21:33:33.559,480.8983050847458,16.73367634850174,8.454396430656537,8.279279917845203
2462975.5,2463474.855932204,2031-04-19 00:00:00.000,2032-08-30 08:32:32.542,499.3559322033899,18.5305631532564,9.76733942637292,8.763223726883481
2462976.5,2463088.245762712,2031-04-20 00:00:00.000,2031-08-09 17:53:53.898,111.74576271186442,17.936924561110096,11.12860845421524,6.808316106894856
2462976.5,2463106.7033898304,2031-04-20 00:00:00.000,2031-08-28 04:52:52.881,130.20338983050848,16.148608506458523,10.321740049025523,5.826868457432998
2462976.5,2463125.161016949,2031-04-20 00:00:00.000,2031-09-15 15:51:51.864,148.66101694915255,14.985003308473718,9.600214553903587,5.384788754570131
2462976.5,2463143.618644068,2031-04-20 00:00:00.000,2031-10-04 02:50:50.847,167.11864406779662,14.182848527321053,8.905073700822465,5.277774826498589
2462976.5,2463162.0762711866,2031-04-20 00:00:00.000,2031-10-22 13:49:49.831,185.5762711864407,13.56461810527519,8.214100636304769,5.350517468970423
2462976.5,2463180.533898305,2031-04-20 00:00:00.000,2031-11-10 00:48:48.814,204.0338983050848,13.026825086540049,7.523511856448694,5.5033132300913525
2462976.5,2463198.991525424,2031-04-20 00:00:00.000,2031-11-28 11:47:47.797,222.49152542372883,12.522610506237148,6.8410932546363,5.681517251600849
2462976.5,2463217.4491525423,2031-04-20 00:00:00.000,2031-12-16 22:46:46.780,240.9491525423729,12.048173813943745,6.187508248479091,5.860665565464655
2462976.5,2463235.906779661,2031-04-20 00:00:00.000,2032-01-04 09:45:45.763,259.40677966101697,11.658159194569944,5.617642335221366,6.0405168593485765
2462976.5,2463254.36440678,2031-04-20 00:00:00.000,2032-01-22 20:44:44.746,277.86440677966107,11.726494556759876,5.4209135592111135,6.305580997548763
2462976.5,2463291.279661017,2031-04-20 00:00:00.000,2032-02-28 18:42:42.712,314.77966101694915,10.253194082304455,3.724983648458797,6.528210433845661
2462976.5,2463309.737288136,2031-04-20 00:00:00.000,2032-03-18 05:41:41.695,333.23728813559325,9.879255742756008,3.33918414828561,6.5400715944703975
2462976.5,2463328.194915254,2031-04-20 00:00:00.000,2032-04-05 16:40:40.678,351.69491525423734,9.928886198191783,3.287989766014743,6.640896432177041
2462976.5,2463346.6525423727,2031-04-20 00:00:00.000,2032-04-24 03:39:39.661,370.1525423728814,10.257938311096304,3.4923590420630117,6.765579269033294
2462976.5,2463365.110169492,2031-04-20 00:00:00.000,2032-05-12 14:38:38.644,388.6101694915254,10.837685974520298,3.925753012829469,6.911932961690828
2462976.5,2463383.5677966103,2031-04-20 00:00:00.000,2032-05-31 01:37:37.627,407.0677966101695,11.630917933631048,4.545679428280415,7.085238505350633
2462976.5,2463402.025423729,2031-04-20 00:00:00.000,2032-06-18 12:36:36.610,425.5254237288136,12.608103930980214,5.314918953180044,7.29318497780017
2462976.5,2463420.4830508474,2031-04-20 00:00:00.000,2032-07-06 23:35:35.593,443.98305084745766,13.757288880825069,6.211867496644524,7.545421384180543
2462976.5,2463438.940677966,2031-04-20 00:00:00.000,2032-07-25 10:34:34.576,462.4406779661017,15.084559140614893,7.230481298081254,7.854077842533639
2462976.5,2463457.398305085,2031-04-20 00:00:00.000,2032-08-12 21:33:33.559,480.8983050847458,16.61289260260434,8.378096333640915,8.234796268963425
2462976.5,2463475.855932204,2031-04-20 00:00:00.000,2032-08-31 08:32:32.542,499.3559322033899,18.382958815267827,9.674574348697105,8.708384466570726
2462977.5,2463089.245762712,2031-04-21 00:00:00.000,2031-08-10 17:53:53.898,111.74576271186442,18.092654076418533,11.27573800271498,6.816916073703551
2462977.5,2463107.7033898304,2031-04-21 00:00:00.000,2031-08-29 04:52:52.881,130.20338983050848,16.314558550465772,10.45056373656442,5.863994813901354
2462977.5,2463126.161016949,2031-04-21 00:00:00.000,2031-09-16 15:51:51.864,148.66101694915255,15.152993279322253,9.71242375720112,5.440569522121133
2462977.5,2463144.618644068,2031-04-21 00:00:00.000,2031-10-05 02:50:50.847,167.11864406779662,14.344474557977597,9.002604471535205,5.3418700864423885
2462977.5,2463163.0762711866,2031-04-21 00:00:00.000,2031-10-23 13:49:49.831,185.5762711864407,13.713931464982924,8.298760849209675,5.415170615773248
2462977.5,2463181.533898305,2031-04-21 00:00:00.000,2031-11-11 00:48:48.814,204.0338983050848,13.160620868906433,7.596787823915528,5.563833044990905
2462977.5,2463199.991525424,2031-04-21 00:00:00.000,2031-11-29 11:47:47.797,222.49152542372883,12.639220879426729,6.903878980174945,5.7353418992517815
2462977.5,2463218.4491525423,2031-04-21 00:00:00.000,2031-12-17 22:46:46.780,240.9491525423729,12.145533242268929,6.239315493208409,5.906217749060518
2462977.5,2463236.906779661,2031-04-21 00:00:00.000,2032-01-05 09:45:45.763,259.40677966101697,11.728456079352268,5.65302611743626,6.075429961916007
2462977.5,2463255.36440678,2031-04-21 00:00:00.000,2032-01-23 20:44:44.746,277.86440677966107,11.70765351854156,5.394936364744254,6.312717153797306
2462977.5,2463292.279661017,2031-04-21 00:00:00.000,2032-02-29 18:42:42.712,314.77966101694915,10.296501677497895,3.753676202650423,6.542825474847472
2462977.5,2463310.737288136,2031-04-21 00:00:00.000,2032-03-19 05:41:41.695,333.23728813559325,9.914766166377053,3.3651703194542373,6.549595846922816
2462977.5,2463329.194915254,2031-04-21 00:00:00.000,2032-04-06 16:40:40.678,351.69491525423734,9.94864400514566,3.30365746964583,6.644986535499829
2462977.5,2463347.6525423727,2031-04-21 00:00:00.000,2032-04-25 03:39:39.661,370.1525423728814,10.25820058021209,3.49438000381182,6.763820576400272
2462977.5,2463366.110169492,2031-04-21 00:00:00.000,2032-05-13 14:38:38.644,388.6101694915254,10.818027178158683,3.9138751299836207,6.904152048175064
2462977.5,2463384.5677966103,2031-04-21 00:00:00.000,2032-06-01 01:37:37.627,407.0677966101695,11.592118647750173,4.520869920673156,7.071248727077017
2462977.5,2463403.025423729,2031-04-21 00:00:00.000,2032-06-19 12:36:36.610,425.5254237288136,12.550668272239264,5.277984118393604,7.272684153845661
2462977.5,2463421.4830508474,2031-04-21 00:00:00.000,2032-07-07 23:35:35.593,443.98305084745766,13.680860210671678,6.162926342761547,7.517933867910132
2462977.5,2463439.940677966,2031-04-21 00:00:00.000,2032-07-26 10:34:34.576,462.4406779661017,14.987774786537155,7.168883829804608,7.818890956732549
2462977.5,2463458.398305085,2031-04-21 00:00:00.000,2032-08-13 21:33:33.559,480.8983050847458,16.493307103499298,8.302425163913803,8.190881939585497
2462977.5,2463476.855932204,2031-04-21 00:00:00.000,2032-09-01 08:32:32.542,499.3559322033899,18.23687453001193,9.582587422421936,8.654287107589996
2462978.5,2463090.245762712,2031-04-22 00:00:00.000,2031-08-11 17:53:53.898,111.74576271186442,18.25282448840713,11.422946124938864,6.829878363468269
2462978.5,2463108.7033898304,2031-04-22 00:00:00.000,2031-08-30 04:52:52.881,130.20338983050848,16.48386327544572,10.57935161955445,5.90451165589127
2462978.5,2463127.161016949,2031-04-22 00:00:00.000,2031-09-17 15:51:51.864,148.66101694915255,15.323222143158072,9.824596645370068,5.498625497788005
2462978.5,2463145.618644068,2031-04-22 00:00:00.000,2031-10-06 02:50:50.847,167.11864406779662,14.50747552283207,9.10015214938626,5.407323373445812
2462978.5,2463164.0762711866,2031-04-22 00:00:00.000,2031-10-24 13:49:49.831,185.5762711864407,13.864104764365404,8.38352245235916,5.480582312006245
2462978.5,2463182.533898305,2031-04-22 00:00:00.000,2031-11-12 00:48:48.814,204.0338983050848,13.295046684097963,7.67027820508629,5.624768479011673
2462978.5,2463200.991525424,2031-04-22 00:00:00.000,2031-11-30 11:47:47.797,222.49152542372883,12.756452312585765,6.96703954629221,5.789412766293555
2462978.5,2463219.4491525423,2031-04-22 00:00:00.000,2031-12-18 22:46:46.780,240.9491525423729,12.243777594467955,6.291787058553659,5.951990535914298
2462978.5,2463237.906779661,2031-04-22 00:00:00.000,2032-01-06 09:45:45.763,259.40677966101697,11.800749330624075,5.689924055807131,6.110825274816944
2462978.5,2463256.36440678,2031-04-22 00:00:00.000,2032-01-24 20:44:44.746,277.86440677966107,11.700377775877117,5.377076555073988,6.323301220803127
2462978.5,2463293.279661017,2031-04-22 00:00:00.000,2032-03-01 18:42:42.712,314.77966101694915,10.340398409265838,3.783233635092977,6.557164774172861
2462978.5,2463311.737288136,2031-04-22 00:00:00.000,2032-03-20 05:41:41.695,333.23728813559325,9.95167635069479,3.3925933173064347,6.5590830333883545
2462978.5,2463330.194915254,2031-04-22 00:00:00.000,2032-04-07 16:40:40.678,351.69491525423734,9.969913647867584,3.3208122649397125,6.6491013829278725
2462978.5,2463348.6525423727,2031-04-22 00:00:00.000,2032-04-26 03:39:39.661,370.1525423728814,10.25992158369924,3.497791467416068,6.762130116283172
2462978.5,2463367.110169492,2031-04-22 00:00:00.000,2032-05-14 14:38:38.644,388.6101694915254,10.79967086531452,3.903183126895207,6.896487738419315
2462978.5,2463385.5677966103,2031-04-22 00:00:00.000,2032-06-02 01:37:37.627,407.0677966101695,11.554459259513424,4.497026079809217,7.057433179704209
2462978.5,2463404.025423729,2031-04-22 00:00:00.000,2032-06-20 12:36:36.610,425.5254237288136,12.49427297208759,5.241845618291776,7.252427353795813
2462978.5,2463422.4830508474,2031-04-22 00:00:00.000,2032-07-08 23:35:35.593,443.98305084745766,13.605461535524494,6.114685907547958,7.490775627976537
2462978.5,2463440.940677966,2031-04-22 00:00:00.000,2032-07-27 10:34:34.576,462.4406779661017,14.892107633290712,7.1079687955238935,7.784138837766818
2462978.5,2463459.398305085,2031-04-22 00:00:00.000,2032-08-14 21:33:33.559,480.8983050847458,16.375032213812837,8.22749716888414,8.147535044928697
2462978.5,2463477.855932204,2031-04-22 00:00:00.000,2032-09-02 08:32:32.542,499.3559322033899,18.09241686491538,9.491490259069735,8.600926605845645
2462979.5,2463091.245762712,2031-04-23 00:00:00.000,2031-08-12 17:53:53.898,111.74576271186442,18.417251066548737,11.570092912659504,6.847158153889232
2462979.5,2463109.7033898304,2031-04-23 00:00:00.000,2031-08-31 04:52:52.881,130.20338983050848,16.65631055674868,10.707979215157858,5.948331341590819
2462979.5,2463128.161016949,2031-04-23 00:00:00.000,2031-09-18 15:51:51.864,148.66101694915255,15.495484943550542,9.936616617386356,5.558868326164186
2462979.5,2463146.618644068,2031-04-23 00:00:00.000,2031-10-07 02:50:50.847,167.11864406779662,14.671674432743412,9.197604201144385,5.47407023159903
2462979.5,2463165.0762711866,2031-04-23 00:00:00.000,2031-10-25 13:49:49.831,185.5762711864407,14.014986410507738,8.468274871938409,5.546711538569331
2462979.5,2463183.533898305,2031-04-23 00:00:00.000,2031-11-13 00:48:48.814,204.0338983050848,13.429966557960045,7.743872913235222,5.686093644724823
2462979.5,2463201.991525424,2031-04-23 00:00:00.000,2031-12-01 11:47:47.797,222.49152542372883,12.874175063400877,7.030463412674782,5.843711650726094
2462979.5,2463220.4491525423,2031-04-23 00:00:00.000,2031-12-19 22:46:46.780,240.9491525423729,12.3427695097341,6.344803646248504,5.997965863485597
2462979.5,2463238.906779661,2031-04-23 00:00:00.000,2032-01-07 09:45:45.763,259.40677966101697,11.874828932193324,5.728168404422079,6.146660527771245
2462979.5,2463257.36440678,2031-04-23 00:00:00.000,2032-01-25 20:44:44.746,277.86440677966107,11.703271629745522,5.366408349166409,6.336863280579113
2462979.5,2463294.279661017,2031-04-23 00:00:00.000,2032-03-02 18:42:42.712,314.77966101694915,10.384773574744324,3.813562050578528,6.571211524165796
2462979.5,2463312.737288136,2031-04-23 00:00:00.000,2032-03-21 05:41:41.695,333.23728813559325,9.989934957042848,3.421395861427784,6.568539095615062
2462979.5,2463331.194915254,2031-04-23 00:00:00.000,2032-04-08 16:40:40.678,351.69491525423734,9.992665656395795,3.339419697613258,6.653245958782537
2462979.5,2463349.6525423727,2031-04-23 00:00:00.000,2032-04-27 03:39:39.661,370.1525423728814,10.263111259154082,3.502599292946415,6.760511966207667
2462979.5,2463368.110169492,2031-04-23 00:00:00.000,2032-05-15 14:38:38.644,388.6101694915254,10.782662340408512,3.89371884873206,6.888943491676453
2462979.5,2463386.5677966103,2031-04-23 00:00:00.000,2032-06-03 01:37:37.627,407.0677966101695,11.518007898476064,4.474213208173187,7.043794690302877
2462979.5,2463405.025423729,2031-04-23 00:00:00.000,2032-06-21 12:36:36.610,425.5254237288136,12.438998952385695,5.206582333959085,7.23241661842661
2462979.5,2463423.4830508474,2031-04-23 00:00:00.000,2032-07-09 23:35:35.593,443.98305084745766,13.531180352195808,6.067232757859026,7.463947594336783
2462979.5,2463441.940677966,2031-04-23 00:00:00.000,2032-07-28 10:34:34.576,462.4406779661017,14.797647743642267,7.047826900892267,7.749820842750001
2462979.5,2463460.398305085,2031-04-23 00:00:00.000,2032-08-15 21:33:33.559,480.8983050847458,16.258157368336285,8.153404644638686,8.1047527236976
2462979.5,2463478.855932204,2031-04-23 00:00:00.000,2032-09-03 08:32:32.542,499.3559322033899,17.94967137776814,9.401374423112827,8.548296954655312
2462979.5,2463497.313559322,2031-04-23 00:00:00.000,2032-09-21 19:31:31.525,517.8135593220339,19.92962994369211,10.822487965694462,9.107141977997648
2462980.5,2463092.245762712,2031-04-24 00:00:00.000,2031-08-13 17:53:53.898,111.74576271186442,18.58576029251548,11.717059247588123,6.868701044927356
2462980.5,2463110.7033898304,2031-04-24 00:00:00.000,2031-09-01 04:52:52.881,130.20338983050848,16.83170298928171,10.836341312690353,5.995361676591357
2462980.5,2463129.161016949,2031-04-24 00:00:00.000,2031-09-19 15:51:51.864,148.66101694915255,15.66959455008961,10.048385042027345,5.621209508062267
2462980.5,2463147.618644068,2031-04-24 00:00:00.000,2031-10-08 02:50:50.847,167.11864406779662,14.83691208164486,9.294864800592432,5.54204728105243
2462980.5,2463166.0762711866,2031-04-24 00:00:00.000,2031-10-26 13:49:49.831,185.5762711864407,14.166440910219544,8.55292290469149,5.613518005528054
2462980.5,2463184.533898305,2031-04-24 00:00:00.000,2031-11-14 00:48:48.814,204.0338983050848,13.565258627048692,7.8174757339771395,5.7477828930715535
2462980.5,2463202.991525424,2031-04-24 00:00:00.000,2031-12-02 11:47:47.797,222.49152542372883,12.992271502644336,7.094051177192686,5.898220325451651
2462980.5,2463221.4491525423,2031-04-24 00:00:00.000,2031-12-20 22:46:46.780,240.9491525423729,12.442381967542762,6.398256206018811,6.044125761523951
2462980.5,2463239.906779661,2031-04-24 00:00:00.000,2032-01-08 09:45:45.763,259.40677966101697,11.950497742332608,5.767601983979003,6.182895758353605
2462980.5,2463258.36440678,2031-04-24 00:00:00.000,2032-01-26 20:44:44.746,277.86440677966107,11.71510720784516,5.362106386073615,6.353000821771548
2462980.5,2463295.279661017,2031-04-24 00:00:00.000,2032-03-03 18:42:42.712,314.77966101694915,10.429507442331335,3.8445611889671207,6.584946253364214
2462980.5,2463313.737288136,2031-04-24 00:00:00.000,2032-03-22 05:41:41.695,333.23728813559325,10.029477199475444,3.451507255654749,6.577969943820695
2462980.5,2463332.194915254,2031-04-24 00:00:00.000,2032-04-09 16:40:40.678,351.69491525423734,10.01684711496755,3.35942234220474,6.657424772762812
2462980.5,2463350.6525423727,2031-04-24 00:00:00.000,2032-04-28 03:39:39.661,370.1525423728814,10.267750391001025,3.508780828234892,6.75896956276613
2462980.5,2463369.110169492,2031-04-24 00:00:00.000,2032-05-16 14:38:38.644,388.6101694915254,10.767016148247302,3.88549410263732,6.881522045609982
2462980.5,2463387.5677966103,2031-04-24 00:00:00.000,2032-06-04 01:37:37.627,407.0677966101695,11.48280253816905,4.452467222238245,7.030335315930806
2462980.5,2463406.025423729,2031-04-24 00:00:00.000,2032-06-22 12:36:36.610,425.5254237288136,12.384898271509485,5.172245091196026,7.21265318031346
2462980.5,2463424.4830508474,2031-04-24 00:00:00.000,2032-07-10 23:35:35.593,443.98305084745766,13.458076690432112,6.020626829405445,7.437449861026667
2462980.5,2463442.940677966,2031-04-24 00:00:00.000,2032-07-29 10:34:34.576,462.4406779661017,14.704459061982686,6.988523588578891,7.715935473403794
2462980.5,2463461.398305085,2031-04-24 00:00:00.000,2032-08-16 21:33:33.559,480.8983050847458,16.14274717578448,8.08021592649268,8.062531249291798
2462980.5,2463479.855932204,2031-04-24 00:00:00.000,2032-09-04 08:32:32.542,499.3559322033899,17.80870007559689,9.312308785068636,8.496391290528251
2462980.5,2463498.313559322,2031-04-24 00:00:00.000,2032-09-22 19:31:31.525,517.8135593220339,19.7582585537414,10.714609057764749,9.043649495976648
2462981.5,2463093.245762712,2031-04-25 00:00:00.000,2031-08-14 17:53:53.898,111.74576271186442,18.758191792435483,11.863748092195111,6.894443700240371
2462981.5,2463111.7033898304,2031-04-25 00:00:00.000,2031-09-02 04:52:52.881,130.20338983050848,17.00986007556466,10.964353318914654,6.0455067566500045
2462981.5,2463130.161016949,2031-04-25 00:00:00.000,2031-09-20 15:51:51.864,148.66101694915255,15.845383696697704,10.159822774128449,5.685560922569255
2462981.5,2463148.618644068,2031-04-25 00:00:00.000,2031-10-09 02:50:50.847,167.11864406779662,15.00304907917447,9.391856602165246,5.611192477009224
2462981.5,2463167.0762711866,2031-04-25 00:00:00.000,2031-10-27 13:49:49.831,185.5762711864407,14.318351159021407,8.637388821758552,5.680962337262856
2462981.5,2463185.533898305,2031-04-25 00:00:00.000,2031-11-15 00:48:48.814,204.0338983050848,13.700817820456209,7.891006828585332,5.809810991870876
2462981.5,2463203.991525424,2031-04-25 00:00:00.000,2031-12-03 11:47:47.797,222.49152542372883,13.110639267447048,7.1577185513377,5.9529207161093485
2462981.5,2463222.4491525423,2031-04-25 00:00:00.000,2031-12-21 22:46:46.780,240.9491525423729,12.54250196455305,6.452049454706662,6.090452509846387
2462981.5,2463240.906779661,2031-04-25 00:00:00.000,2032-01-09 09:45:45.763,259.40677966101697,12.02757538597182,5.808082127934895,6.219493258036924
2462981.5,2463259.36440678,2031-04-25 00:00:00.000,2032-01-27 20:44:44.746,277.86440677966107,11.73480568442736,5.363437688675744,6.371367995751616
2462981.5,2463296.279661017,2031-04-25 00:00:00.000,2032-03-04 18:42:42.712,314.77966101694915,10.474479929687398,3.876133225129526,6.598346704557873
2462981.5,2463314.737288136,2031-04-25 00:00:00.000,2032-03-23 05:41:41.695,333.23728813559325,10.070234285230091,3.482852583430582,6.587381701799509
2462981.5,2463333.194915254,2031-04-25 00:00:00.000,2032-04-10 16:40:40.678,351.69491525423734,10.042390754899518,3.380748722644676,6.661642032254843
2462981.5,2463351.6525423727,2031-04-25 00:00:00.000,2032-04-29 03:39:39.661,370.1525423728814,10.27379852917366,3.5162926700707864,6.7575058591028725
2462981.5,2463370.110169492,2031-04-25 00:00:00.000,2032-05-17 14:38:38.644,388.6101694915254,10.752722376888878,3.878496808163957,6.874225568724921
2462981.5,2463388.5677966103,2031-04-25 00:00:00.000,2032-06-05 01:37:37.627,407.0677966101695,11.44885581305244,4.431799318972325,7.017056494080117
2462981.5,2463407.025423729,2031-04-25 00:00:00.000,2032-06-23 12:36:36.610,425.5254237288136,12.33199773336388,5.138860120436127,7.193137612927752
2462981.5,2463425.4830508474,2031-04-25 00:00:00.000,2032-07-11 23:35:35.593,443.98305084745766,13.386185751411244,5.974903916822166,7.411281834589078
2462981.5,2463443.940677966,2031-04-25 00:00:00.000,2032-07-30 10:34:34.576,462.4406779661017,14.612581253165931,6.930100728833038,7.682480524332893
2462981.5,2463462.398305085,2031-04-25 00:00:00.000,2032-08-17 21:33:33.559,480.8983050847458,16.02884257358439,8.0079763959824,8.020866177601992
2462981.5,2463480.855932204,2031-04-25 00:00:00.000,2032-09-05 08:32:32.542,499.3559322033899,17.669541960855582,9.224339920132412,8.44520204072317
2462981.5,2463499.313559322,2031-04-25 00:00:00.000,2032-09-23 19:31:31.525,517.8135593220339,19.58914821355509,10.608067580711168,8.981080632843925
2462982.5,2463094.245762712,2031-04-26 00:00:00.000,2031-08-15 17:53:53.898,111.74576271186442,18.934397456025128,12.010082882295537,6.924314573729591
2462982.5,2463112.7033898304,2031-04-26 00:00:00.000,2031-09-03 04:52:52.881,130.20338983050848,17.190617565564956,11.091949770994812,6.098667794570143
2462982.5,2463131.161016949,2031-04-26 00:00:00.000,2031-09-21 15:51:51.864,148.66101694915255,16.0227041659677,10.270868867571483,5.751835298396217
2462982.5,2463149.618644068,2031-04-26 00:00:00.000,2031-10-10 02:50:50.847,167.11864406779662,15.169965050329395,9.488519718639552,5.681445331689844
2462982.5,2463168.0762711866,2031-04-26 00:00:00.000,2031-10-28 13:49:49.831,185.5762711864407,14.470617902565204,8.72161167251878,5.749006230046424
2462982.5,2463186.533898305,2031-04-26 00:00:00.000,2031-11-16 00:48:48.814,204.0338983050848,13.836555710572018,7.964402430510587,5.872153280061432
2462982.5,2463204.991525424,2031-04-26 00:00:00.000,2031-12-04 11:47:47.797,222.49152542372883,13.22919158633376,7.221396529092174,6.007795057241586
2462982.5,2463223.4491525423,2031-04-26 00:00:00.000,2031-12-22 22:46:46.780,240.9491525423729,12.643031393107105,6.506102613883966,6.13692877922314
2462982.5,2463241.906779661,2031-04-26 00:00:00.000,2032-01-10 09:45:45.763,259.40677966101697,12.10589948643777,5.8494819590258444,6.256417527411925
2462982.5,2463260.36440678,2031-04-26 00:00:00.000,2032-01-28 20:44:44.746,277.86440677966107,11.761420075576726,5.36975328216484,6.391666793411886
2462982.5,2463278.8220338984,2031-04-26 00:00:00.000,2032-02-16 07:43:43.729,296.3220338983051,17.430576624551918,9.03772249929794,8.39285412525398
2462982.5,2463297.279661017,2031-04-26 00:00:00.000,2032-03-05 18:42:42.712,314.77966101694915,10.519577364533111,3.908189663853858,6.611387700679253
2462982.5,2463315.737288136,2031-04-26 00:00:00.000,2032-03-24 05:41:41.695,333.23728813559325,10.11214090987411,3.5153599470281867,6.596780962845925
2462982.5,2463334.194915254,2031-04-26 00:00:00.000,2032-04-11 16:40:40.678,351.69491525423734,10.06922290192056,3.403321090649563,6.665901811270997
2462982.5,2463352.6525423727,2031-04-26 00:00:00.000,2032-04-30 03:39:39.661,370.1525423728814,10.2812017797523,3.5250783011431923,6.756123478609109
2462982.5,2463371.110169492,2031-04-26 00:00:00.000,2032-05-18 14:38:38.644,388.6101694915254,10.739753685926162,3.8726978754885386,6.867055810437624
2462982.5,2463389.5677966103,2031-04-26 00:00:00.000,2032-06-06 01:37:37.627,407.0677966101695,11.416161160283696,4.412201967704328,7.0039591925793685
2462982.5,2463408.025423729,2031-04-26 00:00:00.000,2032-06-24 12:36:36.610,425.5254237288136,12.280304228280457,5.106434246918446,7.173869981362009
2462982.5,2463426.4830508474,2031-04-26 00:00:00.000,2032-07-12 23:35:35.593,443.98305084745766,13.315522562443396,5.930080175983368,7.385442386460029
2462982.5,2463444.940677966,2031-04-26 00:00:00.000,2032-07-31 10:34:34.576,462.4406779661017,14.522033766222448,6.872580528292508,7.64945323792994
2462982.5,2463463.398305085,2031-04-26 00:00:00.000,2032-08-18 21:33:33.559,480.8983050847458,15.91646436927185,7.936711864671365,7.979752504600485
2462982.5,2463481.855932204,2031-04-26 00:00:00.000,2032-09-06 08:32:32.542,499.3559322033899,17.532216096551387,9.13749501224333,8.39472108430806
2462982.5,2463500.313559322,2031-04-26 00:00:00.000,2032-09-24 19:31:31.525,517.8135593220339,19.422312664507125,10.502889693248706,8.919422971258419
2462983.5,2463095.245762712,2031-04-27 00:00:00.000,2031-08-16 17:53:53.898,111.74576271186442,19.11423857424095,12.156003893436989,6.958234680803963
2462983.5,2463113.7033898304,2031-04-27 00:00:00.000,2031-09-04 04:52:52.881,130.20338983050848,17.373824740129177,11.219080840778192,6.1547438993509855
2462983.5,2463132.161016949,2031-04-27 00:00:00.000,2031-09-22 15:51:51.864,148.66101694915255,16.20142387078121,10.38147725457016,5.819946616211047
2462983.5,2463150.618644068,2031-04-27 00:00:00.000,2031-10-11 02:50:50.847,167.11864406779662,15.337555697252013,9.584808612472042,5.752747084779971
2462983.5,2463169.0762711866,2031-04-27 00:00:00.000,2031-10-29 13:49:49.831,185.5762711864407,14.62315699880097,8.805544430820195,5.817612567980776
2462983.5,2463187.533898305,2031-04-27 00:00:00.000,2031-11-17 00:48:48.814,204.0338983050848,13.972398083904512,8.037612300332617,5.934785783571894
2462983.5,2463205.991525424,2031-04-27 00:00:00.000,2031-12-05 11:47:47.797,222.49152542372883,13.347855235078118,7.285029222828344,6.062826012249774
2462983.5,2463224.4491525423,2031-04-27 00:00:00.000,2031-12-23 22:46:46.780,240.9491525423729,12.74388546415632,6.56034772438071,6.183537739775609
2462983.5,2463242.906779661,2031-04-27 00:00:00.000,2032-01-11 09:45:45.763,259.40677966101697,12.185324410531695,5.891689190049158,6.293635220482536
2462983.5,2463261.36440678,2031-04-27 00:00:00.000,2032-01-29 20:44:44.746,277.86440677966107,11.794118716833886,5.380478967059383,6.413639749774503
2462983.5,2463279.8220338984,2031-04-27 00:00:00.000,2032-02-17 07:43:43.729,296.3220338983051,15.512651220290472,7.795370991088469,7.717280229202003
2462983.5,2463298.279661017,2031-04-27 00:00:00.000,2032-03-06 18:42:42.712,314.77966101694915,10.56469704292092,3.940656035808354,6.624041007112566
2462983.5,2463316.737288136,2031-04-27 00:00:00.000,2032-03-25 05:41:41.695,333.23728813559325,10.155139968020926,3.5489649246253374,6.606175043395588
2462983.5,2463335.194915254,2031-04-27 00:00:00.000,2032-04-12 16:40:40.678,351.69491525423734,10.097269083114764,3.427060884183516,6.670208198931248
2462983.5,2463353.6525423727,2031-04-27 00:00:00.000,2032-05-01 03:39:39.661,370.1525423728814,10.289899047106276,3.5350742002865765,6.754824846819698
2462983.5,2463372.110169492,2031-04-27 00:00:00.000,2032-05-19 14:38:38.644,388.6101694915254,10.728071582201649,3.868057352129923,6.860014230071724
2462983.5,2463390.5677966103,2031-04-27 00:00:00.000,2032-06-07 01:37:37.627,407.0677966101695,11.384698852691056,4.3936548132408655,6.991044039450191
2462983.5,2463409.025423729,2031-04-27 00:00:00.000,2032-06-25 12:36:36.610,425.5254237288136,12.22981045390918,5.074960479611177,7.154849974298002
2462983.5,2463427.4830508474,2031-04-27 00:00:00.000,2032-07-13 23:35:35.593,443.98305084745766,13.246087384184658,5.88615739629609,7.359929987888569
2462983.5,2463445.940677966,2031-04-27 00:00:00.000,2032-08-01 10:34:34.576,462.4406779661017,14.432820943310576,6.815970500072148,7.616850443238428
2462983.5,2463464.398305085,2031-04-27 00:00:00.000,2032-08-19 21:33:33.559,480.8983050847458,15.805618066605458,7.866433257035827,7.93918480956963
2462983.5,2463482.855932204,2031-04-27 00:00:00.000,2032-09-07 08:32:32.542,499.3559322033899,17.39672616051795,9.051786259780291,8.344939900737657
2462983.5,2463501.313559322,2031-04-27 00:00:00.000,2032-09-25 19:31:31.525,517.8135593220339,19.2577502776458,10.399086549325418,8.858663728320378
2462984.5,2463096.245762712,2031-04-28 00:00:00.000,2031-08-17 17:53:53.898,111.74576271186442,19.29758224553543,12.301463860735838,6.996118384799593
2462984.5,2463114.7033898304,2031-04-28 00:00:00.000,2031-09-05 04:52:52.881,130.20338983050848,17.559340851588438,11.345708062141696,6.213632789446743
2462984.5,2463133.161016949,2031-04-28 00:00:00.000,2031-09-23 15:51:51.864,148.66101694915255,16.381423013594805,10.491612577043794,5.889810436551012
2462984.5,2463151.618644068,2031-04-28 00:00:00.000,2031-10-12 02:50:50.847,167.11864406779662,15.50572885941716,9.680688039635728,5.825040819781433
2462984.5,2463170.0762711866,2031-04-28 00:00:00.000,2031-10-30 13:49:49.831,185.5762711864407,14.775895566112588,8.889150071527041,5.886745494585547
2462984.5,2463188.533898305,2031-04-28 00:00:00.000,2031-11-18 00:48:48.814,204.0338983050848,14.10828125823111,8.110595968619755,5.997685289611355
2462984.5,2463206.991525424,2031-04-28 00:00:00.000,2031-12-06 11:47:47.797,222.49152542372883,13.466567077682054,7.348570324611152,6.117996753070903
2462984.5,2463225.4491525423,2031-04-28 00:00:00.000,2031-12-24 22:46:46.780,240.9491525423729,12.844989534517822,6.614726403062411,6.23026313145541
2462984.5,2463243.906779661,2031-04-28 00:00:00.000,2032-01-12 09:45:45.763,259.40677966101697,12.26571824319518,5.934603174806641,6.33111506838854
2462984.5,2463262.36440678,2031-04-28 00:00:00.000,2032-01-30 20:44:44.746,277.86440677966107,11.832169281717118,5.395105409960641,6.437063871756478
2462984.5,2463280.8220338984,2031-04-28 00:00:00.000,2032-02-18 07:43:43.729,296.3220338983051,14.260917818023104,6.954526826912674,7.3063909911104306
2462984.5,2463299.279661017,2031-04-28 00:00:00.000,2032-03-07 18:42:42.712,314.77966101694915,10.609750126916149,3.973474900840321,6.636275226075828
2462984.5,2463317.737288136,2031-04-28 00:00:00.000,2032-03-26 05:41:41.695,333.23728813559325,10.199184328022325,3.583612098119167,6.615572229903156
2462984.5,2463336.194915254,2031-04-28 00:00:00.000,2032-04-13 16:40:40.678,351.69491525423734,10.12645669254568,3.4518912741883123,6.674565418357368
2462984.5,2463354.6525423727,2031-04-28 00:00:00.000,2032-05-02 03:39:39.661,370.1525423728814,10.299825732043754,3.546213440712405,6.753612291331349
2462984.5,2463373.110169492,2031-04-28 00:00:00.000,2032-05-20 14:38:38.644,388.6101694915254,10.717630698648293,3.864528604906052,6.853102093742239
2462984.5,2463391.5677966103,2031-04-28 00:00:00.000,2032-06-08 01:37:37.627,407.0677966101695,11.354440560773613,4.376129139990605,6.978311420783008
2462984.5,2463410.025423729,2031-04-28 00:00:00.000,2032-06-26 12:36:36.610,425.5254237288136,12.180499613397538,5.044422609111868,7.136077004285671
2462984.5,2463428.4830508474,2031-04-28 00:00:00.000,2032-07-14 23:35:35.593,443.98305084745766,13.177870465471898,5.8431276521266495,7.334742813345248
2462984.5,2463446.940677966,2031-04-28 00:00:00.000,2032-08-02 10:34:34.576,462.4406779661017,14.344936784576143,6.760268121146858,7.584668663429286
2462984.5,2463465.398305085,2031-04-28 00:00:00.000,2032-08-20 21:33:33.559,480.8983050847458,15.69629861070253,7.797141243597963,7.899157367104568
2462984.5,2463483.855932204,2031-04-28 00:00:00.000,2032-09-08 08:32:32.542,499.3559322033899,17.263065150464453,8.967215463223472,8.295849687240981
2462984.5,2463502.313559322,2031-04-28 00:00:00.000,2032-09-26 19:31:31.525,517.8135593220339,19.09544870233928,10.296658822982472,8.798789879356805
2462985.5,2463097.245762712,2031-04-29 00:00:00.000,2031-08-18 17:53:53.898,111.74576271186442,19.48429842515368,12.446424241350703,7.037874183802977
2462985.5,2463115.7033898304,2031-04-29 00:00:00.000,2031-09-06 04:52:52.881,130.20338983050848,17.747032075763425,11.47180063818772,6.275231437575704
2462985.5,2463134.161016949,2031-04-29 00:00:00.000,2031-09-24 15:51:51.864,148.66101694915255,16.562590665513024,10.601246504008447,5.961344161504578
2462985.5,2463152.618644068,2031-04-29 00:00:00.000,2031-10-13 02:50:50.847,167.11864406779662,15.67440089748246,9.776129361550112,5.898271535932349
2462985.5,2463171.0762711866,2031-04-29 00:00:00.000,2031-10-31 13:49:49.831,185.5762711864407,14.928768324236325,8.97239787524028,5.956370448996043
2462985.5,2463189.533898305,2031-04-29 00:00:00.000,2031-11-19 00:48:48.814,204.0338983050848,14.244148431325469,8.183319043832798,6.06082938749267
2462985.5,2463207.991525424,2031-04-29 00:00:00.000,2031-12-07 11:47:47.797,222.49152542372883,13.58527044862232,7.411979441993636,6.173291006628683
2462985.5,2463226.4491525423,2031-04-29 00:00:00.000,2031-12-25 22:46:46.780,240.9491525423729,12.946275550370975,6.669186248133947,6.27708930223703
2462985.5,2463244.906779661,2031-04-29 00:00:00.000,2032-01-13 09:45:45.763,259.40677966101697,12.346959124148494,5.978131339542897,6.368827784605596
2462985.5,2463263.36440678,2031-04-29 00:00:00.000,2032-01-31 20:44:44.746,277.86440677966107,11.87492385110438,5.413178293508069,6.461745557596313
2462985.5,2463281.8220338984,2031-04-29 00:00:00.000,2032-02-19 07:43:43.729,296.3220338983051,13.423914661734315,6.372173462093601,7.051741199640715
2462985.5,2463300.279661017,2031-04-29 00:00:00.000,2032-03-08 18:42:42.712,314.77966101694915,10.654664351126629,4.006608547333717,6.648055803792912
2462985.5,2463318.737288136,2031-04-29 00:00:00.000,2032-03-27 05:41:41.695,333.23728813559325,10.24423629625651,3.61925427086049,6.624982025396019
2462985.5,2463337.194915254,2031-04-29 00:00:00.000,2032-04-14 16:40:40.678,351.69491525423734,10.156714908767755,3.477736991870888,6.678977916896868
2462985.5,2463355.6525423727,2031-04-29 00:00:00.000,2032-05-03 03:39:39.661,370.1525423728814,10.31091461904455,3.558426509485394,6.752488109559154
2462985.5,2463374.110169492,2031-04-29 00:00:00.000,2032-05-21 14:38:38.644,388.6101694915254,10.708380430401949,3.86205989227766,6.846320538124287
2462985.5,2463392.5677966103,2031-04-29 00:00:00.000,2032-06-09 01:37:37.627,407.0677966101695,11.325351538485297,4.359589993704834,6.965761544780463
2462985.5,2463411.025423729,2031-04-29 00:00:00.000,2032-06-27 12:36:36.610,425.5254237288136,12.132348021221302,5.014797747630998,7.117550273590305
2462985.5,2463429.4830508474,2031-04-29 00:00:00.000,2032-07-15 23:35:35.593,443.98305084745766,13.110854972743368,5.800976164022948,7.30987880872042
2462985.5,2463447.940677966,2031-04-29 00:00:00.000,2032-08-03 10:34:34.576,462.4406779661017,14.258368129044785,6.705463941941427,7.552904187103356
2462985.5,2463466.398305085,2031-04-29 00:00:00.000,2032-08-21 21:33:33.559,480.8983050847458,15.588493767303987,7.728829545430538,7.85966422187345
2462985.5,2463484.855932204,2031-04-29 00:00:00.000,2032-09-09 08:32:32.542,499.3559322033899,17.1312189231624,8.883777485623481,8.247441437538921
2462985.5,2463503.313559322,2031-04-29 00:00:00.000,2032-09-27 19:31:31.525,517.8135593220339,18.935388537439803,10.195600295975057,8.739788241464746
2462986.5,2463098.245762712,2031-04-30 00:00:00.000,2031-08-19 17:53:53.898,111.74576271186442,19.674258698095727,12.590853200866157,7.083405497229571
2462986.5,2463116.7033898304,2031-04-30 00:00:00.000,2031-09-07 04:52:52.881,130.20338983050848,17.93677005956594,11.59733340184598,6.33943665771996
2462986.5,2463135.161016949,2031-04-30 00:00:00.000,2031-09-25 15:51:51.864,148.66101694915255,16.744822863957808,10.710355615102229,6.034467248855582
2462986.5,2463153.618644068,2031-04-30 00:00:00.000,2031-10-14 02:50:50.847,167.11864406779662,15.843494514787343,9.871108320352455,5.972386194434889
2462986.5,2463172.0762711866,2031-04-30 00:00:00.000,2031-11-01 13:49:49.831,185.5762711864407,15.081715260910975,9.0552610766004,6.026454184310577
2462986.5,2463190.533898305,2031-04-30 00:00:00.000,2031-11-20 00:48:48.814,204.0338983050848,14.379947216021588,8.25575072344338,6.124196492578206
2462986.5,2463208.991525424,2031-04-30 00:00:00.000,2031-12-08 11:47:47.797,222.49152542372883,13.703912553012362,7.475219469356602,6.22869308365576
2462986.5,2463227.4491525423,2031-04-30 00:00:00.000,2031-12-26 22:46:46.780,240.9491525423729,13.047679301908769,6.7236780734525,6.32400122845627
2462986.5,2463245.906779661,2031-04-30 00:00:00.000,2032-01-14 09:45:45.763,259.40677966101697,12.428932145778308,6.022186182477699,6.406745963300608
2462986.5,2463264.36440678,2031-04-30 00:00:00.000,2032-02-01 20:44:44.746,277.86440677966107,11.92180585029024,5.4342895160468965,6.487516334243345
2462986.5,2463282.8220338984,2031-04-30 00:00:00.000,2032-02-20 07:43:43.729,296.3220338983051,12.855990401328793,5.963157996979655,6.892832404349136
2462986.5,2463301.279661017,2031-04-30 00:00:00.000,2032-03-09 18:42:42.712,314.77966101694915,10.699388795031672,4.040043491633721,6.659345303397951
2462986.5,2463319.737288136,2031-04-30 00:00:00.000,2032-03-28 05:41:41.695,333.23728813559325,10.290265953515515,3.65585054098184,6.634415412533677
2462986.5,2463338.194915254,2031-04-30 00:00:00.000,2032-04-15 16:40:40.678,351.69491525423734,10.187972755798484,3.504522317900824,6.68345043789766
2462986.5,2463356.6525423727,2031-04-30 00:00:00.000,2032-05-04 03:39:39.661,370.1525423728814,10.323094467231275,3.571639853669037,6.751454613562238
2462986.5,2463375.110169492,2031-04-30 00:00:00.000,2032-05-22 14:38:38.644,388.6101694915254,10.700264062613662,3.860593452925913,6.839670609687749
2462986.5,2463393.5677966103,2031-04-30 00:00:00.000,2032-06-10 01:37:37.627,407.0677966101695,11.297390255057907,4.343995775110393,6.953394479947517
2462986.5,2463412.025423729,2031-04-30 00:00:00.000,2032-06-28 12:36:36.610,425.5254237288136,12.085325205984804,4.986056393003509,7.099268812981296
2462986.5,2463430.4830508474,2031-04-30 00:00:00.000,2032-07-16 23:35:35.593,443.98305084745766,13.045017512879928,5.759681781797668,7.2853357310822595
2462986.5,2463448.940677966,2031-04-30 00:00:00.000,2032-08-04 10:34:34.576,462.4406779661017,14.17309554284127,6.65154243329095,7.521553109550322
2462986.5,2463467.398305085,2031-04-30 00:00:00.000,2032-08-22 21:33:33.559,480.8983050847458,15.482185328285096,7.661486096713388,7.820699231571706
2462986.5,2463485.855932204,2031-04-30 00:00:00.000,2032-09-10 08:32:32.542,499.3559322033899,17.001167679185272,8.801461692654547,8.199705986530725
2462986.5,2463504.313559322,2031-04-30 00:00:00.000,2032-09-28 19:31:31.525,517.8135593220339,18.77754506753154,10.095899547057565,8.681645520473976
2462987.5,2463099.245762712,2031-05-01 00:00:00.000,2031-08-20 17:53:53.898,111.74576271186442,19.86733734927163,12.734725888399566,7.132611460872065
2462987.5,2463117.7033898304,2031-05-01 00:00:00.000,2031-09-08 04:52:52.881,130.20338983050848,18.128432660123465,11.722287007514192,6.406145652609274
2462987.5,2463136.161016949,2031-05-01 00:00:00.000,2031-09-26 15:51:51.864,148.66101694915255,16.928022856362627,10.818921454147567,6.109101402215059
2462987.5,2463154.618644068,2031-05-01 00:00:00.000,2031-10-15 02:50:50.847,167.11864406779662,16.01293867819085,9.965604916802626,6.047333761388225
2462987.5,2463173.0762711866,2031-05-01 00:00:00.000,2031-11-02 13:49:49.831,185.5762711864407,15.234681326847763,9.13771653773787,6.096964789109896
2462987.5,2463191.533898305,2031-05-01 00:00:00.000,2031-11-21 00:48:48.814,204.0338983050848,14.515629111378209,8.327863237863072,6.187765873515134
2462987.5,2463209.991525424,2031-05-01 00:00:00.000,2031-12-09 11:47:47.797,222.49152542372883,13.82244368733689,7.538255777986007,6.284187909350884
2462987.5,2463228.4491525423,2031-05-01 00:00:00.000,2031-12-27 22:46:46.780,240.9491525423729,13.149139350358396,6.778154814348453,6.370984536009942
2462987.5,2463246.906779661,2031-05-01 00:00:00.000,2032-01-15 09:45:45.763,259.40677966101697,12.51152773660922,6.066683748981108,6.444843987628111
2462987.5,2463265.36440678,2031-05-01 00:00:00.000,2032-02-02 20:44:44.746,277.86440677966107,11.972299576695312,5.458070295139817,6.5142292815554965
2462987.5,2463283.8220338984,2031-05-01 00:00:00.000,2032-02-21 07:43:43.729,296.3220338983051,12.468444707418213,5.673935862784087,6.794508844634125
2462987.5,2463302.279661017,2031-05-01 00:00:00.000,2032-03-10 18:42:42.712,314.77966101694915,10.74390358961304,4.073799373557138,6.670104216055902
2462987.5,2463320.737288136,2031-05-01 00:00:00.000,2032-03-29 05:41:41.695,333.23728813559325,10.337249644382725,3.6933644871024502,6.643885157280274
2462987.5,2463339.194915254,2031-05-01 00:00:00.000,2032-04-16 16:40:40.678,351.69491525423734,10.220156475484576,3.5321683852900607,6.687988090194514
2462987.5,2463357.6525423727,2031-05-01 00:00:00.000,2032-05-05 03:39:39.661,370.1525423728814,10.33628726665681,3.5857730993808903,6.75051416727592
2462987.5,2463376.110169492,2031-05-01 00:00:00.000,2032-05-23 14:38:38.644,388.6101694915254,10.693216080030872,3.860062785656242,6.83315329437463
2462987.5,2463394.5677966103,2031-05-01 00:00:00.000,2032-06-11 01:37:37.627,407.0677966101695,11.270505898557616,4.329295716428724,6.941210182128891
2462987.5,2463413.025423729,2031-05-01 00:00:00.000,2032-06-29 12:36:36.610,425.5254237288136,12.039391714561456,4.958160206625133,7.081231507936322
2462987.5,2463431.4830508474,2031-05-01 00:00:00.000,2032-07-17 23:35:35.593,443.98305084745766,12.98032627832509,5.719215104020398,7.261111174304692
2462987.5,2463449.940677966,2031-05-01 00:00:00.000,2032-08-05 10:34:34.576,462.4406779661017,14.089091804403465,6.598480446269889,7.490611358133573
2462987.5,2463468.398305085,2031-05-01 00:00:00.000,2032-08-23 21:33:33.559,480.8983050847458,15.377347919851742,7.595091827707501,7.782256092144241
2462987.5,2463486.855932204,2031-05-01 00:00:00.000,2032-09-11 08:32:32.542,499.3559322033899,16.872885074161708,8.720251039205412,8.152634034956296
2462987.5,2463505.313559322,2031-05-01 00:00:00.000,2032-09-29 19:31:31.525,517.8135593220339,18.621887661420768,9.997539326165894,8.624348335254874
2462988.5,2463118.7033898304,2031-05-02 00:00:00.000,2031-09-09 04:52:52.881,130.20338983050848,18.3219071858633,11.846650643141132,6.475256542722168
2462988.5,2463137.161016949,2031-05-02 00:00:00.000,2031-09-27 15:51:51.864,148.66101694915255,17.11210383622061,10.926933075081507,6.1851707611391
2462988.5,2463155.618644068,2031-05-02 00:00:00.000,2031-10-16 02:50:50.847,167.11864406779662,16.182671022117685,10.05960575252216,6.123065269595525
2462988.5,2463174.0762711866,2031-05-02 00:00:00.000,2031-11-03 13:49:49.831,185.5762711864407,15.387618586180285,9.219746853251005,6.167871732929282
2462988.5,2463192.533898305,2031-05-02 00:00:00.000,2031-11-22 00:48:48.814,204.0338983050848,14.651151386475547,8.399633683547727,6.251517702927822
2462988.5,2463210.991525424,2031-05-02 00:00:00.000,2031-12-10 11:47:47.797,222.49152542372883,13.940818813005167,7.60105773732247,6.339761075682698
2462988.5,2463229.4491525423,2031-05-02 00:00:00.000,2031-12-28 22:46:46.780,240.9491525423729,13.250598223255077,6.832572681360029,6.418025541895047
2462988.5,2463247.906779661,2031-05-02 00:00:00.000,2032-01-16 09:45:45.763,259.40677966101697,12.594642201015455,6.111544234804815,6.483097966210642
2462988.5,2463266.36440678,2031-05-02 00:00:00.000,2032-02-03 20:44:44.746,277.86440677966107,12.025942872249356,5.484186829537324,6.541756042712033
2462988.5,2463284.8220338984,2031-05-02 00:00:00.000,2032-02-22 07:43:43.729,296.3220338983051,12.20501350084805,5.469410207243483,6.735603293604567
2462988.5,2463303.279661017,2031-05-02 00:00:00.000,2032-03-11 18:42:42.712,314.77966101694915,10.788238371037146,4.107945576499794,6.680292794537352
2462988.5,2463321.737288136,2031-05-02 00:00:00.000,2032-03-30 05:41:41.695,333.23728813559325,10.385169743396428,3.731763561493063,6.653406181903363
2462988.5,2463340.194915254,2031-05-02 00:00:00.000,2032-04-17 16:40:40.678,351.69491525423734,10.253187309421168,3.5605908752262856,6.692596434194884
2462988.5,2463358.6525423727,2031-05-02 00:00:00.000,2032-05-06 03:39:39.661,370.1525423728814,10.350405169682716,3.600735935320257,6.749669234362458
2462988.5,2463377.110169492,2031-05-02 00:00:00.000,2032-05-24 14:38:38.644,388.6101694915254,10.68715849529378,3.860388939477004,6.826769555816776
2462988.5,2463395.5677966103,2031-05-02 00:00:00.000,2032-06-12 01:37:37.627,407.0677966101695,11.24463438647081,4.315425857950697,6.929208528520112
2462988.5,2463414.025423729,2031-05-02 00:00:00.000,2032-06-30 12:36:36.610,425.5254237288136,11.994495066850307,4.931057936377573,7.063437130472737
2462988.5,2463432.4830508474,2031-05-02 00:00:00.000,2032-07-18 23:35:35.593,443.98305084745766,12.916737108376758,5.679534509407996,7.237202598968762
2462988.5,2463450.940677966,2031-05-02 00:00:00.000,2032-08-06 10:34:34.576,462.4406779661017,14.00631815402484,6.546243433543595,7.460074720481245
2462988.5,2463469.398305085,2031-05-02 00:00:00.000,2032-08-24 21:33:33.559,480.8983050847458,15.273945476600234,7.52961711225961,7.744328364340625
2462988.5,2463487.855932204,2031-05-02 00:00:00.000,2032-09-12 08:32:32.542,499.3559322033899,16.746334931683705,8.640118758072665,8.106216173611038
2462988.5,2463506.313559322,2031-05-02 00:00:00.000,2032-09-30 19:31:31.525,517.8135593220339,18.46837673096254,9.900493491391869,8.567883239570673
2462989.5,2463119.7033898304,2031-05-03 00:00:00.000,2031-09-10 04:52:52.881,130.20338983050848,18.51709648538945,11.970427586945773,6.546668898443682
2462989.5,2463138.161016949,2031-05-03 00:00:00.000,2031-09-28 15:51:51.864,148.66101694915255,17.296994564376178,11.0343924501897,6.262602114186477
2462989.5,2463156.618644068,2031-05-03 00:00:00.000,2031-10-17 02:50:50.847,167.11864406779662,16.352643176980674,10.153109256890485,6.19953392009019
2462989.5,2463175.0762711866,2031-05-03 00:00:00.000,2031-11-04 13:49:49.831,185.5762711864407,15.540491316774526,9.30134536137528,6.239145955399247
2462989.5,2463193.533898305,2031-05-03 00:00:00.000,2031-11-23 00:48:48.814,204.0338983050848,14.786481929434782,8.471048778387635,6.315433151047148
2462989.5,2463211.991525424,2031-05-03 00:00:00.000,2031-12-11 11:47:47.797,222.49152542372883,14.059002098666774,7.663603163802371,6.395398934864402
2462989.5,2463230.4491525423,2031-05-03 00:00:00.000,2031-12-29 22:46:46.780,240.9491525423729,13.35200656401556,6.88689522829274,6.46511133572282
2462989.5,2463248.906779661,2031-05-03 00:00:00.000,2032-01-17 09:45:45.763,259.40677966101697,12.67818118111052,6.156695464310257,6.521485716800264
2462989.5,2463267.36440678,2031-05-03 00:00:00.000,2032-02-04 20:44:44.746,277.86440677966107,12.082323631129906,5.512339287191337,6.569984343938569
2462989.5,2463285.8220338984,2031-05-03 00:00:00.000,2032-02-23 07:43:43.729,296.3220338983051,12.028807263531682,5.325843286915746,6.702963976615935
2462989.5,2463304.279661017,2031-05-03 00:00:00.000,2032-03-12 18:42:42.712,314.77966101694915,10.832505475043792,4.142630685758655,6.689874789285138
2462989.5,2463322.737288136,2031-05-03 00:00:00.000,2032-03-31 05:41:41.695,333.23728813559325,10.43401693249928,3.771020891566292,6.662996040932988
2462989.5,2463341.194915254,2031-05-03 00:00:00.000,2032-04-18 16:40:40.678,351.69491525423734,10.286980891694206,3.5896992860210166,6.697281605673189
2462989.5,2463359.6525423727,2031-05-03 00:00:00.000,2032-05-07 03:39:39.661,370.1525423728814,10.365348225767992,3.616425768611717,6.748922457156276
2462989.5,2463378.110169492,2031-05-03 00:00:00.000,2032-05-25 14:38:38.644,388.6101694915254,10.68199715780517,3.861476755138816,6.820520402666354
2462989.5,2463396.5677966103,2031-05-03 00:00:00.000,2032-06-13 01:37:37.627,407.0677966101695,11.219693631403551,4.302304251919261,6.917389379484291
2462989.5,2463415.025423729,2031-05-03 00:00:00.000,2032-07-01 12:36:36.610,425.5254237288136,11.95056439963662,4.904680001824282,7.045884397812336
2462989.5,2463433.4830508474,2031-05-03 00:00:00.000,2032-07-19 23:35:35.593,443.98305084745766,12.854187823853715,5.640580435611925,7.213607388241793
2462989.5,2463451.940677966,2031-05-03 00:00:00.000,2032-08-07 10:34:34.576,462.4406779661017,13.924718514828315,6.494779617015439,7.429938897812877
2462989.5,2463470.398305085,2031-05-03 00:00:00.000,2032-08-25 21:33:33.559,480.8983050847458,15.171925464503625,7.465015939789279,7.706909524714343
2462989.5,2463488.855932204,2031-05-03 00:00:00.000,2032-09-13 08:32:32.542,499.3559322033899,16.62146553659646,8.561022605384494,8.060442931211965
2462989.5,2463507.313559322,2031-05-03 00:00:00.000,2032-10-01 19:31:31.525,517.8135593220339,18.31695813878884,9.8047213720091,8.51223676677974
2462990.5,2463120.7033898304,2031-05-04 00:00:00.000,2031-09-11 04:52:52.881,130.20338983050848,18.713928027609803,12.093643732993447,6.620284294616355
2462990.5,2463139.161016949,2031-05-04 00:00:00.000,2031-09-29 15:51:51.864,148.66101694915255,17.482648105692547,11.141322951317871,6.341325154374677
2462990.5,2463157.618644068,2031-05-04 00:00:00.000,2031-10-18 02:50:50.847,167.11864406779662,16.522829344091214,10.246134103134168,6.276695240957047
2462990.5,2463176.0762711866,2031-05-04 00:00:00.000,2031-11-05 13:49:49.831,185.5762711864407,15.693284482784922,9.382524466649922,6.310760016134999
2462990.5,2463194.533898305,2031-05-04 00:00:00.000,2031-11-24 00:48:48.814,204.0338983050848,14.92160759266972,8.542113052920804,6.379494539748916
2462990.5,2463212.991525424,2031-05-04 00:00:00.000,2031-12-12 11:47:47.797,222.49152542372883,14.176975080459286,7.725886328272939,6.451088752186347
2462990.5,2463231.4491525423,2031-05-04 00:00:00.000,2031-12-30 22:46:46.780,240.9491525423729,13.453331015265483,6.941101095104294,6.51222992016119
2462990.5,2463249.906779661,2031-05-04 00:00:00.000,2032-01-18 09:45:45.763,259.40677966101697,12.762066967043108,6.202080150844314,6.559986816198793
2462990.5,2463268.36440678,2031-05-04 00:00:00.000,2032-02-05 20:44:44.746,277.86440677966107,12.141081096700324,5.542265131458586,6.598815965241738
2462990.5,2463286.8220338984,2031-05-04 00:00:00.000,2032-02-24 07:43:43.729,296.3220338983051,11.914979885293851,5.226792601421159,6.688187283872695
2462990.5,2463305.279661017,2031-05-04 00:00:00.000,2032-03-13 18:42:42.712,314.77966101694915,10.876958066210475,4.178133338051021,6.698824728159456
2462990.5,2463323.737288136,2031-05-04 00:00:00.000,2032-04-01 05:41:41.695,333.23728813559325,10.483796746214482,3.811121206217933,6.67267553999655
2462990.5,2463342.194915254,2031-05-04 00:00:00.000,2032-04-19 16:40:40.678,351.69491525423734,10.321450052208212,3.619399551222852,6.702050500985361
2462990.5,2463360.6525423727,2031-05-04 00:00:00.000,2032-05-08 03:39:39.661,370.1525423728814,10.381004718588695,3.632727928740029,6.748276789848668
2462990.5,2463379.110169492,2031-05-04 00:00:00.000,2032-05-26 14:38:38.644,388.6101694915254,10.677619701257717,3.8632126926835615,6.814407008574153
2462990.5,2463397.5677966103,2031-05-04 00:00:00.000,2032-06-14 01:37:37.627,407.0677966101695,11.195579480306233,4.289826787954766,6.9057526923514665
2462990.5,2463416.025423729,2031-05-04 00:00:00.000,2032-07-02 12:36:36.610,425.5254237288136,11.907504949878406,4.878932867068608,7.028572082809799
2462990.5,2463434.4830508474,2031-05-04 00:00:00.000,2032-07-20 23:35:35.593,443.98305084745766,12.792591733759732,5.602268778159311,7.19032295560042
2462990.5,2463452.940677966,2031-05-04 00:00:00.000,2032-08-08 10:34:34.576,462.4406779661017,13.844212363167422,6.444012752788949,7.400199610378474
2462990.5,2463471.398305085,2031-05-04 00:00:00.000,2032-08-26 21:33:33.559,480.8983050847458,15.071211340658603,7.401218271284949,7.669993069373653
2462990.5,2463489.855932204,2031-05-04 00:00:00.000,2032-09-14 08:32:32.542,499.3559322033899,16.498201831276695,8.482896955418791,8.015304875857902
2462990.5,2463508.313559322,2031-05-04 00:00:00.000,2032-10-02 19:31:31.525,517.8135593220339,18.16755523102732,9.71015970171933,8.457395529307988
2462991.5,2463121.7033898304,2031-05-05 00:00:00.000,2031-09-12 04:52:52.881,130.20338983050848,18.91236487350733,12.216357979581836,6.696006893925495
2462991.5,2463140.161016949,2031-05-05 00:00:00.000,2031-09-30 15:51:51.864,148.66101694915255,17.669052721104457,11.2477799378487,6.421272783255757
2462991.5,2463158.618644068,2031-05-05 00:00:00.000,2031-10-19 02:50:50.847,167.11864406779662,16.693237308696247,10.33873000004722,6.354507308649026
2462991.5,2463177.0762711866,2031-05-05 00:00:00.000,2031-11-06 13:49:49.831,185.5762711864407,15.846014938146618,9.463326626942642,6.382688311203976
2462991.5,2463195.533898305,2031-05-05 00:00:00.000,2031-11-25 00:48:48.814,204.0338983050848,15.056545577804664,8.612860013383395,6.443685564421268
2462991.5,2463213.991525424,2031-05-05 00:00:00.000,2031-12-13 11:47:47.797,222.49152542372883,14.294748190081656,7.78792926259273,6.506818927488927
2462991.5,2463232.4491525423,2031-05-05 00:00:00.000,2031-12-31 22:46:46.780,240.9491525423729,13.554565821173522,6.995195399744303,6.559370421429218
2462991.5,2463250.906779661,2031-05-05 00:00:00.000,2032-01-19 09:45:45.763,259.40677966101697,12.846249916781392,6.24766718800249,6.598582728778903
2462991.5,2463269.36440678,2031-05-05 00:00:00.000,2032-02-06 20:44:44.746,277.86440677966107,12.20191242532374,5.573747313117554,6.628165112206185
2462991.5,2463287.8220338984,2031-05-05 00:00:00.000,2032-02-25 07:43:43.729,296.3220338983051,11.846428519488857,5.16066046311728,6.685768056371576
2462991.5,2463306.279661017,2031-05-05 00:00:00.000,2032-03-14 18:42:42.712,314.77966101694915,10.922090325436931,4.214948444643488,6.707141880793446
2462991.5,2463324.737288136,2031-05-05 00:00:00.000,2032-04-02 05:41:41.695,333.23728813559325,10.534542299400249,3.852072759420406,6.682469539979843
2462991.5,2463343.194915254,2031-05-05 00:00:00.000,2032-04-20 16:40:40.678,351.69491525423734,10.356513332669309,3.649602287444611,6.706911045224697
2462991.5,2463361.6525423727,2031-05-05 00:00:00.000,2032-05-09 03:39:39.661,370.1525423728814,10.397256769274716,3.649521062096842,6.747735707177875
2462991.5,2463380.110169492,2031-05-05 00:00:00.000,2032-05-27 14:38:38.644,388.6101694915254,10.673897947226724,3.86546704019369,6.808430907033035
2462991.5,2463398.5677966103,2031-05-05 00:00:00.000,2032-06-15 01:37:37.627,407.0677966101695,11.17216508936265,4.277866378711201,6.894298710651451
2462991.5,2463417.025423729,2031-05-05 00:00:00.000,2032-07-03 12:36:36.610,425.5254237288136,11.86519495744302,4.853695756449281,7.01149920099374
2462991.5,2463435.4830508474,2031-05-05 00:00:00.000,2032-07-21 23:35:35.593,443.98305084745766,12.73183266393498,5.564485733101089,7.16734693083389
2462991.5,2463453.940677966,2031-05-05 00:00:00.000,2032-08-09 10:34:34.576,462.4406779661017,13.76468836371094,6.393835580449016,7.370852783261924
2462991.5,2463472.398305085,2031-05-05 00:00:00.000,2032-08-27 21:33:33.559,480.8983050847458,14.97169514211025,7.338122441268558,7.633572700841692
2462991.5,2463490.855932204,2031-05-05 00:00:00.000,2032-09-15 08:32:32.542,499.3559322033899,16.376437199502845,8.405644396547082,7.970792802955764
2462991.5,2463509.313559322,2031-05-05 00:00:00.000,2032-10-03 19:31:31.525,517.8135593220339,18.020059985110198,9.616713576332128,8.403346408778065
2462991.5,2463527.7711864407,2031-05-05 00:00:00.000,2032-10-22 06:30:30.508,536.271186440678,19.96612092828572,11.005668133256064,8.960452795029653
2462992.5,2463122.7033898304,2031-05-06 00:00:00.000,2031-09-13 04:52:52.881,130.20338983050848,19.112415166917472,12.338671132249331,6.773744034668139
2462992.5,2463141.161016949,2031-05-06 00:00:00.000,2031-10-01 15:51:51.864,148.66101694915255,17.85624168603281,11.35386024622004,6.502381439812767
2462992.5,2463159.618644068,2031-05-06 00:00:00.000,2031-10-20 02:50:50.847,167.11864406779662,16.863918818404628,10.430987809900271,6.432931008504358
2462992.5,2463178.0762711866,2031-05-06 00:00:00.000,2031-11-07 13:49:49.831,185.5762711864407,15.998742464125062,9.543835128982556,6.454907335142506
2462992.5,2463196.533898305,2031-05-06 00:00:00.000,2031-11-26 00:48:48.814,204.0338983050848,15.191355164032482,8.683363598347091,6.507991565685391
2462992.5,2463214.991525424,2031-05-06 00:00:00.000,2031-12-14 11:47:47.797,222.49152542372883,14.412373188207727,7.849793917694794,6.562579270512934
2462992.5,2463233.4491525423,2031-05-06 00:00:00.000,2032-01-01 22:46:46.780,240.9491525423729,13.655745966380636,7.049222608176274,6.6065233582043605
2462992.5,2463251.906779661,2031-05-06 00:00:00.000,2032-01-20 09:45:45.763,259.40677966101697,12.930722150282527,6.293465146000685,6.637257004281843
2462992.5,2463270.36440678,2031-05-06 00:00:00.000,2032-02-07 20:44:44.746,277.86440677966107,12.264583033074404,5.606625903955848,6.657957129118556
2462992.5,2463288.8220338984,2031-05-06 00:00:00.000,2032-02-26 07:43:43.729,296.3220338983051,11.811177273653286,5.119157879421644,6.692019394231643
2462992.5,2463307.279661017,2031-05-06 00:00:00.000,2032-03-15 18:42:42.712,314.77966101694915,10.968808749344609,4.253931642975323,6.714877106369285
2462992.5,2463325.737288136,2031-05-06 00:00:00.000,2032-04-03 05:41:41.695,333.23728813559325,10.58633369157323,3.893925712809821,6.692407978763409
2462992.5,2463344.194915254,2031-05-06 00:00:00.000,2032-04-21 16:40:40.678,351.69491525423734,10.392110611431086,3.68023806253235,6.711872548898736
2462992.5,2463362.6525423727,2031-05-06 00:00:00.000,2032-05-10 03:39:39.661,370.1525423728814,10.41399360197236,3.6666901075431313,6.747303494429228
2462992.5,2463381.110169492,2031-05-06 00:00:00.000,2032-05-28 14:38:38.644,388.6101694915254,10.670697966236572,3.86810369771918,6.802594268517392
2462992.5,2463399.5677966103,2031-05-06 00:00:00.000,2032-06-16 01:37:37.627,407.0677966101695,11.149307433591922,4.266279195477019,6.883028238114902
2462992.5,2463418.025423729,2031-05-06 00:00:00.000,2032-07-04 12:36:36.610,425.5254237288136,11.823488914837103,4.828823629275061,6.994665285562041
2462992.5,2463436.4830508474,2031-05-06 00:00:00.000,2032-07-22 23:35:35.593,443.98305084745766,12.671765491254334,5.527088053410571,7.144677437843764
2462992.5,2463454.940677966,2031-05-06 00:00:00.000,2032-08-10 10:34:34.576,462.4406779661017,13.686002714535796,6.34410788609074,7.341894828445057
2462992.5,2463473.398305085,2031-05-06 00:00:00.000,2032-08-28 21:33:33.559,480.8983050847458,14.873234062740089,7.275591446169064,7.597642616571023
2462992.5,2463491.855932204,2031-05-06 00:00:00.000,2032-09-16 08:32:32.542,499.3559322033899,16.256028586090817,8.329130554848067,7.92689803124275
2462992.5,2463510.313559322,2031-05-06 00:00:00.000,2032-10-04 19:31:31.525,517.8135593220339,17.874326896529585,9.52425003446249,8.350076862067095
2462992.5,2463528.7711864407,2031-05-06 00:00:00.000,2032-10-23 06:30:30.508,536.271186440678,19.79012947946717,10.894322301305944,8.895807178161226
2462993.5,2463123.7033898304,2031-05-07 00:00:00.000,2031-09-14 04:52:52.881,130.20338983050848,19.31413489847716,12.460728144631682,6.853406753845479
2462993.5,2463142.161016949,2031-05-07 00:00:00.000,2031-10-02 15:51:51.864,148.66101694915255,18.04429682425237,11.459705436153603,6.584591388098768
2462993.5,2463160.618644068,2031-05-07 00:00:00.000,2031-10-21 02:50:50.847,167.11864406779662,17.0349741516502,10.523043880835672,6.511930270814529
2462993.5,2463179.0762711866,2031-05-07 00:00:00.000,2031-11-08 13:49:49.831,185.5762711864407,16.151575512010357,9.62417958361064,6.527395928399717
2462993.5,2463197.533898305,2031-05-07 00:00:00.000,2031-11-27 00:48:48.814,204.0338983050848,15.32614471603333,8.753744921201056,6.572399794832273
2462993.5,2463215.991525424,2031-05-07 00:00:00.000,2031-12-15 11:47:47.797,222.49152542372883,14.529951532479096,7.911590254505499,6.618361277973598
2462993.5,2463234.4491525423,2031-05-07 00:00:00.000,2032-01-02 22:46:46.780,240.9491525423729,13.756957015908494,7.103276095471482,6.653680920437011
2462993.5,2463252.906779661,2031-05-07 00:00:00.000,2032-01-21 09:45:45.763,259.40677966101697,13.015528882329637,6.3395333832599015,6.675995499069734
2462993.5,2463271.36440678,2031-05-07 00:00:00.000,2032-02-08 20:44:44.746,277.86440677966107,12.328936305258615,5.640808839446128,6.688127465812489
2462993.5,2463289.8220338984,2031-05-07 00:00:00.000,2032-02-27 07:43:43.729,296.3220338983051,11.800734566041791,5.096310855676075,6.704423710365719
2462993.5,2463308.279661017,2031-05-07 00:00:00.000,2032-03-16 18:42:42.712,314.77966101694915,11.018728086066774,4.29654278220065,6.722185303866125
2462993.5,2463326.737288136,2031-05-07 00:00:00.000,2032-04-04 05:41:41.695,333.23728813559325,10.639321289230178,3.936794172502287,6.702527116727891
2462993.5,2463345.194915254,2031-05-07 00:00:00.000,2032-04-22 16:40:40.678,351.69491525423734,10.428224184641987,3.711278059186554,6.716946125455435
2462993.5,2463363.6525423727,2031-05-07 00:00:00.000,2032-05-11 03:39:39.661,370.1525423728814,10.431132301657692,3.6841467100681258,6.746985591589566
2462993.5,2463382.110169492,2031-05-07 00:00:00.000,2032-05-29 14:38:38.644,388.6101694915254,10.667899109419368,3.870998874728947,6.796900234690421
2462993.5,2463400.5677966103,2031-05-07 00:00:00.000,2032-06-17 01:37:37.627,407.0677966101695,11.126863492404706,4.254920518133088,6.871942974271617
2462993.5,2463419.025423729,2031-05-07 00:00:00.000,2032-07-05 12:36:36.610,425.5254237288136,11.78223059236938,4.804159863186547,6.978070729182833
2462993.5,2463437.4830508474,2031-05-07 00:00:00.000,2032-07-23 23:35:35.593,443.98305084745766,12.612226211721543,5.4899127666092085,7.122313445112336
2462993.5,2463455.940677966,2031-05-07 00:00:00.000,2032-08-11 10:34:34.576,462.4406779661017,13.607986629859454,6.294663623792302,7.313323006067152
2462993.5,2463474.398305085,2031-05-07 00:00:00.000,2032-08-29 21:33:33.559,480.8983050847458,14.77565571389437,7.213457829691009,7.5621978842033615
2462993.5,2463492.855932204,2031-05-07 00:00:00.000,2032-09-17 08:32:32.542,499.3559322033899,16.136799830904597,8.253187036529388,7.883612794375209
2462993.5,2463511.313559322,2031-05-07 00:00:00.000,2032-10-05 19:31:31.525,517.8135593220339,17.730174609627205,9.43259927615021,8.297575333476997
2462993.5,2463529.7711864407,2031-05-07 00:00:00.000,2032-10-24 06:30:30.508,536.271186440678,19.616254559018135,10.784118757464546,8.832135801553592
2462994.5,2463124.7033898304,2031-05-08 00:00:00.000,2031-09-15 04:52:52.881,130.20338983050848,19.51761928224937,12.58270914128313,6.934910140966244
2462994.5,2463143.161016949,2031-05-08 00:00:00.000,2031-10-03 15:51:51.864,148.66101694915255,18.233340921387807,11.565494056444162,6.667846864943644
2462994.5,2463161.618644068,2031-05-08 00:00:00.000,2031-10-22 02:50:50.847,167.11864406779662,17.206545842556633,10.615073655267995,6.591472187288637
2462994.5,2463180.0762711866,2031-05-08 00:00:00.000,2031-11-09 13:49:49.831,185.5762711864407,16.304666408222516,9.704530989745322,6.600135418477194
2462994.5,2463198.533898305,2031-05-08 00:00:00.000,2031-11-28 00:48:48.814,204.0338983050848,15.46106851361461,8.824168929166254,6.636899584448355
2462994.5,2463216.991525424,2031-05-08 00:00:00.000,2031-12-16 11:47:47.797,222.49152542372883,14.647633005416916,7.973474678669993,6.674158326746925
2462994.5,2463235.4491525423,2031-05-08 00:00:00.000,2032-01-03 22:46:46.780,240.9491525423729,13.858335768202796,7.157498593190977,6.700837175011819
2462994.5,2463253.906779661,2031-05-08 00:00:00.000,2032-01-22 09:45:45.763,259.40677966101697,13.100771304009196,6.385984764857908,6.714786539151288
2462994.5,2463272.36440678,2031-05-08 00:00:00.000,2032-02-09 20:44:44.746,277.86440677966107,12.394896318468136,5.676275538105993,6.718620780362143
2462994.5,2463290.8220338984,2031-05-08 00:00:00.000,2032-02-28 07:43:43.729,296.3220338983051,11.809029504134315,5.087796951914193,6.721232552220124
2462994.5,2463309.279661017,2031-05-08 00:00:00.000,2032-03-17 18:42:42.712,314.77966101694915,11.074701906668032,4.345271082115521,6.729430824552511
2462994.5,2463327.737288136,2031-05-08 00:00:00.000,2032-04-05 05:41:41.695,333.23728813559325,10.693746513754654,3.980875531726666,6.712870982027988
2462994.5,2463346.194915254,2031-05-08 00:00:00.000,2032-04-23 16:40:40.678,351.69491525423734,10.46489958111998,3.7427544786816487,6.722145102438331
2462994.5,2463364.6525423727,2031-05-08 00:00:00.000,2032-05-12 03:39:39.661,370.1525423728814,10.448641563860054,3.701852639419075,6.746788924440978
2462994.5,2463383.110169492,2031-05-08 00:00:00.000,2032-05-30 14:38:38.644,388.6101694915254,10.665419077045527,3.874065833331819,6.791353243713711
2462994.5,2463401.5677966103,2031-05-08 00:00:00.000,2032-06-18 01:37:37.627,407.0677966101695,11.104714770483715,4.243668923662105,6.861045846821612
2462994.5,2463420.025423729,2031-05-08 00:00:00.000,2032-07-06 12:36:36.610,425.5254237288136,11.741275876237172,4.779558747587709,6.961717128649462
2462994.5,2463438.4830508474,2031-05-08 00:00:00.000,2032-07-24 23:35:35.593,443.98305084745766,12.553052681537928,5.452797556028776,7.10025512550915
2462994.5,2463456.940677966,2031-05-08 00:00:00.000,2032-08-12 10:34:34.576,462.4406779661017,13.530464962365851,6.245329160456076,7.285135801909777
2462994.5,2463475.398305085,2031-05-08 00:00:00.000,2032-08-30 21:33:33.559,480.8983050847458,14.678774754332188,7.151539913660738,7.527234840671451
2462994.5,2463493.855932204,2031-05-08 00:00:00.000,2032-09-18 08:32:32.542,499.3559322033899,16.0185564586381,8.177625793624387,7.840930665013713
2462994.5,2463512.313559322,2031-05-08 00:00:00.000,2032-10-06 19:31:31.525,517.8135593220339,17.587399000343602,9.341567290818231,8.24583170952537
2462994.5,2463530.7711864407,2031-05-08 00:00:00.000,2032-10-25 06:30:30.508,536.271186440678,19.44428044844033,10.674856855874047,8.76942359256628
2462995.5,2463125.7033898304,2031-05-09 00:00:00.000,2031-09-16 04:52:52.881,130.20338983050848,19.722981980392813,12.70480855902483,7.018173421367982
2462995.5,2463144.161016949,2031-05-09 00:00:00.000,2031-10-04 15:51:51.864,148.66101694915255,18.423517879595224,11.671421885746264,6.75209599384896
2462995.5,2463162.618644068,2031-05-09 00:00:00.000,2031-10-23 02:50:50.847,167.11864406779662,17.3788000070699,10.707273090466185,6.671526916603714
2462995.5,2463181.0762711866,2031-05-09 00:00:00.000,2031-11-10 13:49:49.831,185.5762711864407,16.458194013563094,9.785084449038656,6.67310956452444
2462995.5,2463199.533898305,2031-05-09 00:00:00.000,2031-11-29 00:48:48.814,204.0338983050848,15.596310903626708,8.894828569326318,6.701482334300389
2462995.5,2463217.991525424,2031-05-09 00:00:00.000,2031-12-17 11:47:47.797,222.49152542372883,14.765601566915874,8.035635873793487,6.729965693122388
2462995.5,2463236.4491525423,2031-05-09 00:00:00.000,2032-01-04 22:46:46.780,240.9491525423729,13.960058093742404,7.212069986036631,6.747988107705773
2462995.5,2463254.906779661,2031-05-09 00:00:00.000,2032-01-23 09:45:45.763,259.40677966101697,13.186596716687887,6.432975783762798,6.753620932925089
2462995.5,2463273.36440678,2031-05-09 00:00:00.000,2032-02-10 20:44:44.746,277.86440677966107,12.462458422780266,5.713068369901348,6.749390052878919
2462995.5,2463291.8220338984,2031-05-09 00:00:00.000,2032-02-29 07:43:43.729,296.3220338983051,11.831698825904544,5.090485059318295,6.741213766586249
2462995.5,2463310.279661017,2031-05-09 00:00:00.000,2032-03-18 18:42:42.712,314.77966101694915,11.141832716176884,4.4044246429444405,6.737408073232444
2462995.5,2463328.737288136,2031-05-09 00:00:00.000,2032-04-06 05:41:41.695,333.23728813559325,10.749952668720276,4.026459686960285,6.723492981759991
2462995.5,2463347.194915254,2031-05-09 00:00:00.000,2032-04-24 16:40:40.678,351.69491525423734,10.502258040714214,3.774772704187016,6.727485336527199
2462995.5,2463365.6525423727,2031-05-09 00:00:00.000,2032-05-13 03:39:39.661,370.1525423728814,10.466560391281147,3.719838259939912,6.746722131341236
2462995.5,2463384.110169492,2031-05-09 00:00:00.000,2032-05-31 14:38:38.644,388.6101694915254,10.663237639244953,3.8772783843567153,6.785959254888237
2462995.5,2463402.5677966103,2031-05-09 00:00:00.000,2032-06-19 01:37:37.627,407.0677966101695,11.082793863582308,4.232452615406587,6.850341248175719
2462995.5,2463421.025423729,2031-05-09 00:00:00.000,2032-07-07 12:36:36.610,425.5254237288136,11.700520339542692,4.754912801055599,6.945607538487094
2462995.5,2463439.4830508474,2031-05-09 00:00:00.000,2032-07-25 23:35:35.593,443.98305084745766,12.494112082131764,5.415607952403713,7.07850412972805
2462995.5,2463457.940677966,2031-05-09 00:00:00.000,2032-08-13 10:34:34.576,462.4406779661017,13.453283007041204,6.195949784018107,7.257333223023097
2462995.5,2463476.398305085,2031-05-09 00:00:00.000,2032-08-31 21:33:33.559,480.8983050847458,14.582418787820522,7.089667373843972,7.492751413976551
2462995.5,2463494.855932204,2031-05-09 00:00:00.000,2032-09-19 08:32:32.542,499.3559322033899,15.901110570600032,8.102263664243859,7.798846906356173
2462995.5,2463513.313559322,2031-05-09 00:00:00.000,2032-10-07 19:31:31.525,517.8135593220339,17.445797024615764,9.250959318201966,8.194837706413796
2462995.5,2463531.7711864407,2031-05-09 00:00:00.000,2032-10-26 06:30:30.508,536.271186440678,19.2739876611708,10.566330166091005,8.707657495079793
2462996.5,2463126.7033898304,2031-05-10 00:00:00.000,2031-09-17 04:52:52.881,130.20338983050848,19.93032699614294,12.8272072719511,7.103119724191839
2462996.5,2463145.161016949,2031-05-10 00:00:00.000,2031-10-05 15:51:51.864,148.66101694915255,18.614965022666603,11.777674597328303,6.8372904253382965
2462996.5,2463163.618644068,2031-05-10 00:00:00.000,2031-10-24 02:50:50.847,167.11864406779662,17.55189922420266,10.799831885589894,6.752067338612767
2462996.5,2463182.0762711866,2031-05-10 00:00:00.000,2031-11-11 13:49:49.831,185.5762711864407,16.61233728805188,9.866033025920006,6.746304262131875
2462996.5,2463200.533898305,2031-05-10 00:00:00.000,2031-11-30 00:48:48.814,204.0338983050848,15.732060665836002,8.965919400480225,6.7661412653557775
2462996.5,2463218.991525424,2031-05-10 00:00:00.000,2031-12-18 11:47:47.797,222.49152542372883,14.884050689070538,8.098270342274938,6.7857803467956
2462996.5,2463237.4491525423,2031-05-10 00:00:00.000,2032-01-05 22:46:46.780,240.9491525423729,14.062315482185127,7.267184036399685,6.795131445785441
2462996.5,2463255.906779661,2031-05-10 00:00:00.000,2032-01-24 09:45:45.763,259.40677966101697,13.273176561564467,6.480684788458034,6.792491773106433
2462996.5,2463274.36440678,2031-05-10 00:00:00.000,2032-02-11 20:44:44.746,277.86440677966107,12.531667161274116,5.751271541036127,6.780395620237988
2462996.5,2463292.8220338984,2031-05-10 00:00:00.000,2032-03-01 07:43:43.729,296.3220338983051,11.865590546072855,5.102102463080168,6.76348808299269
2462996.5,2463311.279661017,2031-05-10 00:00:00.000,2032-03-19 18:42:42.712,314.77966101694915,11.229537517682374,4.481708970698387,6.747828546983986
2462996.5,2463329.737288136,2031-05-10 00:00:00.000,2032-04-07 05:41:41.695,333.23728813559325,10.80838148729526,4.073923809516689,6.73445767777857
2462996.5,2463348.194915254,2031-05-10 00:00:00.000,2032-04-25 16:40:40.678,351.69491525423734,10.540494332566851,3.807508974537671,6.73298535802918
2462996.5,2463366.6525423727,2031-05-10 00:00:00.000,2032-05-14 03:39:39.661,370.1525423728814,10.485003836186973,3.7382082285702194,6.746795607616752
2462996.5,2463385.110169492,2031-05-10 00:00:00.000,2032-06-01 14:38:38.644,388.6101694915254,10.661410168685178,3.8806843767978743,6.780725791887304
2462996.5,2463403.5677966103,2031-05-10 00:00:00.000,2032-06-20 01:37:37.627,407.0677966101695,11.06110400391402,4.2212689115381385,6.839835092375882
2462996.5,2463422.025423729,2031-05-10 00:00:00.000,2032-07-08 12:36:36.610,425.5254237288136,11.659922741618855,4.730176195458785,6.92974654616007
2462996.5,2463440.4830508474,2031-05-10 00:00:00.000,2032-07-26 23:35:35.593,443.98305084745766,12.435326794159796,5.378263112289355,7.05706368187044
2462996.5,2463458.940677966,2031-05-10 00:00:00.000,2032-08-14 10:34:34.576,462.4406779661017,13.376333735019225,6.14641681983914,7.229916915180082
2462996.5,2463477.398305085,2031-05-10 00:00:00.000,2032-09-01 21:33:33.559,480.8983050847458,14.486456345086356,7.027709079515227,7.45874726557113
2462996.5,2463495.855932204,2031-05-10 00:00:00.000,2032-09-20 08:32:32.542,499.3559322033899,15.78430920492681,8.02695056277547,7.75735864215134
2462996.5,2463514.313559322,2031-05-10 00:00:00.000,2032-10-08 19:31:31.525,517.8135593220339,17.305195227514986,9.160608154728097,8.144587072786889
2462996.5,2463532.7711864407,2031-05-10 00:00:00.000,2032-10-27 06:30:30.508,536.271186440678,19.10518145041751,10.458354738055082,8.646826712362428
2462997.5,2463146.161016949,2031-05-11 00:00:00.000,2031-10-06 15:51:51.864,148.66101694915255,18.807786053180607,11.884401304651533,6.9233847485290765
2462997.5,2463164.618644068,2031-05-11 00:00:00.000,2031-10-25 02:50:50.847,167.11864406779662,17.725975229208082,10.892906732269434,6.833068496938648
2462997.5,2463183.0762711866,2031-05-11 00:00:00.000,2031-11-12 13:49:49.831,185.5762711864407,16.76724774050479,9.947540699034093,6.819707041470696
2462997.5,2463201.533898305,2031-05-11 00:00:00.000,2031-12-01 00:48:48.814,204.0338983050848,15.868483247013156,9.037612279054716,6.830870967958439
2462997.5,2463219.991525424,2031-05-11 00:00:00.000,2031-12-19 11:47:47.797,222.49152542372883,15.003155435714923,8.161554897242528,6.841600538472394
2462997.5,2463238.4491525423,2031-05-11 00:00:00.000,2032-01-06 22:46:46.780,240.9491525423729,14.165287072220112,7.323020799038029,6.842266273182083
2462997.5,2463256.906779661,2031-05-11 00:00:00.000,2032-01-25 09:45:45.763,259.40677966101697,13.360678486495734,6.5292844535789,6.831394032916834
2462997.5,2463275.36440678,2031-05-11 00:00:00.000,2032-02-12 20:44:44.746,277.86440677966107,12.602586762982313,5.790982651844414,6.811604111137899
2462997.5,2463293.8220338984,2031-05-11 00:00:00.000,2032-03-02 07:43:43.729,296.3220338983051,11.908407861414451,5.120986632947479,6.787421228466975
2462997.5,2463312.279661017,2031-05-11 00:00:00.000,2032-03-20 18:42:42.712,314.77966101694915,11.356106272037357,4.591633230700466,6.764473041336891
2462997.5,2463330.737288136,2031-05-11 00:00:00.000,2032-04-08 05:41:41.695,333.23728813559325,10.86955739811212,4.123714594755251,6.74584280335687
2462997.5,2463349.194915254,2031-05-11 00:00:00.000,2032-04-26 16:40:40.678,351.69491525423734,10.579859232858515,3.841192908724367,6.73866632413415
2462997.5,2463367.6525423727,2031-05-11 00:00:00.000,2032-05-15 03:39:39.661,370.1525423728814,10.504152508657477,3.757131167203174,6.747021341454302
2462997.5,2463386.110169492,2031-05-11 00:00:00.000,2032-06-02 14:38:38.644,388.6101694915254,10.660065390927828,3.8844036165362494,6.775661774391579
2462997.5,2463404.5677966103,2031-05-11 00:00:00.000,2032-06-21 01:37:37.627,407.0677966101695,11.039724324275682,4.210189666350226,6.829534657925454
2462997.5,2463423.025423729,2031-05-11 00:00:00.000,2032-07-09 12:36:36.610,425.5254237288136,11.619516181815357,4.705376051998158,6.914140129817199
2462997.5,2463441.4830508474,2031-05-11 00:00:00.000,2032-07-27 23:35:35.593,443.98305084745766,12.376689860019496,5.3407514068992645,7.035938453120232
2462997.5,2463459.940677966,2031-05-11 00:00:00.000,2032-08-15 10:34:34.576,462.4406779661017,13.29957637573056,6.096686323141886,7.202890052588673
2462997.5,2463478.398305085,2031-05-11 00:00:00.000,2032-09-02 21:33:33.559,480.8983050847458,14.390817773498188,6.965594076001669,7.425223697496517
2462997.5,2463496.855932204,2031-05-11 00:00:00.000,2032-09-21 08:32:32.542,499.3559322033899,15.668056991584656,7.951592209525987,7.716464782058668
2462997.5,2463515.313559322,2031-05-11 00:00:00.000,2032-10-09 19:31:31.525,517.8135593220339,17.165473802906256,9.070398266981847,8.09507553592441
2462997.5,2463533.7711864407,2031-05-11 00:00:00.000,2032-10-28 06:30:30.508,536.271186440678,18.937717033369253,10.35079435487009,8.586922678499162
2462998.5,2463147.161016949,2031-05-12 00:00:00.000,2031-10-07 15:51:51.864,148.66101694915255,19.00203303008889,11.991697238659498,7.010335791429393
2462998.5,2463165.618644068,2031-05-12 00:00:00.000,2031-10-26 02:50:50.847,167.11864406779662,17.901109897944924,10.986602958728028,6.914506939216895
2462998.5,2463184.0762711866,2031-05-12 00:00:00.000,2031-11-13 13:49:49.831,185.5762711864407,16.923029353553854,10.02972289343592,6.893306460117933
2462998.5,2463202.533898305,2031-05-12 00:00:00.000,2031-12-02 00:48:48.814,204.0338983050848,16.005699554208384,9.11003271637416,6.8956668378342245
2462998.5,2463220.991525424,2031-05-12 00:00:00.000,2031-12-20 11:47:47.797,222.49152542372883,15.123050054680522,8.225624787198342,6.897425267482181
2462998.5,2463239.4491525423,2031-05-12 00:00:00.000,2032-01-07 22:46:46.780,240.9491525423729,14.269115969425208,7.379723451549499,6.8893925178757085
2462998.5,2463257.906779661,2031-05-12 00:00:00.000,2032-01-26 09:45:45.763,259.40677966101697,13.449241226332468,6.578917196389144,6.870324029943325
2462998.5,2463276.36440678,2031-05-12 00:00:00.000,2032-02-13 20:44:44.746,277.86440677966107,12.675272816425558,5.832285481711733,6.842987334713824
2462998.5,2463294.8220338984,2031-05-12 00:00:00.000,2032-03-03 07:43:43.729,296.3220338983051,11.958451322974048,5.145900002323728,6.81255132065032
2462998.5,2463313.279661017,2031-05-12 00:00:00.000,2032-03-21 18:42:42.712,314.77966101694915,11.559650840196504,4.763478349356582,6.796172490839923
2462998.5,2463331.737288136,2031-05-12 00:00:00.000,2032-04-09 05:41:41.695,333.23728813559325,10.934067433495589,4.176325736027115,6.757741697468473
2462998.5,2463350.194915254,2031-05-12 00:00:00.000,2032-04-27 16:40:40.678,351.69491525423734,10.620632422209775,3.8760805939289216,6.744551828280854
2462998.5,2463368.6525423727,2031-05-12 00:00:00.000,2032-05-16 03:39:39.661,370.1525423728814,10.524229286674723,3.776816704094075,6.747412582580649
2462998.5,2463387.110169492,2031-05-12 00:00:00.000,2032-06-03 14:38:38.644,388.6101694915254,10.659388220844091,3.888611045325372,6.77077717551872
2462998.5,2463405.5677966103,2031-05-12 00:00:00.000,2032-06-22 01:37:37.627,407.0677966101695,11.01879937826002,4.199351128062915,6.819448250197106
2462998.5,2463424.025423729,2031-05-12 00:00:00.000,2032-07-10 12:36:36.610,425.5254237288136,11.579403604597296,4.680608276059623,6.898795328537673
2462998.5,2463442.4830508474,2031-05-12 00:00:00.000,2032-07-28 23:35:35.593,443.98305084745766,12.318265365989198,5.303131126251873,7.015134239737325
2462998.5,2463460.940677966,2031-05-12 00:00:00.000,2032-08-16 10:34:34.576,462.4406779661017,13.223040673055491,6.046783650795223,7.176257022260272
2462998.5,2463479.398305085,2031-05-12 00:00:00.000,2032-09-03 21:33:33.559,480.8983050847458,14.295502605147528,6.903319262567753,7.3921833425797745
2462998.5,2463497.855932204,2031-05-12 00:00:00.000,2032-09-22 08:32:32.542,499.3559322033899,15.552326087584618,7.87616037143507,7.676165716149547
2462998.5,2463516.313559322,2031-05-12 00:00:00.000,2032-10-10 19:31:31.525,517.8135593220339,17.026578718728253,8.980278218787062,8.046300499941191
2462998.5,2463534.7711864407,2031-05-12 00:00:00.000,2032-10-29 06:30:30.508,536.271186440678,18.77151365429828,10.24357489370693,8.52793876059135
2462999.5,2463148.161016949,2031-05-13 00:00:00.000,2031-10-08 15:51:51.864,148.66101694915255,19.197701366931334,12.0995994164663,7.098101950465034
2462999.5,2463166.618644068,2031-05-13 00:00:00.000,2031-10-27 02:50:50.847,167.11864406779662,18.077328919757647,11.080968832700703,6.996360087056943
2462999.5,2463185.0762711866,2031-05-13 00:00:00.000,2031-11-14 13:49:49.831,185.5762711864407,17.079730811499946,10.11263929511598,6.967091516383966
2462999.5,2463203.533898305,2031-05-13 00:00:00.000,2031-12-03 00:48:48.814,204.0338983050848,16.14377659468833,9.183252074077403,6.960524520610925
2462999.5,2463221.991525424,2031-05-13 00:00:00.000,2031-12-21 11:47:47.797,222.49152542372883,15.24381686187348,8.290563116176175,6.953253745697306
2462999.5,2463240.4491525423,2031-05-13 00:00:00.000,2032-01-08 22:46:46.780,240.9491525423729,14.373896158459628,7.437385734493353,6.936510423966275
2462999.5,2463258.906779661,2031-05-13 00:00:00.000,2032-01-27 09:45:45.763,259.40677966101697,13.538959173253048,6.629680306231137,6.909278867021912
2462999.5,2463277.36440678,2031-05-13 00:00:00.000,2032-02-14 20:44:44.746,277.86440677966107,12.749752608547476,5.875231390596008,6.874521217951465
2462999.5,2463295.8220338984,2031-05-13 00:00:00.000,2032-03-04 07:43:43.729,296.3220338983051,12.014435317374918,5.175896132694582,6.838539184680337
2462999.5,2463314.279661017,2031-05-13 00:00:00.000,2032-03-22 18:42:42.712,314.77966101694915,11.92727220659806,5.061790381555835,6.865481825042225
2462999.5,2463332.737288136,2031-05-13 00:00:00.000,2032-04-10 05:41:41.695,333.23728813559325,11.00254670451712,4.232280278350856,6.770266426166264
2462999.5,2463351.194915254,2031-05-13 00:00:00.000,2032-04-28 16:40:40.678,351.69491525423734,10.663094915133616,3.912427254305698,6.750667660827918
2462999.5,2463369.6525423727,2031-05-13 00:00:00.000,2032-05-17 03:39:39.661,370.1525423728814,10.545471450192911,3.7974880167996994,6.747983433393212
2462999.5,2463388.110169492,2031-05-13 00:00:00.000,2032-06-04 14:38:38.644,388.6101694915254,10.659594385218142,3.893511792695649,6.766082592522493
2462999.5,2463406.5677966103,2031-05-13 00:00:00.000,2032-06-23 01:37:37.627,407.0677966101695,10.99851781599854,4.188933046765811,6.809584769232728
2462999.5,2463425.025423729,2031-05-13 00:00:00.000,2032-07-11 12:36:36.610,425.5254237288136,11.539740844391837,4.656021034805,6.883719809586836
2462999.5,2463443.4830508474,2031-05-13 00:00:00.000,2032-07-29 23:35:35.593,443.98305084745766,12.260175467284869,5.265517938371951,6.994657528912916
2462999.5,2463461.940677966,2031-05-13 00:00:00.000,2032-08-17 10:34:34.576,462.4406779661017,13.146817324976048,5.996794338999843,7.150022985976205
2462999.5,2463480.398305085,2031-05-13 00:00:00.000,2032-09-04 21:33:33.559,480.8983050847458,14.200572903760149,6.840943183408178,7.359629720351968
2462999.5,2463498.855932204,2031-05-13 00:00:00.000,2032-09-23 08:32:32.542,499.3559322033899,15.437152036634712,7.800689175359215,7.636462861275497
2462999.5,2463517.313559322,2031-05-13 00:00:00.000,2032-10-11 19:31:31.525,517.8135593220339,16.88851980465855,8.890259225587096,7.998260579071453
2462999.5,2463535.7711864407,2031-05-13 00:00:00.000,2032-10-30 06:30:30.508,536.271186440678,18.60655470930917,10.136684933980126,8.469869775329045
2463000.5,2463149.161016949,2031-05-14 00:00:00.000,2031-10-09 15:51:51.864,148.66101694915255,19.39473609674326,12.208093441100337,7.186642655642923
2463000.5,2463167.618644068,2031-05-14 00:00:00.000,2031-10-28 02:50:50.847,167.11864406779662,18.25460685313804,11.176001116900876,7.07860573623716
2463000.5,2463186.0762711866,2031-05-14 00:00:00.000,2031-11-15 13:49:49.831,185.5762711864407,17.23734921984198,10.19629803868331,7.041051181158671
2463000.5,2463204.533898305,2031-05-14 00:00:00.000,2031-12-04 00:48:48.814,204.0338983050848,16.282729697925703,9.257290235993342,7.025439461932361
2463000.5,2463222.991525424,2031-05-14 00:00:00.000,2031-12-22 11:47:47.797,222.49152542372883,15.365486763211244,8.356401808613267,7.009084954597976
2463000.5,2463241.4491525423,2031-05-14 00:00:00.000,2032-01-09 22:46:46.780,240.9491525423729,14.479671050834396,7.496050945344226,6.98362010549017
2463000.5,2463259.906779661,2031-05-14 00:00:00.000,2032-01-28 09:45:45.763,259.40677966101697,13.62987849112218,6.681622543275035,6.948255947847146
2463000.5,2463278.36440678,2031-05-14 00:00:00.000,2032-02-15 20:44:44.746,277.86440677966107,12.826016955416442,5.919832074708976,6.906184880707466
2463000.5,2463296.8220338984,2031-05-14 00:00:00.000,2032-03-05 07:43:43.729,296.3220338983051,12.07536187974856,5.210227992893904,6.865133886854657
2463000.5,2463315.279661017,2031-05-14 00:00:00.000,2032-03-23 18:42:42.712,314.77966101694915,12.684219403731923,5.645970255400122,7.038249148331803
2463000.5,2463333.737288136,2031-05-14 00:00:00.000,2032-04-11 05:41:41.695,333.23728813559325,11.075676626112788,4.292124697318795,6.783551928793994
2463000.5,2463352.194915254,2031-05-14 00:00:00.000,2032-04-29 16:40:40.678,351.69491525423734,10.707508640315725,3.950467018102073,6.75704162221365
2463000.5,2463370.6525423727,2031-05-14 00:00:00.000,2032-05-18 03:39:39.661,370.1525423728814,10.568106644619732,3.819358185398016,6.748748459221716
2463000.5,2463389.110169492,2031-05-14 00:00:00.000,2032-06-05 14:38:38.644,388.6101694915254,10.660905360870302,3.8993165334269286,6.761588827443374
2463000.5,2463407.5677966103,2031-05-14 00:00:00.000,2032-06-24 01:37:37.627,407.0677966101695,10.979088276927216,4.179134996536477,6.799953280390739
2463000.5,2463426.025423729,2031-05-14 00:00:00.000,2032-07-12 12:36:36.610,425.5254237288136,11.500714505397353,4.631793073970897,6.868921431426455
2463000.5,2463444.4830508474,2031-05-14 00:00:00.000,2032-07-30 23:35:35.593,443.98305084745766,12.20258051578926,5.2280654627448335,6.974515053044427
2463000.5,2463462.940677966,2031-05-14 00:00:00.000,2032-08-18 10:34:34.576,462.4406779661017,13.071040266888268,5.946846844032992,7.124193422855276
2463000.5,2463481.398305085,2031-05-14 00:00:00.000,2032-09-05 21:33:33.559,480.8983050847458,14.106137516585186,6.778570751745885,7.327566764839301
2463000.5,2463499.855932204,2031-05-14 00:00:00.000,2032-09-24 08:32:32.542,499.3559322033899,15.322619808716611,7.725261639238011,7.597358169478603
2463000.5,2463518.313559322,2031-05-14 00:00:00.000,2032-10-12 19:31:31.525,517.8135593220339,16.751358437046964,8.800403355764802,7.950955081282163
2463000.5,2463536.7711864407,2031-05-14 00:00:00.000,2032-10-31 06:30:30.508,536.271186440678,18.44287698047983,10.030165538974185,8.412711441505646
2463001.5,2463150.161016949,2031-05-15 00:00:00.000,2031-10-10 15:51:51.864,148.66101694915255,19.593044013839275,12.317126001195165,7.275918012644111
2463001.5,2463168.618644068,2031-05-15 00:00:00.000,2031-10-29 02:50:50.847,167.11864406779662,18.43287844520372,11.271656718968169,7.161221726235547
2463001.5,2463187.0762711866,2031-05-15 00:00:00.000,2031-11-16 13:49:49.831,185.5762711864407,17.395840504134608,10.28066641561636,7.115174088518248
2463001.5,2463205.533898305,2031-05-15 00:00:00.000,2031-12-05 00:48:48.814,204.0338983050848,16.422531858710418,9.33212525281377,7.090406605896649
2463001.5,2463223.991525424,2031-05-15 00:00:00.000,2031-12-23 11:47:47.797,222.49152542372883,15.488047364809873,8.423130023546815,7.064917341263058
2463001.5,2463242.4491525423,2031-05-15 00:00:00.000,2032-01-10 22:46:46.780,240.9491525423729,14.586440113158096,7.55571888215816,7.030721230999936
2463001.5,2463260.906779661,2031-05-15 00:00:00.000,2032-01-29 09:45:45.763,259.40677966101697,13.72200183439393,6.734749214825249,6.9872526195686815
2463001.5,2463279.36440678,2031-05-15 00:00:00.000,2032-02-16 20:44:44.746,277.86440677966107,12.904021369073044,5.966061474364398,6.937959894708643
2463001.5,2463297.8220338984,2031-05-15 00:00:00.000,2032-03-06 07:43:43.729,296.3220338983051,12.140436655918194,5.2482881036693,6.892148552248893
2463001.5,2463316.279661017,2031-05-15 00:00:00.000,2032-03-24 18:42:42.712,314.77966101694915,14.526592308406302,6.977437225533503,7.549155082872799
2463001.5,2463334.737288136,2031-05-15 00:00:00.000,2032-04-12 05:41:41.695,333.23728813559325,11.154198018103932,4.356436435304611,6.79776158279932
2463001.5,2463353.194915254,2031-05-15 00:00:00.000,2032-04-30 16:40:40.678,351.69491525423734,10.754106047801256,3.990402589056544,6.763703458744713
2463001.5,2463371.6525423727,2031-05-15 00:00:00.000,2032-05-19 03:39:39.661,370.1525423728814,10.592337263147432,3.842614879328025,6.749722383819407
2463001.5,2463390.110169492,2031-05-15 00:00:00.000,2032-06-06 14:38:38.644,388.6101694915254,10.66352955823859,3.906223012893192,6.757306545345399
2463001.5,2463408.5677966103,2031-05-15 00:00:00.000,2032-06-25 01:37:37.627,407.0677966101695,10.96071921198058,4.170156554178117,6.790562657802463
2463001.5,2463427.025423729,2031-05-15 00:00:00.000,2032-07-13 12:36:36.610,425.5254237288136,11.4625217156693,4.608113840429697,6.8544078752396045
2463001.5,2463445.4830508474,2031-05-15 00:00:00.000,2032-07-31 23:35:35.593,443.98305084745766,12.145659380032654,5.190945971566068,6.954713408466587
2463001.5,2463463.940677966,2031-05-15 00:00:00.000,2032-08-19 10:34:34.576,462.4406779661017,12.995867792662724,5.897094060214875,7.098773732447851
2463001.5,2463482.398305085,2031-05-15 00:00:00.000,2032-09-06 21:33:33.559,480.8983050847458,14.012334057469054,6.716335648694154,7.2959984087749
2463001.5,2463500.855932204,2031-05-15 00:00:00.000,2032-09-25 08:32:32.542,499.3559322033899,15.20884664213892,7.649992953563153,7.558853688575767
2463001.5,2463519.313559322,2031-05-15 00:00:00.000,2032-10-13 19:31:31.525,517.8135593220339,16.61519122075802,8.710807681572238,7.904383539185781
2463001.5,2463537.7711864407,2031-05-15 00:00:00.000,2032-11-01 06:30:30.508,536.271186440678,18.28055514270293,9.924095268786855,8.356459873916075
2463002.5,2463151.161016949,2031-05-16 00:00:00.000,2031-10-11 15:51:51.864,148.66101694915255,19.792506341555047,12.426617735861551,7.365888605693494
2463002.5,2463169.618644068,2031-05-16 00:00:00.000,2031-10-30 02:50:50.847,167.11864406779662,18.612050885141745,11.36786512153238,7.244185763609365
2463002.5,2463188.0762711866,2031-05-16 00:00:00.000,2031-11-17 13:49:49.831,185.5762711864407,17.555131191589968,10.365682819029876,7.1894483725600935
2463002.5,2463206.533898305,2031-05-16 00:00:00.000,2031-12-06 00:48:48.814,204.0338983050848,16.563124957604053,9.40770472447614,7.155420233127912
2463002.5,2463224.991525424,2031-05-16 00:00:00.000,2031-12-24 11:47:47.797,222.49152542372883,15.61145350981198,8.490704861115937,7.120748648696043
2463002.5,2463243.4491525423,2031-05-16 00:00:00.000,2032-01-11 22:46:46.780,240.9491525423729,14.694168540638069,7.616355702277474,7.077812838360594
2463002.5,2463261.906779661,2031-05-16 00:00:00.000,2032-01-30 09:45:45.763,259.40677966101697,13.815296831270963,6.789030885749555,7.02626594552141
2463002.5,2463280.36440678,2031-05-16 00:00:00.000,2032-02-17 20:44:44.746,277.86440677966107,12.983692004027104,6.013862279539956,6.969829724487148
2463002.5,2463298.8220338984,2031-05-16 00:00:00.000,2032-03-07 07:43:43.729,296.3220338983051,12.209013303067849,5.289570077057361,6.919443226010489
2463002.5,2463335.737288136,2031-05-16 00:00:00.000,2032-04-13 05:41:41.695,333.23728813559325,11.23893742934489,4.425842768710609,6.813094660634282
2463002.5,2463354.194915254,2031-05-16 00:00:00.000,2032-05-01 16:40:40.678,351.69491525423734,10.80308807802618,4.032403130088091,6.770684947938089
2463002.5,2463372.6525423727,2031-05-16 00:00:00.000,2032-05-20 03:39:39.661,370.1525423728814,10.618333129808883,3.867413237556424,6.750919892252461
2463002.5,2463391.110169492,2031-05-16 00:00:00.000,2032-06-07 14:38:38.644,388.6101694915254,10.6676511782293,3.9144051441056167,6.753246034123683
2463002.5,2463409.5677966103,2031-05-16 00:00:00.000,2032-06-26 01:37:37.627,407.0677966101695,10.943605325798949,4.162183998681582,6.781421327117366
2463002.5,2463428.025423729,2031-05-16 00:00:00.000,2032-07-14 12:36:36.610,425.5254237288136,11.425355358143555,4.585168983903915,6.84018637423964
2463002.5,2463446.4830508474,2031-05-16 00:00:00.000,2032-08-01 23:35:35.593,443.98305084745766,12.089594187121817,5.1543354161462185,6.935258770975597
2463002.5,2463464.940677966,2031-05-16 00:00:00.000,2032-08-20 10:34:34.576,462.4406779661017,12.921467172339314,5.84769823818684,7.073768934152474
2463002.5,2463483.398305085,2031-05-16 00:00:00.000,2032-09-07 21:33:33.559,480.8983050847458,13.919313578762925,6.654385314786157,7.264928263976768
2463002.5,2463501.855932204,2031-05-16 00:00:00.000,2032-09-26 08:32:32.542,499.3559322033899,15.09596685908355,7.575015639783789,7.520951219299762
2463002.5,2463520.313559322,2031-05-16 00:00:00.000,2032-10-14 19:31:31.525,517.8135593220339,16.480134995598128,8.621589657372484,7.858545338225646
2463002.5,2463538.7711864407,2031-05-16 00:00:00.000,2032-11-02 06:30:30.508,536.271186440678,18.119686988994623,9.81857581349686,8.301111175497764
2463003.5,2463152.161016949,2031-05-17 00:00:00.000,2031-10-12 15:51:51.864,148.66101694915255,19.99298910040721,12.536473681539611,7.456515418867602
2463003.5,2463170.618644068,2031-05-17 00:00:00.000,2031-10-31 02:50:50.847,167.11864406779662,18.79201403162749,11.464538673045029,7.327475358582467
2463003.5,2463189.0762711866,2031-05-17 00:00:00.000,2031-11-18 13:49:49.831,185.5762711864407,17.715128473757268,10.451266861036425,7.263861612720846
2463003.5,2463207.533898305,2031-05-17 00:00:00.000,2031-12-07 00:48:48.814,204.0338983050848,16.704429610651626,9.483955706695513,7.220473903956115
2463003.5,2463225.991525424,2031-05-17 00:00:00.000,2031-12-25 11:47:47.797,222.49152542372883,15.735636844960627,8.55906099580147,7.176575849159157
2463003.5,2463244.4491525423,2031-05-17 00:00:00.000,2032-01-12 22:46:46.780,240.9491525423729,14.802796431278171,7.677903179767629,7.124893251510541
2463003.5,2463262.906779661,2031-05-17 00:00:00.000,2032-01-31 09:45:45.763,259.40677966101697,13.90970464534728,6.844412062981162,7.065292582366117
2463003.5,2463281.36440678,2031-05-17 00:00:00.000,2032-02-18 20:44:44.746,277.86440677966107,13.064932550023832,6.0631532312074015,7.001779318816431
2463003.5,2463299.8220338984,2031-05-17 00:00:00.000,2032-03-08 07:43:43.729,296.3220338983051,12.280555758215955,5.333643151153732,6.946912607062226
2463003.5,2463336.737288136,2031-05-17 00:00:00.000,2032-04-14 05:41:41.695,333.23728813559325,11.33084452461738,4.501048226983726,6.829796297633655
2463003.5,2463355.194915254,2031-05-17 00:00:00.000,2032-05-02 16:40:40.678,351.69491525423734,10.8546269847195,4.076606854782726,6.778020129936774
2463003.5,2463373.6525423727,2031-05-17 00:00:00.000,2032-05-21 03:39:39.661,370.1525423728814,10.646229709291404,3.893874178134592,6.752355531156812
2463003.5,2463392.110169492,2031-05-17 00:00:00.000,2032-06-08 14:38:38.644,388.6101694915254,10.673424922100526,3.924007865143532,6.749417056956994
2463003.5,2463410.5677966103,2031-05-17 00:00:00.000,2032-06-27 01:37:37.627,407.0677966101695,10.927919768297476,4.155382668019192,6.772537100278282
2463003.5,2463429.025423729,2031-05-17 00:00:00.000,2032-07-15 12:36:36.610,425.5254237288136,11.389394725371709,4.563131190068005,6.826263535303704
2463003.5,2463447.4830508474,2031-05-17 00:00:00.000,2032-08-02 23:35:35.593,443.98305084745766,12.034560095463746,5.118403390903484,6.916156704560263
2463003.5,2463465.940677966,2031-05-17 00:00:00.000,2032-08-21 10:34:34.576,462.4406779661017,12.848003905174425,5.798820443795097,7.049183461379326
2463003.5,2463484.398305085,2031-05-17 00:00:00.000,2032-09-08 21:33:33.559,480.8983050847458,13.827229500411054,6.592870101894693,7.23435939851636
2463003.5,2463502.855932204,2031-05-17 00:00:00.000,2032-09-27 08:32:32.542,499.3559322033899,14.984120580385545,7.500468508271831,7.483652072113712
2463003.5,2463521.313559322,2031-05-17 00:00:00.000,2032-10-15 19:31:31.525,517.8135593220339,16.346315400017588,8.532875951811793,7.813439448205797
2463003.5,2463539.7711864407,2031-05-17 00:00:00.000,2032-11-03 06:30:30.508,536.271186440678,17.96038188003447,9.713720742616273,8.246661137418197
2463003.5,2463558.2288135597,2031-05-17 00:00:00.000,2032-11-21 17:29:29.492,554.7288135593221,19.89841526378576,11.082114284394198,8.816300979391562
2463004.5,2463171.618644068,2031-05-18 00:00:00.000,2031-11-01 02:50:50.847,167.11864406779662,18.972648206849755,11.561580370296443,7.41106783655331
2463004.5,2463190.0762711866,2031-05-18 00:00:00.000,2031-11-19 13:49:49.831,185.5762711864407,17.875727986285902,10.537327135118504,7.338400851167399
2463004.5,2463208.533898305,2031-05-18 00:00:00.000,2031-12-08 00:48:48.814,204.0338983050848,16.84635291272879,9.560792440598398,7.285560472130392
2463004.5,2463226.991525424,2031-05-18 00:00:00.000,2031-12-26 11:47:47.797,222.49152542372883,15.860513492600898,8.628118344886767,7.232395147714131
2463004.5,2463245.4491525423,2031-05-18 00:00:00.000,2032-01-13 22:46:46.780,240.9491525423729,14.912246326749978,7.740286258791941,7.171960067958037
2463004.5,2463263.906779661,2031-05-18 00:00:00.000,2032-02-01 09:45:45.763,259.40677966101697,14.00514724447357,6.90081851305715,7.1043287314164205
2463004.5,2463282.36440678,2031-05-18 00:00:00.000,2032-02-19 20:44:44.746,277.86440677966107,13.147630403013247,6.1138355868012,7.033794816212048
2463004.5,2463300.8220338984,2031-05-18 00:00:00.000,2032-03-09 07:43:43.729,296.3220338983051,12.354611772875664,5.38013458850011,6.974477184375555
2463004.5,2463337.737288136,2031-05-18 00:00:00.000,2032-04-15 05:41:41.695,333.23728813559325,11.431040483172769,4.582869647145421,6.8481708360273466
2463004.5,2463356.194915254,2031-05-18 00:00:00.000,2032-05-03 16:40:40.678,351.69491525423734,10.908871300290484,4.123125627133287,6.785745673157198
2463004.5,2463374.6525423727,2031-05-18 00:00:00.000,2032-05-22 03:39:39.661,370.1525423728814,10.676129134415635,3.922085448923153,6.754043685492485
2463004.5,2463393.110169492,2031-05-18 00:00:00.000,2032-06-09 14:38:38.644,388.6101694915254,10.680974080898393,3.935145304240045,6.745828776658346
2463004.5,2463411.5677966103,2031-05-18 00:00:00.000,2032-06-28 01:37:37.627,407.0677966101695,10.913809954733098,4.14989287248164,6.763917082251458
2463004.5,2463430.025423729,2031-05-18 00:00:00.000,2032-07-16 12:36:36.610,425.5254237288136,11.354799852763591,4.542154619189951,6.81264523357364
2463004.5,2463448.4830508474,2031-05-18 00:00:00.000,2032-08-03 23:35:35.593,443.98305084745766,11.980718706295242,5.083306661639056,6.897412044656186
2463004.5,2463466.940677966,2031-05-18 00:00:00.000,2032-08-22 10:34:34.576,462.4406779661017,12.775634533136412,5.750613500702115,7.025021032434296
2463004.5,2463485.398305085,2031-05-18 00:00:00.000,2032-09-09 21:33:33.559,480.8983050847458,13.736230003026892,6.531935809733951,7.204294193292943
2463004.5,2463503.855932204,2031-05-18 00:00:00.000,2032-09-28 08:32:32.542,499.3559322033899,14.87344579894734,7.426488891975963,7.446956906971376
2463004.5,2463522.313559322,2031-05-18 00:00:00.000,2032-10-16 19:31:31.525,517.8135593220339,16.21385868265112,8.444794440462756,7.769064242188366
2463004.5,2463540.7711864407,2031-05-18 00:00:00.000,2032-11-04 06:30:30.508,536.271186440678,17.80275232586633,9.60964729382722,8.193105032039108
2463004.5,2463559.2288135597,2031-05-18 00:00:00.000,2032-11-22 17:29:29.492,554.7288135593221,19.710531234347293,10.95911761563358,8.751413618713713
2463005.5,2463172.618644068,2031-05-19 00:00:00.000,2031-11-02 02:50:50.847,167.11864406779662,19.153830269776527,11.658889870600335,7.494940399176192
2463005.5,2463191.0762711866,2031-05-19 00:00:00.000,2031-11-20 13:49:49.831,185.5762711864407,18.0368199362448,10.623767278283871,7.413052657960926
2463005.5,2463209.533898305,2031-05-19 00:00:00.000,2031-12-09 00:48:48.814,204.0338983050848,16.988794610659884,9.638122465000208,7.350672145659677
2463005.5,2463227.991525424,2031-05-19 00:00:00.000,2031-12-27 11:47:47.797,222.49152542372883,15.985990254657125,8.697788221387247,7.288202033269878
2463005.5,2463246.4491525423,2031-05-19 00:00:00.000,2032-01-14 22:46:46.780,240.9491525423729,15.022429416977849,7.803419222103198,7.219010194874651
2463005.5,2463264.906779661,2031-05-19 00:00:00.000,2032-02-02 09:45:45.763,259.40677966101697,14.101533515743483,6.958163373643483,7.143370142100001
2463005.5,2463283.36440678,2031-05-19 00:00:00.000,2032-02-20 20:44:44.746,277.86440677966107,13.231662033134295,6.165798696648734,7.065863336485562
2463005.5,2463301.8220338984,2031-05-19 00:00:00.000,2032-03-10 07:43:43.729,296.3220338983051,12.430794163557357,5.428717387518245,7.002076776039112
2463005.5,2463338.737288136,2031-05-19 00:00:00.000,2032-04-16 05:41:41.695,333.23728813559325,11.540880107613628,4.672280317309622,6.868599790304007
2463005.5,2463357.194915254,2031-05-19 00:00:00.000,2032-05-04 16:40:40.678,351.69491525423734,10.96595184461858,4.172050475874927,6.7939013687436525
2463005.5,2463375.6525423727,2031-05-19 00:00:00.000,2032-05-23 03:39:39.661,370.1525423728814,10.708102689972764,3.9521040753830743,6.75599861458969
2463005.5,2463394.110169492,2031-05-19 00:00:00.000,2032-06-10 14:38:38.644,388.6101694915254,10.690390529893351,3.947900795737307,6.742489734156044
2463005.5,2463412.5677966103,2031-05-19 00:00:00.000,2032-06-29 01:37:37.627,407.0677966101695,10.901395520307933,4.145827888313393,6.75556763199454
2463005.5,2463431.025423729,2031-05-19 00:00:00.000,2032-07-17 12:36:36.610,425.5254237288136,11.3217080694876,4.522371507085099,6.7993365624025
2463005.5,2463449.4830508474,2031-05-19 00:00:00.000,2032-08-04 23:35:35.593,443.98305084745766,11.928213714720147,5.049184876384837,6.87902883833531
2463005.5,2463467.940677966,2031-05-19 00:00:00.000,2032-08-23 10:34:34.576,462.4406779661017,12.704501691564788,5.703217111057131,7.001284580507657
2463005.5,2463486.398305085,2031-05-19 00:00:00.000,2032-09-10 21:33:33.559,480.8983050847458,13.646452643832347,6.471718383535468,7.174734260296878
2463005.5,2463504.855932204,2031-05-19 00:00:00.000,2032-09-29 08:32:32.542,499.3559322033899,14.764072654974118,7.3532070168629105,7.410865638111209
2463005.5,2463523.313559322,2031-05-19 00:00:00.000,2032-10-17 19:31:31.525,517.8135593220339,16.082885690216884,8.357468305628199,7.725417384588683
2463005.5,2463541.7711864407,2031-05-19 00:00:00.000,2032-11-05 06:30:30.508,536.271186440678,17.646907715138745,9.506470234882418,8.140437480256326
2463005.5,2463560.2288135597,2031-05-19 00:00:00.000,2032-11-23 17:29:29.492,554.7288135593221,19.52488192588536,10.837256329618018,8.68762559626734
2463006.5,2463173.618644068,2031-05-20 00:00:00.000,2031-11-03 02:50:50.847,167.11864406779662,19.33543849933314,11.756368280251923,7.579070219081218
2463006.5,2463192.0762711866,2031-05-20 00:00:00.000,2031-11-21 13:49:49.831,185.5762711864407,18.198294086807536,10.710490857993172,7.487803228814362
2463006.5,2463210.533898305,2031-05-20 00:00:00.000,2031-12-10 00:48:48.814,204.0338983050848,17.131652189310174,9.715851609158888,7.415800580151285
2463006.5,2463228.991525424,2031-05-20 00:00:00.000,2031-12-28 11:47:47.797,222.49152542372883,16.111969797714448,8.767978434810324,7.3439913629041245
2463006.5,2463247.4491525423,2031-05-20 00:00:00.000,2032-01-15 22:46:46.780,240.9491525423729,15.133250813100124,7.867210893293922,7.266039919806199
2463006.5,2463265.906779661,2031-05-20 00:00:00.000,2032-02-03 09:45:45.763,259.40677966101697,14.198764570522174,7.016352417128521,7.182412153393653
2463006.5,2463284.36440678,2031-05-20 00:00:00.000,2032-02-21 20:44:44.746,277.86440677966107,13.31689779157034,6.218924952500983,7.097972839069358
2463006.5,2463302.8220338984,2031-05-20 00:00:00.000,2032-03-11 07:43:43.729,296.3220338983051,12.50876765360439,5.47910186817772,7.02966578542667
2463006.5,2463321.279661017,2031-05-20 00:00:00.000,2032-03-29 18:42:42.712,314.77966101694915,17.763386545829377,8.563767048415617,9.19961949741376
2463006.5,2463339.737288136,2031-05-20 00:00:00.000,2032-04-17 05:41:41.695,333.23728813559325,11.66203253049622,4.770466287065548,6.891566243430671
2463006.5,2463358.194915254,2031-05-20 00:00:00.000,2032-05-05 16:40:40.678,351.69491525423734,11.025988551517216,4.223457793832535,6.802530757684681
2463006.5,2463376.6525423727,2031-05-20 00:00:00.000,2032-05-24 03:39:39.661,370.1525423728814,10.742194339151329,3.983959802583841,6.758234536567485
2463006.5,2463395.110169492,2031-05-20 00:00:00.000,2032-06-11 14:38:38.644,388.6101694915254,10.70173611921292,3.962328249924031,6.739407869288889
2463006.5,2463413.5677966103,2031-05-20 00:00:00.000,2032-06-30 01:37:37.627,407.0677966101695,10.89076784490046,4.143273479203308,6.747494365697152
2463006.5,2463432.025423729,2031-05-20 00:00:00.000,2032-07-18 12:36:36.610,425.5254237288136,11.290232164018391,4.503890337405874,6.786341826612516
2463006.5,2463450.4830508474,2031-05-20 00:00:00.000,2032-08-05 23:35:35.593,443.98305084745766,11.877168171061292,5.016157841780233,6.8610103292810605
2463006.5,2463468.940677966,2031-05-20 00:00:00.000,2032-08-24 10:34:34.576,462.4406779661017,12.634730753203357,5.656754522755112,6.977976230448244
2463006.5,2463487.398305085,2031-05-20 00:00:00.000,2032-09-11 21:33:33.559,480.8983050847458,13.55802054634997,6.412340136339722,7.1456804100102485
2463006.5,2463505.855932204,2031-05-20 00:00:00.000,2032-09-30 08:32:32.542,499.3559322033899,14.656119265379282,7.280741874378519,7.375377391000763
2463006.5,2463524.313559322,2031-05-20 00:00:00.000,2032-10-18 19:31:31.525,517.8135593220339,15.95350739061917,8.271011615443529,7.682495775175639
2463006.5,2463542.7711864407,2031-05-20 00:00:00.000,2032-11-06 06:30:30.508,536.271186440678,17.492949561321765,9.404297181919633,8.088652379402133
2463006.5,2463561.2288135597,2031-05-20 00:00:00.000,2032-11-24 17:29:29.492,554.7288135593221,19.341556395169537,10.716629715152466,8.62492668001707
2463007.5,2463174.618644068,2031-05-21 00:00:00.000,2031-11-04 02:50:50.847,167.11864406779662,19.517356403422315,11.853921847630184,7.663434555792132
2463007.5,2463193.0762711866,2031-05-21 00:00:00.000,2031-11-22 13:49:49.831,185.5762711864407,18.360043705480045,10.79740520177929,7.562638503700756
2463007.5,2463211.533898305,2031-05-21 00:00:00.000,2031-12-11 00:48:48.814,204.0338983050848,17.27482496452261,9.793887971151372,7.48093699337124
2463007.5,2463229.991525424,2031-05-21 00:00:00.000,2031-12-29 11:47:47.797,222.49152542372883,16.238354897450098,8.838597428949605,7.399757468500494
2463007.5,2463248.4491525423,2031-05-21 00:00:00.000,2032-01-16 22:46:46.780,240.9491525423729,15.2446139465573,7.931568941328164,7.313045005229135
2463007.5,2463266.906779661,2031-05-21 00:00:00.000,2032-02-04 09:45:45.763,259.40677966101697,14.29673826856538,7.075288506279098,7.221449762286283
2463007.5,2463285.36440678,2031-05-21 00:00:00.000,2032-02-22 20:44:44.746,277.86440677966107,13.403206130970345,6.273094098068271,7.130112032902071
2463007.5,2463303.8220338984,2031-05-21 00:00:00.000,2032-03-12 07:43:43.729,296.3220338983051,12.58823964080194,5.531029944179543,7.057209696622397
2463007.5,2463322.279661017,2031-05-21 00:00:00.000,2032-03-30 18:42:42.712,314.77966101694915,15.858015393402628,7.3701485594590705,8.487866833943556
2463007.5,2463340.737288136,2031-05-21 00:00:00.000,2032-04-18 05:41:41.695,333.23728813559325,11.796587451908715,4.8788991265897135,6.917688325319004
2463007.5,2463359.194915254,2031-05-21 00:00:00.000,2032-05-06 16:40:40.678,351.69491525423734,11.089097906404168,4.277416005489845,6.811681900914324
2463007.5,2463377.6525423727,2031-05-21 00:00:00.000,2032-05-25 03:39:39.661,370.1525423728814,10.778424991580104,4.017659238391551,6.760765753188553
2463007.5,2463396.110169492,2031-05-21 00:00:00.000,2032-06-12 14:38:38.644,388.6101694915254,10.715045160186612,3.978454585271872,6.7365905749147394
2463007.5,2463414.5677966103,2031-05-21 00:00:00.000,2032-07-01 01:37:37.627,407.0677966101695,10.881990874314738,4.142288681193441,6.739702193121296
2463007.5,2463433.025423729,2031-05-21 00:00:00.000,2032-07-19 12:36:36.610,425.5254237288136,11.260459914037796,4.4867953442229815,6.773664569814814
2463007.5,2463451.4830508474,2031-05-21 00:00:00.000,2032-08-06 23:35:35.593,443.98305084745766,11.827683116691055,4.984324138498766,6.843358978192289
2463007.5,2463469.940677966,2031-05-21 00:00:00.000,2032-08-25 10:34:34.576,462.4406779661017,12.566427839400887,5.611330526589272,6.955097312811615
2463007.5,2463488.398305085,2031-05-21 00:00:00.000,2032-09-12 21:33:33.559,480.8983050847458,13.471039945370038,6.353907287145902,7.117132658224136
2463007.5,2463506.855932204,2031-05-21 00:00:00.000,2032-10-01 08:32:32.542,499.3559322033899,14.54968889592942,7.209198394515224,7.3404905014141955
2463007.5,2463525.313559322,2031-05-21 00:00:00.000,2032-10-19 19:31:31.525,517.8135593220339,15.825821726788906,8.18552618819612,7.640295538592787
2463007.5,2463543.7711864407,2031-05-21 00:00:00.000,2032-11-07 06:30:30.508,536.271186440678,17.340968068584388,9.30322518773122,8.03774288085317
2463007.5,2463562.2288135597,2031-05-21 00:00:00.000,2032-11-25 17:29:29.492,554.7288135593221,19.160634073716047,10.597328138552864,8.563305935163186
2463008.5,2463175.618644068,2031-05-22 00:00:00.000,2031-11-05 02:50:50.847,167.11864406779662,19.699475546950364,11.951464664661843,7.748010882288519
2463008.5,2463194.0762711866,2031-05-22 00:00:00.000,2031-11-23 13:49:49.831,185.5762711864407,18.52196855289944,10.88442425659886,7.637544296300583
2463008.5,2463212.533898305,2031-05-22 00:00:00.000,2031-12-12 00:48:48.814,204.0338983050848,17.41821724159169,9.872144950180752,7.546072291410938
2463008.5,2463230.991525424,2031-05-22 00:00:00.000,2031-12-30 11:47:47.797,222.49152542372883,16.3650517795789,8.909557503281532,7.455494276297366
2463008.5,2463249.4491525423,2031-05-22 00:00:00.000,2032-01-17 22:46:46.780,240.9491525423729,15.356424105493726,7.996403307859655,7.36002079763407
2463008.5,2463267.906779661,2031-05-22 00:00:00.000,2032-02-05 09:45:45.763,259.40677966101697,14.39535293930265,7.134875229581712,7.260477709720938
2463008.5,2463286.36440678,2031-05-22 00:00:00.000,2032-02-23 20:44:44.746,277.86440677966107,13.490457163633105,6.328186838988131,7.162270324644972
2463008.5,2463304.8220338984,2031-05-22 00:00:00.000,2032-03-13 07:43:43.729,296.3220338983051,12.668953631443893,5.584271160756977,7.084682470686915
2463008.5,2463323.279661017,2031-05-22 00:00:00.000,2032-03-31 18:42:42.712,314.77966101694915,14.892044691489923,6.761735446238316,8.130309245251608
2463008.5,2463341.737288136,2031-05-22 00:00:00.000,2032-04-19 05:41:41.695,333.23728813559325,11.947196962949311,4.9994312563230485,6.947765706626263
2463008.5,2463360.194915254,2031-05-22 00:00:00.000,2032-05-07 16:40:40.678,351.69491525423734,11.15540071871867,4.333992410716221,6.82140830800245
2463008.5,2463378.6525423727,2031-05-22 00:00:00.000,2032-05-26 03:39:39.661,370.1525423728814,10.81679712372216,4.053190315474705,6.763606808247457
2463008.5,2463397.110169492,2031-05-22 00:00:00.000,2032-06-13 14:38:38.644,388.6101694915254,10.730327614302606,3.996282838082017,6.734044776220589
2463008.5,2463415.5677966103,2031-05-22 00:00:00.000,2032-07-02 01:37:37.627,407.0677966101695,10.87510287919784,4.1429075004773175,6.732195378720523
2463008.5,2463434.025423729,2031-05-22 00:00:00.000,2032-07-20 12:36:36.610,425.5254237288136,11.232454660992849,4.471147033628447,6.761307627364402
2463008.5,2463452.4830508474,2031-05-22 00:00:00.000,2032-08-07 23:35:35.593,443.98305084745766,11.77983730665191,4.953760796595288,6.826076510056623
2463008.5,2463470.940677966,2031-05-22 00:00:00.000,2032-08-26 10:34:34.576,462.4406779661017,12.499678936482008,5.567030530049205,6.932648406432802
2463008.5,2463489.398305085,2031-05-22 00:00:00.000,2032-09-13 21:33:33.559,480.8983050847458,13.38559884686512,6.296508583572003,7.089090263293117
2463008.5,2463507.855932204,2031-05-22 00:00:00.000,2032-10-02 08:32:32.542,499.3559322033899,14.444868254872109,7.138665707539812,7.306202547332295
2463008.5,2463526.313559322,2031-05-22 00:00:00.000,2032-10-20 19:31:31.525,517.8135593220339,15.699911597390056,8.10109954770874,7.598812049681316
2463008.5,2463544.7711864407,2031-05-22 00:00:00.000,2032-11-08 06:30:30.508,536.271186440678,17.19103982981734,9.203338422720508,7.987701407096829
2463008.5,2463563.2288135597,2031-05-22 00:00:00.000,2032-11-26 17:29:29.492,554.7288135593221,18.982182196989697,10.47943046582867,8.502751731161025
2463009.5,2463176.618644068,2031-05-23 00:00:00.000,2031-11-06 02:50:50.847,167.11864406779662,19.881697594920883,12.048920580884031,7.832777014036853
2463009.5,2463195.0762711866,2031-05-23 00:00:00.000,2031-11-24 13:49:49.831,185.5762711864407,18.683977102850427,10.971470676296171,7.712506426554256
2463009.5,2463213.533898305,2031-05-23 00:00:00.000,2031-12-13 00:48:48.814,204.0338983050848,17.561740722656612,9.950543523699102,7.611197198957511
2463009.5,2463231.991525424,2031-05-23 00:00:00.000,2031-12-31 11:47:47.797,222.49152542372883,16.491972730962424,8.980777299027565,7.511195431934859
2463009.5,2463250.4491525423,2031-05-23 00:00:00.000,2032-01-18 22:46:46.780,240.9491525423729,15.468591268843925,8.061628925103554,7.40696234374037
2463009.5,2463268.906779661,2031-05-23 00:00:00.000,2032-02-06 09:45:45.763,259.40677966101697,14.494510441191938,7.195019864872247,7.299490576319691
2463009.5,2463287.36440678,2031-05-23 00:00:00.000,2032-02-24 20:44:44.746,277.86440677966107,13.578525661269769,6.384087866893358,7.194437794376409
2463009.5,2463305.8220338984,2031-05-23 00:00:00.000,2032-03-14 07:43:43.729,296.3220338983051,12.750684589151447,5.6386199882636685,7.11206460088778
2463009.5,2463324.279661017,2031-05-23 00:00:00.000,2032-04-01 18:42:42.712,314.77966101694915,14.341457639585371,6.416446170190645,7.925011469394726
2463009.5,2463342.737288136,2031-05-23 00:00:00.000,2032-04-20 05:41:41.695,333.23728813559325,12.117268104240104,5.134423073789207,6.982845030450898
2463009.5,2463361.194915254,2031-05-23 00:00:00.000,2032-05-08 16:40:40.678,351.69491525423734,11.225030190107532,4.393260143233023,6.831770046874508
2463009.5,2463379.6525423727,2031-05-23 00:00:00.000,2032-05-27 03:39:39.661,370.1525423728814,10.85729956666754,4.09052689253642,6.76677267413112
2463009.5,2463398.110169492,2031-05-23 00:00:00.000,2032-06-14 14:38:38.644,388.6101694915254,10.74757276008545,4.015795731585271,6.73177702850018
2463009.5,2463416.5677966103,2031-05-23 00:00:00.000,2032-07-03 01:37:37.627,407.0677966101695,10.870118921939431,4.145141301356805,6.724977620582629
2463009.5,2463435.025423729,2031-05-23 00:00:00.000,2032-07-21 12:36:36.610,425.5254237288136,11.206256703302014,4.456983505416603,6.74927319788541
2463009.5,2463453.4830508474,2031-05-23 00:00:00.000,2032-08-08 23:35:35.593,443.98305084745766,11.733687793912011,4.924523812827384,6.809163981084629
2463009.5,2463471.940677966,2031-05-23 00:00:00.000,2032-08-27 10:34:34.576,462.4406779661017,12.434549890623291,5.523920488502464,6.910629402120828
2463009.5,2463490.398305085,2031-05-23 00:00:00.000,2032-09-14 21:33:33.559,480.8983050847458,13.301766574269644,6.240214788086078,7.061551786183566
2463009.5,2463508.855932204,2031-05-23 00:00:00.000,2032-10-03 08:32:32.542,499.3559322033899,14.341726677991414,7.069216272303298,7.272510405688115
2463009.5,2463527.313559322,2031-05-23 00:00:00.000,2032-10-21 19:31:31.525,517.8135593220339,15.575843733610926,8.017803747396602,7.5580399862143235
2463009.5,2463545.7711864407,2031-05-23 00:00:00.000,2032-11-09 06:30:30.508,536.271186440678,17.043226426070373,9.104706726730832,7.9385196993395395
2463009.5,2463564.2288135597,2031-05-23 00:00:00.000,2032-11-27 17:29:29.492,554.7288135593221,18.80625414203665,10.363002358638818,8.443251783397832
2463010.5,2463196.0762711866,2031-05-24 00:00:00.000,2031-11-25 13:49:49.831,185.5762711864407,18.84598798698543,11.058477137586443,7.787510849398985
2463010.5,2463214.533898305,2031-05-24 00:00:00.000,2031-12-14 00:48:48.814,204.0338983050848,17.705316166370356,10.029013779351342,7.676302387019015
2463010.5,2463232.991525424,2031-05-24 00:00:00.000,2032-01-01 11:47:47.797,222.49152542372883,16.6190379941606,9.052183569653083,7.566854424507516
2463010.5,2463251.4491525423,2031-05-24 00:00:00.000,2032-01-19 22:46:46.780,240.9491525423729,15.58103226061966,8.12716775324821,7.453864507371449
2463010.5,2463269.906779661,2031-05-24 00:00:00.000,2032-02-07 09:45:45.763,259.40677966101697,14.594118588775364,7.255635707540444,7.338482881234919
2463010.5,2463288.36440678,2031-05-24 00:00:00.000,2032-02-25 20:44:44.746,277.86440677966107,13.66729352148291,6.4406883319467285,7.226605189536181
2463010.5,2463306.8220338984,2031-05-24 00:00:00.000,2032-03-15 07:43:43.729,296.3220338983051,12.833235623151076,5.693893970699155,7.139341652451921
2463010.5,2463325.279661017,2031-05-24 00:00:00.000,2032-04-02 18:42:42.712,314.77966101694915,14.005103415828412,6.208226795463385,7.796876620365028
2463010.5,2463343.737288136,2031-05-24 00:00:00.000,2032-04-21 05:41:41.695,333.23728813559325,12.311228964113605,5.286915617094194,7.024313347019409
2463010.5,2463362.194915254,2031-05-24 00:00:00.000,2032-05-09 16:40:40.678,351.69491525423734,11.298140416302042,4.455305351328285,6.842835064973757
2463010.5,2463380.6525423727,2031-05-24 00:00:00.000,2032-05-28 03:39:39.661,370.1525423728814,10.899912489917424,4.129633527515618,6.770278962401807
2463010.5,2463399.110169492,2031-05-24 00:00:00.000,2032-06-15 14:38:38.644,388.6101694915254,10.76675337003808,4.036959742310611,6.729793627727469
2463010.5,2463417.5677966103,2031-05-24 00:00:00.000,2032-07-04 01:37:37.627,407.0677966101695,10.8670340905038,4.148981949163255,6.718052141340546
2463010.5,2463436.025423729,2031-05-24 00:00:00.000,2032-07-22 12:36:36.610,425.5254237288136,11.181885591290651,4.444322663852825,6.737562927437828
2463010.5,2463454.4830508474,2031-05-24 00:00:00.000,2032-08-09 23:35:35.593,443.98305084745766,11.68927146814335,4.8966496088512015,6.792621859292149
2463010.5,2463472.940677966,2031-05-24 00:00:00.000,2032-08-28 10:34:34.576,462.4406779661017,12.371087372297351,5.482047790978094,6.88903958131926
2463010.5,2463491.398305085,2031-05-24 00:00:00.000,2032-09-15 21:33:33.559,480.8983050847458,13.21959428391771,6.185079116930007,7.034515166987703
2463010.5,2463509.855932204,2031-05-24 00:00:00.000,2032-10-04 08:32:32.542,499.3559322033899,14.2403162765096,7.000905949135681,7.239410327373918
2463010.5,2463528.313559322,2031-05-24 00:00:00.000,2032-10-22 19:31:31.525,517.8135593220339,15.453668530732513,7.93569512859764,7.517973402134872
2463010.5,2463546.7711864407,2031-05-24 00:00:00.000,2032-11-10 06:30:30.508,536.271186440678,16.897573972737842,9.007385084409052,7.890188888328788
2463010.5,2463565.2288135597,2031-05-24 00:00:00.000,2032-11-28 17:29:29.492,554.7288135593221,18.63288870512371,10.248095483490127,8.384793221633586
2463011.5,2463197.0762711866,2031-05-25 00:00:00.000,2031-11-26 13:49:49.831,185.5762711864407,19.007930279291685,11.145386508297063,7.862543770994623
2463011.5,2463215.533898305,2031-05-25 00:00:00.000,2031-12-15 00:48:48.814,204.0338983050848,17.848873911087807,10.107495321390244,7.741378589697563
2463011.5,2463233.991525424,2031-05-25 00:00:00.000,2032-01-02 11:47:47.797,222.49152542372883,16.746176553889256,9.123711852528915,7.62246470136034
2463011.5,2463252.4491525423,2031-05-25 00:00:00.000,2032-01-20 22:46:46.780,240.9491525423729,15.6936718310148,8.192949752155998,7.500722078858801
2463011.5,2463270.906779661,2031-05-25 00:00:00.000,2032-02-08 09:45:45.763,259.40677966101697,14.694092551905946,7.316643375966967,7.377449175938979
2463011.5,2463289.36440678,2031-05-25 00:00:00.000,2032-02-26 20:44:44.746,277.86440677966107,13.756651295824662,6.497887368822951,7.258763927001711
2463011.5,2463307.8220338984,2031-05-25 00:00:00.000,2032-03-16 07:43:43.729,296.3220338983051,12.916435166960571,5.749932008929482,7.166503158031088
2463011.5,2463326.279661017,2031-05-25 00:00:00.000,2032-04-03 18:42:42.712,314.77966101694915,13.791531500683586,6.079031260899689,7.712500239783898
2463011.5,2463344.737288136,2031-05-25 00:00:00.000,2032-04-22 05:41:41.695,333.23728813559325,12.534902751710051,5.460869078468311,7.074033673241742
2463011.5,2463363.194915254,2031-05-25 00:00:00.000,2032-05-10 16:40:40.678,351.69491525423734,11.3749151743724,4.520234414402351,6.854680759970049
2463011.5,2463381.6525423727,2031-05-25 00:00:00.000,2032-05-29 03:39:39.661,370.1525423728814,10.944612345506766,4.170470192439338,6.774142153067428
2463011.5,2463400.110169492,2031-05-25 00:00:00.000,2032-06-16 14:38:38.644,388.6101694915254,10.787830233130398,4.05972950631115,6.728100726819248
2463011.5,2463418.5677966103,2031-05-25 00:00:00.000,2032-07-05 01:37:37.627,407.0677966101695,10.86582744576365,4.154405662011096,6.711421783752553
2463011.5,2463437.025423729,2031-05-25 00:00:00.000,2032-07-23 12:36:36.610,425.5254237288136,11.159343384569638,4.433165385595411,6.726177998974227
2463011.5,2463455.4830508474,2031-05-25 00:00:00.000,2032-08-10 23:35:35.593,443.98305084745766,11.646607702517468,4.870157591211475,6.7764501113059925
2463011.5,2463473.940677966,2031-05-25 00:00:00.000,2032-08-29 10:34:34.576,462.4406779661017,12.309321031600362,5.441443329425633,6.86787770217473
2463011.5,2463492.398305085,2031-05-25 00:00:00.000,2032-09-16 21:33:33.559,480.8983050847458,13.139116718858515,6.1311389086775145,7.007977810181003
2463011.5,2463510.855932204,2031-05-25 00:00:00.000,2032-10-05 08:32:32.542,499.3559322033899,14.140673350709513,6.933775328174549,7.206898022534963
2463011.5,2463529.313559322,2031-05-25 00:00:00.000,2032-10-23 19:31:31.525,517.8135593220339,15.3334211611457,7.854815348149454,7.478605812996246
2463011.5,2463547.7711864407,2031-05-25 00:00:00.000,2032-11-11 06:30:30.508,536.271186440678,16.7541139560913,8.911414376423282,7.842699579668016
2463011.5,2463566.2288135597,2031-05-25 00:00:00.000,2032-11-29 17:29:29.492,554.7288135593221,18.462110674919447,10.134747999003045,8.327362675916405
2463012.5,2463198.0762711866,2031-05-26 00:00:00.000,2031-11-27 13:49:49.831,185.5762711864407,19.16974227531707,11.232150532503132,7.9375917428139395
2463012.5,2463216.533898305,2031-05-26 00:00:00.000,2031-12-16 00:48:48.814,204.0338983050848,17.99235286752478,10.185936167130476,7.806416700394303
2463012.5,2463234.991525424,2031-05-26 00:00:00.000,2032-01-03 11:47:47.797,222.49152542372883,16.87332537050525,9.195305606554935,7.678019763950314
2463012.5,2463253.4491525423,2031-05-26 00:00:00.000,2032-01-21 22:46:46.780,240.9491525423729,15.8064421657499,8.258912298539881,7.547529867210019
2463012.5,2463271.906779661,2031-05-26 00:00:00.000,2032-02-09 09:45:45.763,259.40677966101697,14.794354670288785,7.377970547256391,7.416384123032394
2463012.5,2463290.36440678,2031-05-26 00:00:00.000,2032-02-27 20:44:44.746,277.86440677966107,13.846498153402289,6.555592061608197,7.29090609179409
2463012.5,2463308.8220338984,2031-05-26 00:00:00.000,2032-03-17 07:43:43.729,296.3220338983051,13.000133630307554,5.806591858987773,7.19354177131978
2463012.5,2463327.279661017,2031-05-26 00:00:00.000,2032-04-04 18:42:42.712,314.77966101694915,13.653968374378676,5.998921108240354,7.655047266138322
2463012.5,2463345.737288136,2031-05-26 00:00:00.000,2032-04-23 05:41:41.695,333.23728813559325,12.796043248019537,5.661498143479867,7.134545104539669
2463012.5,2463364.194915254,2031-05-26 00:00:00.000,2032-05-11 16:40:40.678,351.69491525423734,11.45557639594746,4.588180548319758,6.867395847627702
2463012.5,2463382.6525423727,2031-05-26 00:00:00.000,2032-05-30 03:39:39.661,370.1525423728814,10.991375962085732,4.212996127137896,6.778379834947836
2463012.5,2463401.110169492,2031-05-26 00:00:00.000,2032-06-17 14:38:38.644,388.6101694915254,10.810756222755805,4.0840517750603285,6.726704447695475
2463012.5,2463419.5677966103,2031-05-26 00:00:00.000,2032-07-06 01:37:37.627,407.0677966101695,10.866465975961471,4.161376875276204,6.705089100685266
2463012.5,2463438.025423729,2031-05-26 00:00:00.000,2032-07-24 12:36:36.610,425.5254237288136,11.138618305810354,4.423499089205243,6.715119216605111
2463012.5,2463456.4830508474,2031-05-26 00:00:00.000,2032-08-11 23:35:35.593,443.98305084745766,11.605701689622258,4.845053404942992,6.760648284679266
2463012.5,2463474.940677966,2031-05-26 00:00:00.000,2032-08-30 10:34:34.576,462.4406779661017,12.24926655897058,5.402124476977674,6.847142081992905
2463012.5,2463493.398305085,2031-05-26 00:00:00.000,2032-09-17 21:33:33.559,480.8983050847458,13.060355030079464,6.078418362839195,6.981936667240268
2463012.5,2463511.855932204,2031-05-26 00:00:00.000,2032-10-06 08:32:32.542,499.3559322033899,14.042820995328109,6.867852251041467,7.174968744286639
2463012.5,2463530.313559322,2031-05-26 00:00:00.000,2032-10-24 19:31:31.525,517.8135593220339,15.215123977712487,7.775193696570719,7.439930281141767
2463012.5,2463548.7711864407,2031-05-26 00:00:00.000,2032-11-12 06:30:30.508,536.271186440678,16.612865441098887,8.816823500688924,7.796041940409962
2463012.5,2463567.2288135597,2031-05-26 00:00:00.000,2032-11-30 17:29:29.492,554.7288135593221,18.293932846323976,10.022986480541087,8.270946365782885
2463013.5,2463199.0762711866,2031-05-27 00:00:00.000,2031-11-28 13:49:49.831,185.5762711864407,19.331369111335604,11.318727382443996,8.012641728891607
2463013.5,2463217.533898305,2031-05-27 00:00:00.000,2031-12-17 00:48:48.814,204.0338983050848,18.13569824813507,10.2642904060382,7.871407842096868
2463013.5,2463235.991525424,2031-05-27 00:00:00.000,2032-01-04 11:47:47.797,222.49152542372883,17.000427243573988,9.266914004771971,7.733513238802016
2463013.5,2463254.4491525423,2031-05-27 00:00:00.000,2032-01-22 22:46:46.780,240.9491525423729,15.919280914023648,8.324998145527253,7.594282768496395
2463013.5,2463272.906779661,2031-05-27 00:00:00.000,2032-02-10 09:45:45.763,259.40677966101697,14.894832669521538,7.439550116565452,7.455282552956087
2463013.5,2463291.36440678,2031-05-27 00:00:00.000,2032-02-28 20:44:44.746,277.86440677966107,13.936740144072926,6.613715720475973,7.323024423596953
2463013.5,2463309.8220338984,2031-05-27 00:00:00.000,2032-03-18 07:43:43.729,296.3220338983051,13.084199018896667,5.86374641240928,7.220452606487389
2463013.5,2463328.279661017,2031-05-27 00:00:00.000,2032-04-05 18:42:42.712,314.77966101694915,13.566306818552544,5.951091808622243,7.6152150099303
2463013.5,2463346.737288136,2031-05-27 00:00:00.000,2032-04-24 05:41:41.695,333.23728813559325,13.105117224905683,5.89575337702776,7.209363847877925
2463013.5,2463365.194915254,2031-05-27 00:00:00.000,2032-05-12 16:40:40.678,351.69491525423734,11.540391829701576,4.65930923862011,6.881082591081467
2463013.5,2463383.6525423727,2031-05-27 00:00:00.000,2032-05-31 03:39:39.661,370.1525423728814,11.040182845288136,4.257171894590212,6.783010950697923
2463013.5,2463402.110169492,2031-05-27 00:00:00.000,2032-06-18 14:38:38.644,388.6101694915254,10.83547877063454,4.109867790993609,6.725610979640932
2463013.5,2463420.5677966103,2031-05-27 00:00:00.000,2032-07-07 01:37:37.627,407.0677966101695,10.868907324063688,4.169850894775518,6.699056429288169
2463013.5,2463439.025423729,2031-05-27 00:00:00.000,2032-07-25 12:36:36.610,425.5254237288136,11.119687554965276,4.415300481018864,6.704387073946412
2463013.5,2463457.4830508474,2031-05-27 00:00:00.000,2032-08-12 23:35:35.593,443.98305084745766,11.566547288125106,4.8213317136438505,6.745215574481255
2463013.5,2463475.940677966,2031-05-27 00:00:00.000,2032-08-31 10:34:34.576,462.4406779661017,12.190928558063865,5.36409789381933,6.826830664244533
2463013.5,2463494.398305085,2031-05-27 00:00:00.000,2032-09-18 21:33:33.559,480.8983050847458,12.983319665451145,6.026931361338616,6.956388304112527
2463013.5,2463512.855932204,2031-05-27 00:00:00.000,2032-10-07 08:32:32.542,499.3559322033899,13.946771989788896,6.80315463225885,7.1436173575300455
2463013.5,2463531.313559322,2031-05-27 00:00:00.000,2032-10-25 19:31:31.525,517.8135593220339,15.098789389240537,7.69684990292943,7.401939486311106
2463013.5,2463549.7711864407,2031-05-27 00:00:00.000,2032-11-13 06:30:30.508,536.271186440678,16.47383791656899,8.723632145150049,7.75020577141894
2463013.5,2463568.2288135597,2031-05-27 00:00:00.000,2032-12-01 17:29:29.492,554.7288135593221,18.12835882170564,9.91282864601249,8.215530175693148
2463014.5,2463200.0762711866,2031-05-28 00:00:00.000,2031-11-29 13:49:49.831,185.5762711864407,19.49276034439211,11.405079192407143,8.087681151984967
2463014.5,2463218.533898305,2031-05-28 00:00:00.000,2031-12-18 00:48:48.814,204.0338983050848,18.27885910464116,10.342515688299216,7.936343416341944
2463014.5,2463236.991525424,2031-05-28 00:00:00.000,2032-01-05 11:47:47.797,222.49152542372883,17.127428319868645,9.338489392877785,7.788938926990861
2463014.5,2463255.4491525423,2031-05-28 00:00:00.000,2032-01-23 22:46:46.780,240.9491525423729,16.03212868272669,8.391152869876468,7.640975812850221
2463014.5,2463273.906779661,2031-05-28 00:00:00.000,2032-02-11 09:45:45.763,259.40677966101697,14.995457146930162,7.501317646912591,7.494139500017571
2463014.5,2463292.36440678,2031-05-28 00:00:00.000,2032-02-29 20:44:44.746,277.86440677966107,14.027287531337464,6.672175240768451,7.355112290569014
2463014.5,2463310.8220338984,2031-05-28 00:00:00.000,2032-03-19 07:43:43.729,296.3220338983051,13.168512000202297,5.921279285140614,7.24723271506168
2463014.5,2463329.279661017,2031-05-28 00:00:00.000,2032-04-06 18:42:42.712,314.77966101694915,13.512951740932497,5.925465159038616,7.587486581893882
2463014.5,2463347.737288136,2031-05-28 00:00:00.000,2032-04-25 05:41:41.695,333.23728813559325,13.476474403043245,6.1730289131398965,7.303445489903347
2463014.5,2463366.194915254,2031-05-28 00:00:00.000,2032-05-13 16:40:40.678,351.69491525423734,11.62968225280704,4.733822769724328,6.895859483082713
2463014.5,2463384.6525423727,2031-05-28 00:00:00.000,2032-06-01 03:39:39.661,370.1525423728814,11.091015439741655,4.302959392477506,6.78805604726415
2463014.5,2463403.110169492,2031-05-28 00:00:00.000,2032-06-19 14:38:38.644,388.6101694915254,10.861940138198054,4.137113477338929,6.724826660859127
2463014.5,2463421.5677966103,2031-05-28 00:00:00.000,2032-07-08 01:37:37.627,407.0677966101695,10.873100371272676,4.179774426023755,6.693325945248923
2463014.5,2463440.025423729,2031-05-28 00:00:00.000,2032-07-26 12:36:36.610,425.5254237288136,11.102518145530702,4.4085363438041085,6.6939818017265935
2463014.5,2463458.4830508474,2031-05-28 00:00:00.000,2032-08-13 23:35:35.593,443.98305084745766,11.529128105512676,4.798977236862174,6.730150868650503
2463014.5,2463476.940677966,2031-05-28 00:00:00.000,2032-09-01 10:34:34.576,462.4406779661017,12.134301884412634,5.3273608205449,6.806941063867734
2463014.5,2463495.398305085,2031-05-28 00:00:00.000,2032-09-19 21:33:33.559,480.8983050847458,12.908011950689447,5.976683004203954,6.931328946485496
2463014.5,2463513.855932204,2031-05-28 00:00:00.000,2032-10-08 08:32:32.542,499.3559322033899,13.852530594009298,6.739692209113669,7.112838384895629
2463014.5,2463532.313559322,2031-05-28 00:00:00.000,2032-10-26 19:31:31.525,517.8135593220339,14.98442184054716,7.61979606792285,7.36462577262431
2463014.5,2463550.7711864407,2031-05-28 00:00:00.000,2032-11-14 06:30:30.508,536.271186440678,16.33703343116079,8.631852875998863,7.705180555161928
2463014.5,2463569.2288135597,2031-05-28 00:00:00.000,2032-12-02 17:29:29.492,554.7288135593221,17.96538528027609,9.804285575538191,8.161099704737898
2463014.5,2463587.686440678,2031-05-28 00:00:00.000,2032-12-21 04:28:28.475,573.1864406779662,19.95533236379876,11.183731142361651,8.771601221437104
2463015.5,2463201.0762711866,2031-05-29 00:00:00.000,2031-11-30 13:49:49.831,185.5762711864407,19.65386873565816,11.491170801280084,8.162697934378075
2463015.5,2463219.533898305,2031-05-29 00:00:00.000,2031-12-19 00:48:48.814,204.0338983050848,18.421786930426137,10.420571785110212,8.001215145315925
2463015.5,2463237.991525424,2031-05-29 00:00:00.000,2032-01-06 11:47:47.797,222.49152542372883,17.254276513228604,9.409985667790949,7.844290845437654
2463015.5,2463256.4491525423,2031-05-29 00:00:00.000,2032-01-24 22:46:46.780,240.9491525423729,16.144927270551467,8.457323068292613,7.687604202258854
2463015.5,2463274.906779661,2031-05-29 00:00:00.000,2032-02-12 09:45:45.763,259.40677966101697,15.096159601096268,7.563209372238138,7.532950228858129
2463015.5,2463293.36440678,2031-05-29 00:00:00.000,2032-03-01 20:44:44.746,277.86440677966107,14.118052458821277,6.730888799127978,7.387163659693298
2463015.5,2463311.8220338984,2031-05-29 00:00:00.000,2032-03-20 07:43:43.729,296.3220338983051,13.252961521301495,5.979080848041496,7.273880673260002
2463015.5,2463330.279661017,2031-05-29 00:00:00.000,2032-04-07 18:42:42.712,314.77966101694915,13.484064509498351,5.915662477928196,7.568402031570157
2463015.5,2463348.737288136,2031-05-29 00:00:00.000,2032-04-26 05:41:41.695,333.23728813559325,13.930140628937616,6.506229660948215,7.423910967989402
2463015.5,2463367.194915254,2031-05-29 00:00:00.000,2032-05-14 16:40:40.678,351.69491525423734,11.72382954044626,4.811965031156707,6.911864509289554
2463015.5,2463385.6525423727,2031-05-29 00:00:00.000,2032-06-02 03:39:39.661,370.1525423728814,11.143858090508209,4.350320547663608,6.793537542844601
2463015.5,2463404.110169492,2031-05-29 00:00:00.000,2032-06-20 14:38:38.644,388.6101694915254,10.890075899241507,4.165717849547369,6.724358049694138
2463015.5,2463422.5677966103,2031-05-29 00:00:00.000,2032-07-09 01:37:37.627,407.0677966101695,10.87898374607495,4.191084043514669,6.68789970256028
2463015.5,2463441.025423729,2031-05-29 00:00:00.000,2032-07-27 12:36:36.610,425.5254237288136,11.087065512032122,4.403162112621895,6.683903399410228
2463015.5,2463459.4830508474,2031-05-29 00:00:00.000,2032-08-14 23:35:35.593,443.98305084745766,11.493416301812577,4.777963525520316,6.715452776292259
2463015.5,2463477.940677966,2031-05-29 00:00:00.000,2032-09-02 10:34:34.576,462.4406779661017,12.079370732057097,5.291900137594474,6.787470594462622
2463015.5,2463496.398305085,2031-05-29 00:00:00.000,2032-09-20 21:33:33.559,480.8983050847458,12.834423493952318,5.92766898806924,6.906754505883077
2463015.5,2463514.855932204,2031-05-29 00:00:00.000,2032-10-09 08:32:32.542,499.3559322033899,13.760092269624522,6.6774662374060565,7.082626032218466
2463015.5,2463533.313559322,2031-05-29 00:00:00.000,2032-10-27 19:31:31.525,517.8135593220339,14.872017832479248,7.544036658830986,7.327981173648262
2463015.5,2463551.7711864407,2031-05-29 00:00:00.000,2032-11-15 06:30:30.508,536.271186440678,16.20244688997151,8.54149141012972,7.660955479841792
2463015.5,2463570.2288135597,2031-05-29 00:00:00.000,2032-12-03 17:29:29.492,554.7288135593221,17.805002532479094,9.697362241961104,8.107640290517988
2463015.5,2463588.686440678,2031-05-29 00:00:00.000,2032-12-22 04:28:28.475,573.1864406779662,19.76361968207042,11.057120912593597,8.706498769476822
2463016.5,2463202.0762711866,2031-05-30 00:00:00.000,2031-12-01 13:49:49.831,185.5762711864407,19.814650976726472,11.576970423797396,8.237680552929078
2463016.5,2463220.533898305,2031-05-30 00:00:00.000,2031-12-20 00:48:48.814,204.0338983050848,18.564436119910056,10.498420994021677,8.066015125888379
2463016.5,2463238.991525424,2031-05-30 00:00:00.000,2032-01-07 11:47:47.797,222.49152542372883,17.380921681830706,9.481358403788493,7.899563278042213
2463016.5,2463257.4491525423,2031-05-30 00:00:00.000,2032-01-25 22:46:46.780,240.9491525423729,16.257619542421427,8.523456185962123,7.734163356459304
2463016.5,2463275.906779661,2031-05-30 00:00:00.000,2032-02-13 09:45:45.763,259.40677966101697,15.196871962240644,7.625161694268633,7.571710267972008
2463016.5,2463294.36440678,2031-05-30 00:00:00.000,2032-03-02 20:44:44.746,277.86440677966107,14.2089479637557,6.789774884913018,7.419173078842684
2463016.5,2463312.8220338984,2031-05-30 00:00:00.000,2032-03-21 07:43:43.729,296.3220338983051,13.337441940417962,6.037045672605357,7.300396267812605
2463016.5,2463331.279661017,2031-05-30 00:00:00.000,2032-04-08 18:42:42.712,314.77966101694915,13.47315065762089,5.917459864577371,7.555690793043519
2463016.5,2463349.737288136,2031-05-30 00:00:00.000,2032-04-27 05:41:41.695,333.23728813559325,14.494639814966428,6.913424868738963,7.581214946227465
2463016.5,2463368.194915254,2031-05-30 00:00:00.000,2032-05-15 16:40:40.678,351.69491525423734,11.823287213865132,4.894028050349555,6.929259163515578
2463016.5,2463386.6525423727,2031-05-30 00:00:00.000,2032-06-03 03:39:39.661,370.1525423728814,11.198695851546049,4.3992158220904045,6.799480029455644
2463016.5,2463405.110169492,2031-05-30 00:00:00.000,2032-06-21 14:38:38.644,388.6101694915254,10.919812638137495,4.195600638827284,6.724211999310213
2463016.5,2463423.5677966103,2031-05-30 00:00:00.000,2032-07-10 01:37:37.627,407.0677966101695,10.88648306006493,4.2037033884083925,6.6827796716565375
2463016.5,2463442.025423729,2031-05-30 00:00:00.000,2032-07-28 12:36:36.610,425.5254237288136,11.073270450971968,4.39911878772206,6.6741516632499085
2463016.5,2463460.4830508474,2031-05-30 00:00:00.000,2032-08-15 23:35:35.593,443.98305084745766,11.459369440578008,4.758249789528176,6.701119651049834
2463016.5,2463478.940677966,2031-05-30 00:00:00.000,2032-09-03 10:34:34.576,462.4406779661017,12.026105586254186,5.257689296979885,6.768416289274301
2463016.5,2463497.398305085,2031-05-30 00:00:00.000,2032-09-21 21:33:33.559,480.8983050847458,12.762533358811533,5.879872760490714,6.882660598320819
2463016.5,2463515.855932204,2031-05-30 00:00:00.000,2032-10-10 08:32:32.542,499.3559322033899,13.669441129275864,6.616466924115,7.052974205160865
2463016.5,2463534.313559322,2031-05-30 00:00:00.000,2032-10-28 19:31:31.525,517.8135593220339,14.761563666921967,7.46956623984785,7.291997427074119
2463016.5,2463552.7711864407,2031-05-30 00:00:00.000,2032-11-16 06:30:30.508,536.271186440678,16.070064097052146,8.45254464569485,7.617519451357297
2463016.5,2463571.2288135597,2031-05-30 00:00:00.000,2032-12-04 17:29:29.492,554.7288135593221,17.647192857492932,9.592055838872708,8.055137018620226
2463016.5,2463589.686440678,2031-05-30 00:00:00.000,2032-12-23 04:28:28.475,573.1864406779662,19.575003140663064,10.932427246296152,8.642575894366914
2463017.5,2463203.0762711866,2031-05-31 00:00:00.000,2031-12-02 13:49:49.831,185.5762711864407,19.975070786065984,11.6624526586153,8.312618127450683
2463017.5,2463221.533898305,2031-05-31 00:00:00.000,2031-12-21 00:48:48.814,204.0338983050848,18.70676675712303,10.576030842758396,8.130735914364635
2463017.5,2463239.991525424,2031-05-31 00:00:00.000,2032-01-08 11:47:47.797,222.49152542372883,17.50731808136005,9.552567226220075,7.954750855139976
2463017.5,2463258.4491525423,2031-05-31 00:00:00.000,2032-01-26 22:46:46.780,240.9491525423729,16.370151511182936,8.58950252604565,7.780648985137287
2463017.5,2463276.906779661,2031-05-31 00:00:00.000,2032-02-14 09:45:45.763,259.40677966101697,15.297528241957522,7.687112773752434,7.6104154682050895
2463017.5,2463295.36440678,2031-05-31 00:00:00.000,2032-03-03 20:44:44.746,277.86440677966107,14.299889009408432,6.848753321831339,7.451135687577094
2463017.5,2463313.8220338984,2031-05-31 00:00:00.000,2032-03-22 07:43:43.729,296.3220338983051,13.4218523187728,6.095072041598088,7.326780277174713
2463017.5,2463332.279661017,2031-05-31 00:00:00.000,2032-04-09 18:42:42.712,314.77966101694915,13.475755709440232,5.9279497389656886,7.547805970474545
2463017.5,2463350.737288136,2031-05-31 00:00:00.000,2032-04-28 05:41:41.695,333.23728813559325,15.211566036836594,7.4204887654545235,7.791077271382071
2463017.5,2463369.194915254,2031-05-31 00:00:00.000,2032-05-16 16:40:40.678,351.69491525423734,11.928594928800996,4.980361491667047,6.94823343713395
2463017.5,2463387.6525423727,2031-05-31 00:00:00.000,2032-06-04 03:39:39.661,370.1525423728814,11.255514090551507,4.449603455824377,6.805910634727129
2463017.5,2463406.110169492,2031-05-31 00:00:00.000,2032-06-22 14:38:38.644,388.6101694915254,10.951065771178852,4.226670018028587,6.724395753150265
2463017.5,2463424.5677966103,2031-05-31 00:00:00.000,2032-07-11 01:37:37.627,407.0677966101695,10.895507685653223,4.2175398932729244,6.677967792380302
2463017.5,2463443.025423729,2031-05-31 00:00:00.000,2032-07-29 12:36:36.610,425.5254237288136,11.06105506636457,4.396328839370473,6.664726226994097
2463017.5,2463461.4830508474,2031-05-31 00:00:00.000,2032-08-16 23:35:35.593,443.98305084745766,11.42692589158736,4.739776265850459,6.6871496257369
2463017.5,2463479.940677966,2031-05-31 00:00:00.000,2032-09-04 10:34:34.576,462.4406779661017,11.974458385314378,5.224683453102012,6.7497749322123655
2463017.5,2463498.398305085,2031-05-31 00:00:00.000,2032-09-22 21:33:33.559,480.8983050847458,12.692303207148424,5.833260635199183,6.859042571949242
2463017.5,2463516.855932204,2031-05-31 00:00:00.000,2032-10-11 08:32:32.542,499.3559322033899,13.580545196559155,6.556668662865968,7.02387653369319
2463017.5,2463535.313559322,2031-05-31 00:00:00.000,2032-10-29 19:31:31.525,517.8135593220339,14.653030900034274,7.396364903932195,7.256665996102079
2463017.5,2463553.7711864407,2031-05-31 00:00:00.000,2032-11-17 06:30:30.508,536.271186440678,15.93985744295685,8.364996332231486,7.574861110725364
2463017.5,2463572.2288135597,2031-05-31 00:00:00.000,2032-12-05 17:29:29.492,554.7288135593221,17.491926449856383,9.48835171386271,8.003574735993674
2463017.5,2463590.686440678,2031-05-31 00:00:00.000,2032-12-24 04:28:28.475,573.1864406779662,19.389447023182427,10.809634732468387,8.579812290714038
2463018.5,2463222.533898305,2031-06-01 00:00:00.000,2031-12-22 00:48:48.814,204.0338983050848,18.8487505622427,10.65337990078772,8.195370661454978
2463018.5,2463240.991525424,2031-06-01 00:00:00.000,2032-01-09 11:47:47.797,222.49152542372883,17.63342997359846,9.623581292682877,8.009848680915585
2463018.5,2463259.4491525423,2031-06-01 00:00:00.000,2032-01-27 22:46:46.780,240.9491525423729,16.482477556614526,8.655420350459556,7.827057206154969
2463018.5,2463277.906779661,2031-06-01 00:00:00.000,2032-02-15 09:45:45.763,259.40677966101697,15.398069283632111,7.7490071776610785,7.649062105971033
2463018.5,2463296.36440678,2031-06-01 00:00:00.000,2032-03-04 20:44:44.746,277.86440677966107,14.390796569631132,6.907749293835954,7.483047275795177
2463018.5,2463314.8220338984,2031-06-01 00:00:00.000,2032-03-23 07:43:43.729,296.3220338983051,13.506098899632365,6.153064547763346,7.3530343518690175
2463018.5,2463333.279661017,2031-06-01 00:00:00.000,2032-04-10 18:42:42.712,314.77966101694915,13.48872369686705,5.945063592018832,7.543660104848218
2463018.5,2463351.737288136,2031-06-01 00:00:00.000,2032-04-29 05:41:41.695,333.23728813559325,16.143237883768343,8.065466736854141,8.077771146914202
2463018.5,2463370.194915254,2031-06-01 00:00:00.000,2032-05-17 16:40:40.678,351.69491525423734,12.04039862043404,5.07138654804126,6.969012072392779
2463018.5,2463388.6525423727,2031-06-01 00:00:00.000,2032-06-05 03:39:39.661,370.1525423728814,11.31429993889482,4.501440467498579,6.812859471396241
2463018.5,2463407.110169492,2031-06-01 00:00:00.000,2032-06-23 14:38:38.644,388.6101694915254,10.983738468685136,4.258821386516776,6.72491708216836
2463018.5,2463425.5677966103,2031-06-01 00:00:00.000,2032-07-12 01:37:37.627,407.0677966101695,10.905947924554315,4.232481862577971,6.673466061976345
2463018.5,2463444.025423729,2031-06-01 00:00:00.000,2032-07-30 12:36:36.610,425.5254237288136,11.050318380165823,4.394691744792673,6.655626635373151
2463018.5,2463462.4830508474,2031-06-01 00:00:00.000,2032-08-17 23:35:35.593,443.98305084745766,11.39599922752814,4.722458548989585,6.673540678538556
2463018.5,2463480.940677966,2031-06-01 00:00:00.000,2032-09-05 10:34:34.576,462.4406779661017,11.924356119878745,5.192813000360812,6.731543119517931
2463018.5,2463499.398305085,2031-06-01 00:00:00.000,2032-09-23 21:33:33.559,480.8983050847458,12.62367045071565,5.787774885963961,6.835895564751691
2463018.5,2463517.855932204,2031-06-01 00:00:00.000,2032-10-12 08:32:32.542,499.3559322033899,13.493349355737944,6.498022929628027,6.995326426109918
2463018.5,2463536.313559322,2031-06-01 00:00:00.000,2032-10-30 19:31:31.525,517.8135593220339,14.546369250501105,7.324391130511888,7.221978119989216
2463018.5,2463554.7711864407,2031-06-01 00:00:00.000,2032-11-18 06:30:30.508,536.271186440678,15.811778873991765,8.278809993555079,7.532968880436686
2463018.5,2463573.2288135597,2031-06-01 00:00:00.000,2032-12-06 17:29:29.492,554.7288135593221,17.339154518664955,9.386216425705337,7.952938092959618
2463018.5,2463591.686440678,2031-06-01 00:00:00.000,2032-12-25 04:28:28.475,573.1864406779662,19.2068981436169,10.688710654690242,8.518187488926658
2463019.5,2463223.533898305,2031-06-02 00:00:00.000,2031-12-23 00:48:48.814,204.0338983050848,18.990381096390717,10.730467778828864,8.259913317561846
2463019.5,2463241.991525424,2031-06-02 00:00:00.000,2032-01-10 11:47:47.797,222.49152542372883,17.759241633855,9.69438910403215,8.064852529822852
2463019.5,2463260.4491525423,2031-06-02 00:00:00.000,2032-01-28 22:46:46.780,240.9491525423729,16.594570172303396,8.721185440699568,7.873384731603827
2463019.5,2463278.906779661,2031-06-02 00:00:00.000,2032-02-16 09:45:45.763,259.40677966101697,15.49845215835044,7.810805104822343,7.687647053528097
2463019.5,2463297.36440678,2031-06-02 00:00:00.000,2032-03-05 20:44:44.746,277.86440677966107,14.48160647439861,6.96670206210548,7.51490441229313
2463019.5,2463315.8220338984,2031-06-02 00:00:00.000,2032-03-24 07:43:43.729,296.3220338983051,13.590102615419324,6.210941611722927,7.379161003696396
2463019.5,2463334.279661017,2031-06-02 00:00:00.000,2032-04-11 18:42:42.712,314.77966101694915,13.509760479239262,5.967292302836658,7.542468176402604
2463019.5,2463352.737288136,2031-06-02 00:00:00.000,2032-04-30 05:41:41.695,333.23728813559325,17.385993734305476,8.906088942996751,8.479904791308725
2463019.5,2463371.194915254,2031-06-02 00:00:00.000,2032-05-18 16:40:40.678,351.69491525423734,12.159478966942952,5.167616507962495,6.9918624589804566
2463019.5,2463389.6525423727,2031-06-02 00:00:00.000,2032-06-06 03:39:39.661,370.1525423728814,11.375047596162368,4.554687386448593,6.820360209713775
2463019.5,2463408.110169492,2031-06-02 00:00:00.000,2032-06-24 14:38:38.644,388.6101694915254,11.017723717239804,4.291939226469937,6.725784490769867
2463019.5,2463426.5677966103,2031-06-02 00:00:00.000,2032-07-13 01:37:37.627,407.0677966101695,10.917674507309684,4.248397822649919,6.669276684659766
2463019.5,2463445.025423729,2031-06-02 00:00:00.000,2032-07-31 12:36:36.610,425.5254237288136,11.04093331979697,4.394080842478882,6.646852477318089
2463019.5,2463463.4830508474,2031-06-02 00:00:00.000,2032-08-18 23:35:35.593,443.98305084745766,11.366473013278563,4.70618225488911,6.660290758389455
2463019.5,2463481.940677966,2031-06-02 00:00:00.000,2032-09-06 10:34:34.576,462.4406779661017,11.875693925631806,5.161976545120768,6.713717380511038
2463019.5,2463500.398305085,2031-06-02 00:00:00.000,2032-09-24 21:33:33.559,480.8983050847458,12.556540137834828,5.743325516089727,6.813214621745101
2463019.5,2463518.855932204,2031-06-02 00:00:00.000,2032-10-13 08:32:32.542,499.3559322033899,13.40776642048228,6.440449237199718,6.967317183282561
2463019.5,2463537.313559322,2031-06-02 00:00:00.000,2032-10-31 19:31:31.525,517.8135593220339,14.441497130558565,7.253572204575858,7.187924925982706
2463019.5,2463555.7711864407,2031-06-02 00:00:00.000,2032-11-19 06:30:30.508,536.271186440678,15.685750081165484,8.193919007295696,7.491831073869788
2463019.5,2463574.2288135597,2031-06-02 00:00:00.000,2032-12-07 17:29:29.492,554.7288135593221,17.188799273062024,9.285587622720309,7.903211650341717
2463020.5,2463224.533898305,2031-06-03 00:00:00.000,2031-12-24 00:48:48.814,204.0338983050848,19.131687960544618,10.807329043104676,8.324358917439941
2463020.5,2463242.991525424,2031-06-03 00:00:00.000,2032-01-11 11:47:47.797,222.49152542372883,17.884771783711194,9.765012659950315,8.11975912376088
2463020.5,2463261.4491525423,2031-06-03 00:00:00.000,2032-01-29 22:46:46.780,240.9491525423729,16.706434577753342,8.786805442033755,7.919629135719588
2463020.5,2463279.906779661,2031-06-03 00:00:00.000,2032-02-17 09:45:45.763,259.40677966101697,15.598664882474466,7.872496850314681,7.726168032159784
2463020.5,2463298.36440678,2031-06-03 00:00:00.000,2032-03-06 20:44:44.746,277.86440677966107,14.57228406757799,7.025579407871399,7.546704659706592
2463020.5,2463316.8220338984,2031-06-03 00:00:00.000,2032-03-25 07:43:43.729,296.3220338983051,13.673813058494131,6.26864934781616,7.4051637106779715
2463020.5,2463335.279661017,2031-06-03 00:00:00.000,2032-04-12 18:42:42.712,314.77966101694915,13.537172462798749,5.993521834913041,7.543650627885705
2463020.5,2463353.737288136,2031-06-03 00:00:00.000,2032-05-01 05:41:41.695,333.23728813559325,19.09424508272188,10.03329241908037,9.060952663641508
2463020.5,2463372.194915254,2031-06-03 00:00:00.000,2032-05-19 16:40:40.678,351.69491525423734,12.286791284084828,5.269686622070002,7.017104662014826
2463020.5,2463390.6525423727,2031-06-03 00:00:00.000,2032-06-07 03:39:39.661,370.1525423728814,11.437770300379906,4.609319492195164,6.828450808184742
2463020.5,2463409.110169492,2031-06-03 00:00:00.000,2032-06-25 14:38:38.644,388.6101694915254,11.052912870542585,4.325905351648505,6.727007518894079
2463020.5,2463427.5677966103,2031-06-03 00:00:00.000,2032-07-14 01:37:37.627,407.0677966101695,10.930544113669376,4.265141802659918,6.665402311009458
2463020.5,2463446.025423729,2031-06-03 00:00:00.000,2032-08-01 12:36:36.610,425.5254237288136,11.03274887582336,4.394345267210077,6.638403608613281
2463020.5,2463464.4830508474,2031-06-03 00:00:00.000,2032-08-19 23:35:35.593,443.98305084745766,11.338199666495491,4.690801665622452,6.647398000873041
2463020.5,2463482.940677966,2031-06-03 00:00:00.000,2032-09-07 10:34:34.576,462.4406779661017,11.828331086619787,5.1320366960706965,6.69629439054909
2463020.5,2463501.398305085,2031-06-03 00:00:00.000,2032-09-25 21:33:33.559,480.8983050847458,12.490778659648104,5.699783752805612,6.790994906842492
2463020.5,2463519.855932204,2031-06-03 00:00:00.000,2032-10-14 08:32:32.542,499.3559322033899,13.323669053856548,6.38382684320358,6.939842210652969
2463020.5,2463538.313559322,2031-06-03 00:00:00.000,2032-11-01 19:31:31.525,517.8135593220339,14.338292186266044,7.183794543370399,7.154497642895644
2463020.5,2463556.7711864407,2031-06-03 00:00:00.000,2032-11-20 06:30:30.508,536.271186440678,15.561651965188837,8.11021585383188,7.451436111356955
2463020.5,2463575.2288135597,2031-06-03 00:00:00.000,2032-12-08 17:29:29.492,554.7288135593221,17.040742536019728,9.18636243661958,7.854380099400147
2463021.5,2463225.533898305,2031-06-04 00:00:00.000,2031-12-25 00:48:48.814,204.0338983050848,19.2727512902886,10.884047371524463,8.388703918764133
2463021.5,2463243.991525424,2031-06-04 00:00:00.000,2032-01-12 11:47:47.797,222.49152542372883,18.010089075325926,9.835522605807538,8.174566469518387
2463021.5,2463262.4491525423,2031-06-04 00:00:00.000,2032-01-30 22:46:46.780,240.9491525423729,16.81812518521569,8.852335996694988,7.965789188520701
2463021.5,2463280.906779661,2031-06-04 00:00:00.000,2032-02-18 09:45:45.763,259.40677966101697,15.698743859476432,7.9341199237378,7.764623935738634
2463021.5,2463299.36440678,2031-06-04 00:00:00.000,2032-03-07 20:44:44.746,277.86440677966107,14.662842555645938,7.084395690069443,7.5784468655764945
2463021.5,2463317.8220338984,2031-06-04 00:00:00.000,2032-03-26 07:43:43.729,296.3220338983051,13.757227322648202,6.32618020130738,7.431047121340822
2463021.5,2463336.279661017,2031-06-04 00:00:00.000,2032-04-13 18:42:42.712,314.77966101694915,13.56971009292009,6.022938644722965,7.546771448197126
2463021.5,2463373.194915254,2031-06-04 00:00:00.000,2032-05-20 16:40:40.678,351.69491525423734,12.423518254278662,5.378394061097133,7.045124193181529
2463021.5,2463391.6525423727,2031-06-04 00:00:00.000,2032-06-08 03:39:39.661,370.1525423728814,11.50252038444174,4.665345966958949,6.837174417482793
2463021.5,2463410.110169492,2031-06-04 00:00:00.000,2032-06-26 14:38:38.644,388.6101694915254,11.08921338445758,4.360616236155195,6.728597148302385
2463021.5,2463428.5677966103,2031-06-04 00:00:00.000,2032-07-15 01:37:37.627,407.0677966101695,10.944414777184653,4.282568399425878,6.661846377758772
2463021.5,2463447.025423729,2031-06-04 00:00:00.000,2032-08-02 12:36:36.610,425.5254237288136,11.02560221849523,4.395321741163329,6.630280477331902
2463021.5,2463465.4830508474,2031-06-04 00:00:00.000,2032-08-20 23:35:35.593,443.98305084745766,11.311008781637742,4.676147730915278,6.634861050722464
2463021.5,2463483.940677966,2031-06-04 00:00:00.000,2032-09-08 10:34:34.576,462.4406779661017,11.78209564275982,5.102824347709421,6.6792712950504
2463021.5,2463502.398305085,2031-06-04 00:00:00.000,2032-09-26 21:33:33.559,480.8983050847458,12.426215049030972,5.656983017879784,6.769232031151189
2463021.5,2463520.855932204,2031-06-04 00:00:00.000,2032-10-15 08:32:32.542,499.3559322033899,13.240888252058197,6.327992899096371,6.912895352961826
2463021.5,2463539.313559322,2031-06-04 00:00:00.000,2032-11-02 19:31:31.525,517.8135593220339,14.23658741724739,7.114899472291317,7.121687944956074
2463021.5,2463557.7711864407,2031-06-04 00:00:00.000,2032-11-21 06:30:30.508,536.271186440678,15.439318758792648,8.02754588297621,7.41177287581644
2463021.5,2463576.2288135597,2031-06-04 00:00:00.000,2032-12-09 17:29:29.492,554.7288135593221,16.894818150484188,9.08838951780658,7.806428632677609
2463022.5,2463226.533898305,2031-06-05 00:00:00.000,2031-12-26 00:48:48.814,204.0338983050848,19.41370936920101,10.960762852229085,8.452946516971926
2463022.5,2463244.991525424,2031-06-05 00:00:00.000,2032-01-13 11:47:47.797,222.49152542372883,18.13532153296437,9.906047348040287,8.229274184924082
2463022.5,2463263.4491525423,2031-06-05 00:00:00.000,2032-01-31 22:46:46.780,240.9491525423729,16.929756948318897,8.917891759314346,8.011865189004551
2463022.5,2463281.906779661,2031-06-05 00:00:00.000,2032-02-19 09:45:45.763,259.40677966101697,15.798787241488933,7.995772078230237,7.803015163258696
2463022.5,2463300.36440678,2031-06-05 00:00:00.000,2032-03-08 20:44:44.746,277.86440677966107,14.7533584686429,7.143226996895386,7.610131471747513
2463022.5,2463318.8220338984,2031-06-05 00:00:00.000,2032-03-27 07:43:43.729,296.3220338983051,13.840407422899048,6.383590124426012,7.456817298473037
2463022.5,2463337.279661017,2031-06-05 00:00:00.000,2032-04-14 18:42:42.712,314.77966101694915,13.606471749115691,6.054974273986155,7.551497475129535
2463022.5,2463374.194915254,2031-06-05 00:00:00.000,2032-05-21 16:40:40.678,351.69491525423734,12.571133071235112,5.494744782588193,7.076388288646919
2463022.5,2463392.6525423727,2031-06-05 00:00:00.000,2032-06-09 03:39:39.661,370.1525423728814,11.569414492411973,4.722834065682294,6.846580426729679
2463022.5,2463411.110169492,2031-06-05 00:00:00.000,2032-06-27 14:38:38.644,388.6101694915254,11.12657436165881,4.396008085440457,6.730566276218353
2463022.5,2463429.5677966103,2031-06-05 00:00:00.000,2032-07-16 01:37:37.627,407.0677966101695,10.959171555362284,4.300558040639734,6.658613514722551
2463022.5,2463448.025423729,2031-06-05 00:00:00.000,2032-08-03 12:36:36.610,425.5254237288136,11.019342904505592,4.396858382397343,6.622484522108249
2463022.5,2463466.4830508474,2031-06-05 00:00:00.000,2032-08-21 23:35:35.593,443.98305084745766,11.284728575138512,4.66204911121571,6.622679463922801
2463022.5,2463484.940677966,2031-06-05 00:00:00.000,2032-09-09 10:34:34.576,462.4406779661017,11.7368024503443,5.074156330053217,6.662646120291083
2463022.5,2463503.398305085,2031-06-05 00:00:00.000,2032-09-27 21:33:33.559,480.8983050847458,12.362655586143145,5.6147331101224935,6.7479224760206495
2463022.5,2463521.855932204,2031-06-05 00:00:00.000,2032-10-16 08:32:32.542,499.3559322033899,13.159224711988232,6.272753379330404,6.886471332657828
2463022.5,2463540.313559322,2031-06-05 00:00:00.000,2032-11-03 19:31:31.525,517.8135593220339,14.13617961455562,7.04669120492575,7.089488409629869
2463022.5,2463558.7711864407,2031-06-05 00:00:00.000,2032-11-22 06:30:30.508,536.271186440678,15.31854383243692,7.945712637726018,7.372831194710901
2463022.5,2463577.2288135597,2031-06-05 00:00:00.000,2032-12-10 17:29:29.492,554.7288135593221,16.750815399532154,8.991471943425191,7.759343456106963
2463023.5,2463227.533898305,2031-06-06 00:00:00.000,2031-12-27 00:48:48.814,204.0338983050848,19.55475207069425,11.037665251370614,8.517086819323636
2463023.5,2463245.991525424,2031-06-06 00:00:00.000,2032-01-14 11:47:47.797,222.49152542372883,18.260652269431787,9.976768568892927,8.28388370053886
2463023.5,2463264.4491525423,2031-06-06 00:00:00.000,2032-02-01 22:46:46.780,240.9491525423729,17.04150352539387,8.983644336960905,8.057859188432964
2463023.5,2463282.906779661,2031-06-06 00:00:00.000,2032-02-20 09:45:45.763,259.40677966101697,15.8989557628021,8.057611908411813,7.841343854390288
2463023.5,2463301.36440678,2031-06-06 00:00:00.000,2032-03-09 20:44:44.746,277.86440677966107,14.843975406915993,7.202214667527766,7.641760739388224
2463023.5,2463319.8220338984,2031-06-06 00:00:00.000,2032-03-28 07:43:43.729,296.3220338983051,13.92348709383058,6.441005193477658,7.482481900352923
2463023.5,2463338.279661017,2031-06-06 00:00:00.000,2032-04-15 18:42:42.712,314.77966101694915,13.646836450938064,6.089265551708683,7.557570899229381
2463023.5,2463375.194915254,2031-06-06 00:00:00.000,2032-05-22 16:40:40.678,351.69491525423734,12.731467421664938,5.620000735096216,7.111466686568721
2463023.5,2463393.6525423727,2031-06-06 00:00:00.000,2032-06-10 03:39:39.661,370.1525423728814,11.638655935171784,4.781930365042121,6.856725570129663
2463023.5,2463412.110169492,2031-06-06 00:00:00.000,2032-06-28 14:38:38.644,388.6101694915254,11.16501261534261,4.432082449220093,6.732930166122516
2463023.5,2463430.5677966103,2031-06-06 00:00:00.000,2032-07-17 01:37:37.627,407.0677966101695,10.974756494989984,4.31904656367164,6.655709931318344
2463023.5,2463449.025423729,2031-06-06 00:00:00.000,2032-08-04 12:36:36.610,425.5254237288136,11.013864937775637,4.398846379999624,6.615018557776013
2463023.5,2463467.4830508474,2031-06-06 00:00:00.000,2032-08-22 23:35:35.593,443.98305084745766,11.25921808650179,4.648363981176382,6.610854105325407
2463023.5,2463485.940677966,2031-06-06 00:00:00.000,2032-09-10 10:34:34.576,462.4406779661017,11.692284085474988,5.045865897761612,6.646418187713376
2463023.5,2463504.398305085,2031-06-06 00:00:00.000,2032-09-28 21:33:33.559,480.8983050847458,12.299912615663157,5.572848587754786,6.727064027908369
2463023.5,2463522.855932204,2031-06-06 00:00:00.000,2032-10-17 08:32:32.542,499.3559322033899,13.078475247941864,6.217909039017615,6.860566208924249
2463023.5,2463541.313559322,2031-06-06 00:00:00.000,2032-11-04 19:31:31.525,517.8135593220339,14.036853323354144,6.978960317626277,7.057893005727867
2463023.5,2463559.7711864407,2031-06-06 00:00:00.000,2032-11-23 06:30:30.508,536.271186440678,15.19910126054319,7.86449889701453,7.334602363528659
2463023.5,2463578.2288135597,2031-06-06 00:00:00.000,2032-12-11 17:29:29.492,554.7288135593221,16.608498260914704,8.895385904947855,7.7131123559668495
2463024.5,2463228.533898305,2031-06-07 00:00:00.000,2031-12-28 00:48:48.814,204.0338983050848,19.69609785231341,11.114971081219972,8.58112677109344
2463024.5,2463246.991525424,2031-06-07 00:00:00.000,2032-01-15 11:47:47.797,222.49152542372883,18.38629839288862,10.04790016470272,8.3383982281859
2463024.5,2463265.4491525423,2031-06-07 00:00:00.000,2032-02-02 22:46:46.780,240.9491525423729,17.1535783205156,9.049803326643412,8.103774993872186
2463024.5,2463283.906779661,2031-06-07 00:00:00.000,2032-02-21 09:45:45.763,259.40677966101697,15.999456194269952,8.11984227654727,7.879613917722684
2463024.5,2463302.36440678,2031-06-07 00:00:00.000,2032-03-10 20:44:44.746,277.86440677966107,14.934890226846573,7.261551447189691,7.6733387796568815
2463024.5,2463320.8220338984,2031-06-07 00:00:00.000,2032-03-29 07:43:43.729,296.3220338983051,14.006661026759389,6.498610836584154,7.508050190175235
2463024.5,2463339.279661017,2031-06-07 00:00:00.000,2032-04-16 18:42:42.712,314.77966101694915,13.69040398641602,6.12561383678091,7.564790149635109
2463024.5,2463376.194915254,2031-06-07 00:00:00.000,2032-05-23 16:40:40.678,351.69491525423734,12.906779987931715,5.755721704135829,7.151058283795887
2463024.5,2463394.6525423727,2031-06-07 00:00:00.000,2032-06-11 03:39:39.661,370.1525423728814,11.710544423197629,4.842869431317002,6.867674991880626
2463024.5,2463413.110169492,2031-06-07 00:00:00.000,2032-06-29 14:38:38.644,388.6101694915254,11.20462844278524,4.4689216839159975,6.735706758869243
2463024.5,2463431.5677966103,2031-06-07 00:00:00.000,2032-07-18 01:37:37.627,407.0677966101695,10.991191794342868,4.338048129162764,6.653143665180105
2463024.5,2463450.025423729,2031-06-07 00:00:00.000,2032-08-05 12:36:36.610,425.5254237288136,11.009136038617758,4.401249008783222,6.607887029834535
2463024.5,2463468.4830508474,2031-06-07 00:00:00.000,2032-08-23 23:35:35.593,443.98305084745766,11.234400521717673,4.635013100225327,6.599387421492345
2463024.5,2463486.940677966,2031-06-07 00:00:00.000,2032-09-11 10:34:34.576,462.4406779661017,11.648426306877184,5.017837897875287,6.630588409001897
2463024.5,2463505.398305085,2031-06-07 00:00:00.000,2032-09-29 21:33:33.559,480.8983050847458,12.23784068369308,5.531184584656934,6.706656099036147
2463024.5,2463523.855932204,2031-06-07 00:00:00.000,2032-10-18 08:32:32.542,499.3559322033899,12.998468690980063,6.163290963880341,6.8351777270997225
2463024.5,2463542.313559322,2031-06-07 00:00:00.000,2032-11-05 19:31:31.525,517.8135593220339,13.938415980189228,6.911518503954754,7.026897476234472
2463024.5,2463560.7711864407,2031-06-07 00:00:00.000,2032-11-24 06:30:30.508,536.271186440678,15.080779905604055,7.783700337117998,7.297079568486058
2463024.5,2463579.2288135597,2031-06-07 00:00:00.000,2032-12-12 17:29:29.492,554.7288135593221,16.46763827135429,8.799913101466855,7.667725169887435
2463025.5,2463229.533898305,2031-06-08 00:00:00.000,2031-12-29 00:48:48.814,204.0338983050848,19.83796001919221,11.192890221007264,8.645069798184947
2463025.5,2463247.991525424,2031-06-08 00:00:00.000,2032-01-16 11:47:47.797,222.49152542372883,18.512477995462845,10.119655542958974,8.392822452503871
2463025.5,2463266.4491525423,2031-06-08 00:00:00.000,2032-02-03 22:46:46.780,240.9491525423729,17.26620238628448,9.116584485062043,8.149617901222435
2463025.5,2463284.906779661,2031-06-08 00:00:00.000,2032-02-22 09:45:45.763,259.40677966101697,16.100510387756135,8.182679592398744,7.917830795357392
2463025.5,2463303.36440678,2031-06-08 00:00:00.000,2032-03-11 20:44:44.746,277.86440677966107,15.026323480213629,7.321452150414032,7.704871329799594
2463025.5,2463321.8220338984,2031-06-08 00:00:00.000,2032-03-30 07:43:43.729,296.3220338983051,14.090157021672232,6.556624210460809,7.533532811211423
2463025.5,2463340.279661017,2031-06-08 00:00:00.000,2032-04-17 18:42:42.712,314.77966101694915,13.736932908101563,6.163936706136153,7.572996201965411
2463025.5,2463377.194915254,2031-06-08 00:00:00.000,2032-05-24 16:40:40.678,351.69491525423734,13.09982824073258,5.90380255751747,7.196025683215112
2463025.5,2463395.6525423727,2031-06-08 00:00:00.000,2032-06-12 03:39:39.661,370.1525423728814,11.785467582921768,4.905964376813665,6.879503206108104
2463025.5,2463414.110169492,2031-06-08 00:00:00.000,2032-06-30 14:38:38.644,388.6101694915254,11.245602784343998,4.506686028697303,6.738916755646695
2463025.5,2463432.5677966103,2031-06-08 00:00:00.000,2032-07-19 01:37:37.627,407.0677966101695,11.008585618894172,4.357661019691817,6.650924599202356
2463025.5,2463451.025423729,2031-06-08 00:00:00.000,2032-08-06 12:36:36.610,425.5254237288136,11.005212045746289,4.404116006252998,6.6010960394932905
2463025.5,2463469.4830508474,2031-06-08 00:00:00.000,2032-08-24 23:35:35.593,443.98305084745766,11.21028491494507,4.622001429346987,6.588283485598083
2463025.5,2463487.940677966,2031-06-08 00:00:00.000,2032-09-12 10:34:34.576,462.4406779661017,11.60519515463577,4.9900358013604285,6.615159353275341
2463025.5,2463506.398305085,2031-06-08 00:00:00.000,2032-09-30 21:33:33.559,480.8983050847458,12.176367389888032,5.489667570970991,6.68669981891704
2463025.5,2463524.855932204,2031-06-08 00:00:00.000,2032-10-19 08:32:32.542,499.3559322033899,12.919099210537505,6.108793774264148,6.810305436273355
2463025.5,2463543.313559322,2031-06-08 00:00:00.000,2032-11-06 19:31:31.525,517.8135593220339,13.8407328133923,6.844233328444725,6.996499484947576
2463025.5,2463561.7711864407,2031-06-08 00:00:00.000,2032-11-25 06:30:30.508,536.271186440678,14.963419300824128,7.703161233822032,7.260258067002097
2463025.5,2463580.2288135597,2031-06-08 00:00:00.000,2032-12-13 17:29:29.492,554.7288135593221,16.328050990493132,8.704876983048871,7.623174007444263
2463026.5,2463230.533898305,2031-06-09 00:00:00.000,2031-12-30 00:48:48.814,204.0338983050848,19.980513871693788,11.271593638459642,8.708920233234146
2463026.5,2463248.991525424,2031-06-09 00:00:00.000,2032-01-17 11:47:47.797,222.49152542372883,18.639376491857348,10.192214491070452,8.447162000786898
2463026.5,2463267.4491525423,2031-06-09 00:00:00.000,2032-02-04 22:46:46.780,240.9491525423729,17.37957003270504,9.18417583003301,8.195394202672032
2463026.5,2463285.906779661,2031-06-09 00:00:00.000,2032-02-23 09:45:45.763,259.40677966101697,16.202320234329854,8.246319234360463,7.956000999969391
2463026.5,2463304.36440678,2031-06-09 00:00:00.000,2032-03-12 20:44:44.746,277.86440677966107,15.118483785638826,7.382118481863532,7.736365303775293
2463026.5,2463322.8220338984,2031-06-09 00:00:00.000,2032-03-31 07:43:43.729,296.3220338983051,14.174199900565558,6.615258549693592,7.558941350871967
2463026.5,2463341.279661017,2031-06-09 00:00:00.000,2032-04-18 18:42:42.712,314.77966101694915,13.786278478008876,6.204215985901493,7.58206249210738
2463026.5,2463378.194915254,2031-06-09 00:00:00.000,2032-05-25 16:40:40.678,351.69491525423734,13.313956465684466,6.066515870773135,7.247440594911331
2463026.5,2463396.6525423727,2031-06-09 00:00:00.000,2032-06-13 03:39:39.661,370.1525423728814,11.863877025988447,4.971582046797377,6.892294979191071
2463026.5,2463415.110169492,2031-06-09 00:00:00.000,2032-07-01 14:38:38.644,388.6101694915254,11.288175437034308,4.545591973894739,6.74258346313957
2463026.5,2463433.5677966103,2031-06-09 00:00:00.000,2032-07-20 01:37:37.627,407.0677966101695,11.027117089234007,4.378052860412843,6.649064228821164
2463026.5,2463452.025423729,2031-06-09 00:00:00.000,2032-08-07 12:36:36.610,425.5254237288136,11.002230026692825,4.407576912137051,6.594653114555772
2463026.5,2463470.4830508474,2031-06-09 00:00:00.000,2032-08-25 23:35:35.593,443.98305084745766,11.186967291502048,4.609419508059733,6.577547783442314
2463026.5,2463488.940677966,2031-06-09 00:00:00.000,2032-09-13 10:34:34.576,462.4406779661017,11.562645146333338,4.962510097165961,6.600135049167377
2463026.5,2463507.398305085,2031-06-09 00:00:00.000,2032-10-01 21:33:33.559,480.8983050847458,12.115507280541925,5.448309427675884,6.667197852866041
2463026.5,2463525.855932204,2031-06-09 00:00:00.000,2032-10-20 08:32:32.542,499.3559322033899,12.840344679048322,6.054394155164234,6.785950523884088
2463026.5,2463544.313559322,2031-06-09 00:00:00.000,2032-11-07 19:31:31.525,517.8135593220339,13.743748715171227,6.777050247682923,6.966698467488305
2463026.5,2463562.7711864407,2031-06-09 00:00:00.000,2032-11-26 06:30:30.508,536.271186440678,14.84693432215121,7.622799265364909,7.2241350567863005
2463026.5,2463581.2288135597,2031-06-09 00:00:00.000,2032-12-14 17:29:29.492,554.7288135593221,16.189622968822974,8.610169829425724,7.579453139397248
2463027.5,2463249.991525424,2031-06-10 00:00:00.000,2032-01-18 11:47:47.797,222.49152542372883,18.76712391576069,10.265701089880617,8.501422825880073
2463027.5,2463268.4491525423,2031-06-10 00:00:00.000,2032-02-05 22:46:46.780,240.9491525423729,17.49382407859015,9.252713484330464,8.241110594259684
2463027.5,2463286.906779661,2031-06-10 00:00:00.000,2032-02-24 09:45:45.763,259.40677966101697,16.305040771492862,8.310909229491921,7.994131542000943
2463027.5,2463305.36440678,2031-06-10 00:00:00.000,2032-03-13 20:44:44.746,277.86440677966107,15.21153862834592,7.443710400333721,7.767828228012199
2463027.5,2463323.8220338984,2031-06-10 00:00:00.000,2032-04-01 07:43:43.729,296.3220338983051,14.25897985177671,6.674692055396737,7.584287796379972
2463027.5,2463342.279661017,2031-06-10 00:00:00.000,2032-04-19 18:42:42.712,314.77966101694915,13.838339458111578,6.246452118433515,7.591887339678063
2463027.5,2463379.194915254,2031-06-10 00:00:00.000,2032-05-26 16:40:40.678,351.69491525423734,13.553221225652782,6.246576823589391,7.306644402063392
2463027.5,2463397.6525423727,2031-06-10 00:00:00.000,2032-06-14 03:39:39.661,370.1525423728814,11.9462590891899,5.0401128278733,6.906146261316601
2463027.5,2463416.110169492,2031-06-10 00:00:00.000,2032-07-02 14:38:38.644,388.6101694915254,11.33261266626729,4.5858801855276825,6.746732480739607
2463027.5,2463434.5677966103,2031-06-10 00:00:00.000,2032-07-21 01:37:37.627,407.0677966101695,11.047006434667113,4.399431184200982,6.64757525046613
2463027.5,2463453.025423729,2031-06-10 00:00:00.000,2032-08-08 12:36:36.610,425.5254237288136,11.000383321754471,4.411816530340728,6.588566791413746
2463027.5,2463471.4830508474,2031-06-10 00:00:00.000,2032-08-26 23:35:35.593,443.98305084745766,11.164611781025885,4.597424979867816,6.567186801158068
2463027.5,2463489.940677966,2031-06-10 00:00:00.000,2032-09-14 10:34:34.576,462.4406779661017,11.52090655829542,4.935385980081754,6.585520578213664
2463027.5,2463508.398305085,2031-06-10 00:00:00.000,2032-10-02 21:33:33.559,480.8983050847458,12.055354740795492,5.407200740817519,6.648153999977973
2463027.5,2463526.855932204,2031-06-10 00:00:00.000,2032-10-21 08:32:32.542,499.3559322033899,12.76226441229242,6.000148996310009,6.762115415982411
2463027.5,2463545.313559322,2031-06-10 00:00:00.000,2032-11-08 19:31:31.525,517.8135593220339,13.64749011723598,6.709994885814045,6.937495231421934
2463027.5,2463563.7711864407,2031-06-10 00:00:00.000,2032-11-27 06:30:30.508,536.271186440678,14.731320624106305,7.54261135006728,7.188709274039022
2463027.5,2463582.2288135597,2031-06-10 00:00:00.000,2032-12-15 17:29:29.492,554.7288135593221,16.052320313083143,8.515761721899986,7.536558591183158
2463028.5,2463250.991525424,2031-06-11 00:00:00.000,2032-01-19 11:47:47.797,222.49152542372883,18.895788816670944,10.340178163872984,8.55561065279796
2463028.5,2463269.4491525423,2031-06-11 00:00:00.000,2032-02-06 22:46:46.780,240.9491525423729,17.609047258500368,9.322273628067029,8.286773630433341
2463028.5,2463287.906779661,2031-06-11 00:00:00.000,2032-02-25 09:45:45.763,259.40677966101697,16.408768874364014,8.376539484203253,8.03222939016076
2463028.5,2463306.36440678,2031-06-11 00:00:00.000,2032-03-14 20:44:44.746,277.86440677966107,15.305600012914477,7.506332311396028,7.799267701518446
2463028.5,2463324.8220338984,2031-06-11 00:00:00.000,2032-04-02 07:43:43.729,296.3220338983051,14.344634675692843,6.73505066124018,7.609584014452666
2463028.5,2463343.279661017,2031-06-11 00:00:00.000,2032-04-20 18:42:42.712,314.77966101694915,13.893021935774728,6.290633718579701,7.602388217195027
2463028.5,2463380.194915254,2031-06-11 00:00:00.000,2032-05-27 16:40:40.678,351.69491525423734,13.82257873900525,6.447248656801912,7.375330082203338
2463028.5,2463398.6525423727,2031-06-11 00:00:00.000,2032-06-15 03:39:39.661,370.1525423728814,12.033111961371254,5.111946609244907,6.921165352126349
2463028.5,2463417.110169492,2031-06-11 00:00:00.000,2032-07-03 14:38:38.644,388.6101694915254,11.379176335986422,4.627784975248777,6.751391360737645
2463028.5,2463435.5677966103,2031-06-11 00:00:00.000,2032-07-22 01:37:37.627,407.0677966101695,11.068482119551948,4.422011023683695,6.646471095868254
2463028.5,2463454.025423729,2031-06-11 00:00:00.000,2032-08-09 12:36:36.610,425.5254237288136,10.999889224973735,4.417043094552267,6.58284613042147
2463028.5,2463472.4830508474,2031-06-11 00:00:00.000,2032-08-27 23:35:35.593,443.98305084745766,11.143420743676904,4.586213207960405,6.557207535716499
2463028.5,2463490.940677966,2031-06-11 00:00:00.000,2032-09-15 10:34:34.576,462.4406779661017,11.480159021192378,4.908837440863708,6.57132158032867
2463028.5,2463509.398305085,2031-06-11 00:00:00.000,2032-10-03 21:33:33.559,480.8983050847458,11.996061334379725,5.366488642599147,6.629572691780578
2463028.5,2463527.855932204,2031-06-11 00:00:00.000,2032-10-22 08:32:32.542,499.3559322033899,12.68498011360517,5.94617684805594,6.73880326554923
2463028.5,2463546.313559322,2031-06-11 00:00:00.000,2032-11-09 19:31:31.525,517.8135593220339,13.552049256822333,6.643157826929397,6.908891429892936
2463028.5,2463564.7711864407,2031-06-11 00:00:00.000,2032-11-28 06:30:30.508,536.271186440678,14.616641942646789,7.462661494597816,7.153980448048972
2463028.5,2463583.2288135597,2031-06-11 00:00:00.000,2032-12-16 17:29:29.492,554.7288135593221,15.91617879214282,8.421691220292594,7.494487571850225
2463029.5,2463251.991525424,2031-06-12 00:00:00.000,2032-01-20 11:47:47.797,222.49152542372883,19.0253863028395,10.415655713545826,8.609730589293672
2463029.5,2463270.4491525423,2031-06-12 00:00:00.000,2032-02-07 22:46:46.780,240.9491525423729,17.725268214066304,9.392878885925445,8.33238932814086
2463029.5,2463288.906779661,2031-06-12 00:00:00.000,2032-02-26 09:45:45.763,259.40677966101697,16.51354693941844,8.443245870074987,8.070301069343454
2463029.5,2463307.36440678,2031-06-12 00:00:00.000,2032-03-15 20:44:44.746,277.86440677966107,15.400725483371083,7.570034498640682,7.830690984730402
2463029.5,2463325.8220338984,2031-06-12 00:00:00.000,2032-04-03 07:43:43.729,296.3220338983051,14.431247704827388,6.796406349233971,7.634841355593418
2463029.5,2463344.279661017,2031-06-12 00:00:00.000,2032-04-21 18:42:42.712,314.77966101694915,13.950222092684925,6.336724662293934,7.613497430390991
2463029.5,2463381.194915254,2031-06-12 00:00:00.000,2032-05-28 16:40:40.678,351.69491525423734,14.12815875495374,6.672504387530108,7.455654367423633
2463029.5,2463399.6525423727,2031-06-12 00:00:00.000,2032-06-16 03:39:39.661,370.1525423728814,12.124936243064546,5.187461762879819,6.937474480184728
2463029.5,2463418.110169492,2031-06-12 00:00:00.000,2032-07-04 14:38:38.644,388.6101694915254,11.428103607350838,4.671514245733244,6.756589361617594
2463029.5,2463436.5677966103,2031-06-12 00:00:00.000,2032-07-23 01:37:37.627,407.0677966101695,11.091755598521557,4.445990068537106,6.645765529984449
2463029.5,2463455.025423729,2031-06-12 00:00:00.000,2032-08-10 12:36:36.610,425.5254237288136,11.000960865311546,4.423460581636487,6.577500283675059
2463029.5,2463473.4830508474,2031-06-12 00:00:00.000,2032-08-28 23:35:35.593,443.98305084745766,11.123605666467608,4.575988616913678,6.547617049553929
2463029.5,2463491.940677966,2031-06-12 00:00:00.000,2032-09-16 10:34:34.576,462.4406779661017,11.44060285351428,4.883059057689386,6.557543795824894
2463029.5,2463510.398305085,2031-06-12 00:00:00.000,2032-10-04 21:33:33.559,480.8983050847458,11.9378083826541,5.326349862686442,6.611458519967659
2463029.5,2463528.855932204,2031-06-12 00:00:00.000,2032-10-23 08:32:32.542,499.3559322033899,12.608650050472828,5.892632588219931,6.716017462252895
2463029.5,2463547.313559322,2031-06-12 00:00:00.000,2032-11-10 19:31:31.525,517.8135593220339,13.457560058832344,6.57667101046178,6.880889048370563
2463029.5,2463565.7711864407,2031-06-12 00:00:00.000,2032-11-29 06:30:30.508,536.271186440678,14.503007689007156,7.383058929462385,7.11994875954477
2463029.5,2463584.2288135597,2031-06-12 00:00:00.000,2032-12-17 17:29:29.492,554.7288135593221,15.781283118269103,8.328045222697662,7.453237895571441
2463030.5,2463252.991525424,2031-06-13 00:00:00.000,2032-01-21 11:47:47.797,222.49152542372883,19.15589276200132,10.492105840599429,8.663786921401893
2463030.5,2463271.4491525423,2031-06-13 00:00:00.000,2032-02-08 22:46:46.780,240.9491525423729,17.84247504593595,9.464512098504915,8.37796294743103
2463030.5,2463289.906779661,2031-06-13 00:00:00.000,2032-02-27 09:45:45.763,259.40677966101697,16.619375064848118,8.511022637076493,8.108352427771624
2463030.5,2463308.36440678,2031-06-13 00:00:00.000,2032-03-16 20:44:44.746,277.86440677966107,15.496928650910275,7.634823898832011,7.862104752078267
2463030.5,2463326.8220338984,2031-06-13 00:00:00.000,2032-04-04 07:43:43.729,296.3220338983051,14.51885632418487,6.858785906902748,7.660070417282123
2463030.5,2463345.279661017,2031-06-13 00:00:00.000,2032-04-22 18:42:42.712,314.77966101694915,14.009823159912465,6.384664278820472,7.625158881091994
2463030.5,2463382.194915254,2031-06-13 00:00:00.000,2032-05-29 16:40:40.678,351.69491525423734,14.477652173896148,6.927259123546071,7.550393050350077
2463030.5,2463400.6525423727,2031-06-13 00:00:00.000,2032-06-17 03:39:39.661,370.1525423728814,12.2222389219549,5.26702699369957,6.955211928255332
2463030.5,2463419.110169492,2031-06-13 00:00:00.000,2032-07-05 14:38:38.644,388.6101694915254,11.47959932190405,4.717241963403619,6.762357358500432
2463030.5,2463437.5677966103,2031-06-13 00:00:00.000,2032-07-24 01:37:37.627,407.0677966101695,11.117008086801068,4.471535709818799,6.64547237698227
2463030.5,2463456.025423729,2031-06-13 00:00:00.000,2032-08-11 12:36:36.610,425.5254237288136,11.003789670082469,4.431251487001831,6.572538183080637
2463030.5,2463474.4830508474,2031-06-13 00:00:00.000,2032-08-29 23:35:35.593,443.98305084745766,11.105366718295304,4.566944577113087,6.538422141182217
2463030.5,2463492.940677966,2031-06-13 00:00:00.000,2032-09-17 10:34:34.576,462.4406779661017,11.402437012157073,4.858244291861886,6.544192720295187
2463030.5,2463511.398305085,2031-06-13 00:00:00.000,2032-10-05 21:33:33.559,480.8983050847458,11.880784239178348,5.286968364616412,6.593815874561937
2463030.5,2463529.855932204,2031-06-13 00:00:00.000,2032-10-24 08:32:32.542,499.3559322033899,12.533446209857658,5.83968495904139,6.6937612508162685
2463030.5,2463548.313559322,2031-06-13 00:00:00.000,2032-11-11 19:31:31.525,517.8135593220339,13.364175484005267,6.510685485433861,6.853489998571407
2463030.5,2463566.7711864407,2031-06-13 00:00:00.000,2032-11-30 06:30:30.508,536.271186440678,14.390550668280484,7.303936263115331,7.086614405165152
2463030.5,2463585.2288135597,2031-06-13 00:00:00.000,2032-12-18 17:29:29.492,554.7288135593221,15.647745142341543,8.234937633968132,7.412807508373413
2463031.5,2463253.991525424,2031-06-14 00:00:00.000,2032-01-22 11:47:47.797,222.49152542372883,19.287260096549737,10.569477042319113,8.717783054230622
2463031.5,2463272.4491525423,2031-06-14 00:00:00.000,2032-02-09 22:46:46.780,240.9491525423729,17.960629186162556,9.53713027136556,8.423498914796998
2463031.5,2463290.906779661,2031-06-14 00:00:00.000,2032-02-28 09:45:45.763,259.40677966101697,16.72622444316719,8.579835898569295,8.146388544597894
2463031.5,2463309.36440678,2031-06-14 00:00:00.000,2032-03-17 20:44:44.746,277.86440677966107,15.594191942027145,7.700676958885888,7.893514983141254
2463031.5,2463327.8220338984,2031-06-14 00:00:00.000,2032-04-05 07:43:43.729,296.3220338983051,14.607463869575836,6.922182927598806,7.685280941977028
2463031.5,2463346.279661017,2031-06-14 00:00:00.000,2032-04-23 18:42:42.712,314.77966101694915,14.071699091056932,6.434373451224335,7.637325639832596
2463031.5,2463383.194915254,2031-06-14 00:00:00.000,2032-05-30 16:40:40.678,351.69491525423734,14.880850928355851,7.217692377399052,7.6631585509568
2463031.5,2463401.6525423727,2031-06-14 00:00:00.000,2032-06-18 03:39:39.661,370.1525423728814,12.325546120362176,5.351011329944189,6.974534790417987
2463031.5,2463420.110169492,2031-06-14 00:00:00.000,2032-07-06 14:38:38.644,388.6101694915254,11.53383747059683,4.765109556799167,6.768727913797662
2463031.5,2463438.5677966103,2031-06-14 00:00:00.000,2032-07-25 01:37:37.627,407.0677966101695,11.144387338645664,4.498781960651808,6.645605377993855
2463031.5,2463457.025423729,2031-06-14 00:00:00.000,2032-08-12 12:36:36.610,425.5254237288136,11.00853814420713,4.440569788389071,6.567968355818058
2463031.5,2463475.4830508474,2031-06-14 00:00:00.000,2032-08-30 23:35:35.593,443.98305084745766,11.088882337548023,4.559253195157009,6.529629142391017
2463031.5,2463493.940677966,2031-06-14 00:00:00.000,2032-09-18 10:34:34.576,462.4406779661017,11.365846421883075,4.834573035332929,6.531273386550146
2463031.5,2463512.398305085,2031-06-14 00:00:00.000,2032-10-06 21:33:33.559,480.8983050847458,11.825170126678902,5.248521416226663,6.576648710452238
2463031.5,2463530.855932204,2031-06-14 00:00:00.000,2032-10-25 08:32:32.542,499.3559322033899,12.459539158852154,5.78750167882394,6.672037480028214
2463031.5,2463549.313559322,2031-06-14 00:00:00.000,2032-11-12 19:31:31.525,517.8135593220339,13.272051739238954,6.445355893016461,6.826695846222493
2463031.5,2463567.7711864407,2031-06-14 00:00:00.000,2032-12-01 06:30:30.508,536.271186440678,14.279410848308755,7.225433548204116,7.05397730010464
2463031.5,2463586.2288135597,2031-06-14 00:00:00.000,2032-12-19 17:29:29.492,554.7288135593221,15.515687317457626,8.142493158746907,7.373194158710718
2463032.5,2463254.991525424,2031-06-15 00:00:00.000,2032-01-23 11:47:47.797,222.49152542372883,19.41942604530056,10.647704506078206,8.771721539222353
2463032.5,2463273.4491525423,2031-06-15 00:00:00.000,2032-02-10 22:46:46.780,240.9491525423729,18.079675815995596,9.61067498187708,8.469000834118514
2463032.5,2463291.906779661,2031-06-15 00:00:00.000,2032-02-29 09:45:45.763,259.40677966101697,16.834047829246618,8.649634103284855,8.184413725961763
2463032.5,2463310.36440678,2031-06-15 00:00:00.000,2032-03-18 20:44:44.746,277.86440677966107,15.692477047398077,7.767550104559662,7.924926942838412
2463032.5,2463328.8220338984,2031-06-15 00:00:00.000,2032-04-06 07:43:43.729,296.3220338983051,14.697049980471634,6.986568178742933,7.710481801728702
2463032.5,2463347.279661017,2031-06-15 00:00:00.000,2032-04-24 18:42:42.712,314.77966101694915,14.13571923363376,6.48576112644493,7.649958107188829
2463032.5,2463384.194915254,2031-06-15 00:00:00.000,2032-05-31 16:40:40.678,351.69491525423734,15.35040222266169,7.551693608939626,7.798708613722065
2463032.5,2463402.6525423727,2031-06-15 00:00:00.000,2032-06-19 03:39:39.661,370.1525423728814,12.435419754108832,5.439797316781701,6.99562243732713
2463032.5,2463421.110169492,2031-06-15 00:00:00.000,2032-07-07 14:38:38.644,388.6101694915254,11.590966638641174,4.815231161195808,6.775735477445366
2463032.5,2463439.5677966103,2031-06-15 00:00:00.000,2032-07-26 01:37:37.627,407.0677966101695,11.174009736112218,4.527831587339376,6.646178148772841
2463032.5,2463458.025423729,2031-06-15 00:00:00.000,2032-08-13 12:36:36.610,425.5254237288136,11.015339002149132,4.451540164933943,6.56379883721519
2463032.5,2463476.4830508474,2031-06-15 00:00:00.000,2032-08-31 23:35:35.593,443.98305084745766,11.074305790491035,4.553061976596689,6.521243813894348
2463032.5,2463494.940677966,2031-06-15 00:00:00.000,2032-09-19 10:34:34.576,462.4406779661017,11.33099654278952,4.812206295619764,6.518790247169757
2463032.5,2463513.398305085,2031-06-15 00:00:00.000,2032-10-07 21:33:33.559,480.8983050847458,11.771133249714788,5.211172832271312,6.5599604174434765
2463032.5,2463531.855932204,2031-06-15 00:00:00.000,2032-10-26 08:32:32.542,499.3559322033899,12.387090081639665,5.73624162256999,6.650848459069672
2463032.5,2463550.313559322,2031-06-15 00:00:00.000,2032-11-13 19:31:31.525,517.8135593220339,13.181339484175954,6.380831833265451,6.800507650910503
2463032.5,2463568.7711864407,2031-06-15 00:00:00.000,2032-12-02 06:30:30.508,536.271186440678,14.169725896601694,7.1476889977509765,7.0220368988507165
2463032.5,2463587.2288135597,2031-06-15 00:00:00.000,2032-12-20 17:29:29.492,554.7288135593221,15.385232671319212,8.050837477552218,7.334395193766993
2463033.5,2463255.991525424,2031-06-16 00:00:00.000,2032-01-24 11:47:47.797,222.49152542372883,19.552320691329548,10.726716549137908,8.82560414219164
2463033.5,2463274.4491525423,2031-06-16 00:00:00.000,2032-02-11 22:46:46.780,240.9491525423729,18.19955062069904,9.685079079955306,8.514471540743727
2463033.5,2463292.906779661,2031-06-16 00:00:00.000,2032-03-01 09:45:45.763,259.40677966101697,16.942786535389246,8.720354989247857,8.22243154614139
2463033.5,2463311.36440678,2031-06-16 00:00:00.000,2032-03-19 20:44:44.746,277.86440677966107,15.791732139304887,7.835386931022556,7.9563452082823325
2463033.5,2463329.8220338984,2031-06-16 00:00:00.000,2032-04-07 07:43:43.729,296.3220338983051,14.787578032827415,7.051897004651549,7.735681028175867
2463033.5,2463348.279661017,2031-06-16 00:00:00.000,2032-04-25 18:42:42.712,314.77966101694915,14.201751733734518,6.538729133040111,7.663022600694407
2463033.5,2463385.194915254,2031-06-16 00:00:00.000,2032-06-01 16:40:40.678,351.69491525423734,15.902877741356068,7.939487228220599,7.963390513135469
2463033.5,2463403.6525423727,2031-06-16 00:00:00.000,2032-06-20 03:39:39.661,370.1525423728814,12.552475749237551,5.533794951637005,7.018680797600548
2463033.5,2463422.110169492,2031-06-16 00:00:00.000,2032-07-08 14:38:38.644,388.6101694915254,11.651116135841752,4.867699451373307,6.783416684468445
2463033.5,2463440.5677966103,2031-06-16 00:00:00.000,2032-07-27 01:37:37.627,407.0677966101695,11.205964042158165,4.558759841048051,6.647204201110114
2463033.5,2463459.025423729,2031-06-16 00:00:00.000,2032-08-14 12:36:36.610,425.5254237288136,11.024296903987391,4.464259758880115,6.560037145107277
2463033.5,2463477.4830508474,2031-06-16 00:00:00.000,2032-09-01 23:35:35.593,443.98305084745766,11.061765054315032,4.548493750515628,6.513271303799404
2463033.5,2463495.940677966,2031-06-16 00:00:00.000,2032-09-20 10:34:34.576,462.4406779661017,11.298031763164651,4.791284640957531,6.5067471222071225
2463033.5,2463514.398305085,2031-06-16 00:00:00.000,2032-10-08 21:33:33.559,480.8983050847458,11.718824069225912,5.175070310910468,6.543753758315444
2463033.5,2463532.855932204,2031-06-16 00:00:00.000,2032-10-27 08:32:32.542,499.3559322033899,12.316247200366734,5.686051314963964,6.630195885402769
2463033.5,2463551.313559322,2031-06-16 00:00:00.000,2032-11-14 19:31:31.525,517.8135593220339,13.092179563180348,6.31725368136308,6.774925881817267
2463033.5,2463569.7711864407,2031-06-16 00:00:00.000,2032-12-03 06:30:30.508,536.271186440678,14.061626327138647,7.07083423002313,6.990792097115517
2463033.5,2463588.2288135597,2031-06-16 00:00:00.000,2032-12-21 17:29:29.492,554.7288135593221,15.256499432474069,7.960091988808238,7.296407443665829
2463034.5,2463256.991525424,2031-06-17 00:00:00.000,2032-01-25 11:47:47.797,222.49152542372883,19.685870479734987,10.806438552629915,8.879431927105072
2463034.5,2463275.4491525423,2031-06-17 00:00:00.000,2032-02-12 22:46:46.780,240.9491525423729,18.320184066290963,9.76027089263862,8.559913173652346
2463034.5,2463293.906779661,2031-06-17 00:00:00.000,2032-03-02 09:45:45.763,259.40677966101697,17.05237497619097,8.791930067386131,8.260444908804837
2463034.5,2463312.36440678,2031-06-17 00:00:00.000,2032-03-20 20:44:44.746,277.86440677966107,15.891896687100877,7.904122969594653,7.987773717506224
2463034.5,2463330.8220338984,2031-06-17 00:00:00.000,2032-04-08 07:43:43.729,296.3220338983051,14.87900024510174,7.118114381068229,7.76088586403351
2463034.5,2463349.279661017,2031-06-17 00:00:00.000,2032-04-26 18:42:42.712,314.77966101694915,14.269665656107522,6.593175400443976,7.676490255663546
2463034.5,2463386.194915254,2031-06-17 00:00:00.000,2032-06-02 16:40:40.678,351.69491525423734,16.56031787215192,8.394527752657954,8.165790119493966
2463034.5,2463404.6525423727,2031-06-17 00:00:00.000,2032-06-21 03:39:39.661,370.1525423728814,12.677403759517627,5.633456139586591,7.0439476199310365
2463034.5,2463423.110169492,2031-06-17 00:00:00.000,2032-07-09 14:38:38.644,388.6101694915254,11.714401783353535,4.922591051828507,6.79181073152503
2463034.5,2463441.5677966103,2031-06-17 00:00:00.000,2032-07-28 01:37:37.627,407.0677966101695,11.24031533399942,4.5916183305293625,6.648697003470056
2463034.5,2463460.025423729,2031-06-17 00:00:00.000,2032-08-15 12:36:36.610,425.5254237288136,11.03549097416968,4.478800683785572,6.556690290384108
2463034.5,2463478.4830508474,2031-06-17 00:00:00.000,2032-09-02 23:35:35.593,443.98305084745766,11.051363982717362,4.54564783955283,6.505716143164531
2463034.5,2463496.940677966,2031-06-17 00:00:00.000,2032-09-21 10:34:34.576,462.4406779661017,11.267075453640512,4.771928267814359,6.495147185826152
2463034.5,2463515.398305085,2031-06-17 00:00:00.000,2032-10-09 21:33:33.559,480.8983050847458,11.66837552620236,5.140344678166971,6.528030848035391
2463034.5,2463533.855932204,2031-06-17 00:00:00.000,2032-10-28 08:32:32.542,499.3559322033899,12.24714436876032,5.637063552222824,6.610080816537497
2463034.5,2463552.313559322,2031-06-17 00:00:00.000,2032-11-15 19:31:31.525,517.8135593220339,13.004701085574869,6.2547507049494175,6.749950380625451
2463034.5,2463570.7711864407,2031-06-17 00:00:00.000,2032-12-04 06:30:30.508,536.271186440678,13.955233134437576,6.994991949526768,6.960241184910808
2463034.5,2463589.2288135597,2031-06-17 00:00:00.000,2032-12-22 17:29:29.492,554.7288135593221,15.129598256007492,7.870371094126455,7.259227161881037
2463035.5,2463257.991525424,2031-06-18 00:00:00.000,2032-01-26 11:47:47.797,222.49152542372883,19.820000586828705,10.88679524371138,8.933205343117328
2463035.5,2463276.4491525423,2031-06-18 00:00:00.000,2032-02-13 22:46:46.780,240.9491525423729,18.44150400673212,9.836176753840116,8.605327252892005
2463035.5,2463294.906779661,2031-06-18 00:00:00.000,2032-03-03 09:45:45.763,259.40677966101697,17.162743530051756,8.864287414736639,8.298456115315117
2463035.5,2463313.36440678,2031-06-18 00:00:00.000,2032-03-21 20:44:44.746,277.86440677966107,15.99290458533804,7.973688758345064,8.019215826992975
2463035.5,2463331.8220338984,2031-06-18 00:00:00.000,2032-04-09 07:43:43.729,296.3220338983051,14.971261107131888,7.185158283576516,7.78610282355537
2463035.5,2463350.279661017,2031-06-18 00:00:00.000,2032-04-27 18:42:42.712,314.77966101694915,14.339332161765912,6.6489959996587045,7.690336162107208
2463035.5,2463368.737288136,2031-06-18 00:00:00.000,2032-05-16 05:41:41.695,333.23728813559325,19.03842542809949,9.562665733983858,9.475759694115638
2463035.5,2463387.194915254,2031-06-18 00:00:00.000,2032-06-03 16:40:40.678,351.69491525423734,17.352505871802194,8.93480984732192,8.417696024480271
2463035.5,2463405.6525423727,2031-06-18 00:00:00.000,2032-06-22 03:39:39.661,370.1525423728814,12.81098906619954,5.739290119565725,7.071698946633816
2463035.5,2463424.110169492,2031-06-18 00:00:00.000,2032-07-10 14:38:38.644,388.6101694915254,11.78093119732218,4.9799713711803415,6.800959826141838
2463035.5,2463442.5677966103,2031-06-18 00:00:00.000,2032-07-29 01:37:37.627,407.0677966101695,11.277108705098696,4.626438638294932,6.650670066803764
2463035.5,2463461.025423729,2031-06-18 00:00:00.000,2032-08-16 12:36:36.610,425.5254237288136,11.048977491927053,4.495212683295968,6.553764808631084
2463035.5,2463479.4830508474,2031-06-18 00:00:00.000,2032-09-03 23:35:35.593,443.98305084745766,11.043183991924582,4.544601728933119,6.498582262991464
2463035.5,2463497.940677966,2031-06-18 00:00:00.000,2032-09-22 10:34:34.576,462.4406779661017,11.238230811586988,4.754237835901533,6.483992975685456
2463035.5,2463516.398305085,2031-06-18 00:00:00.000,2032-10-10 21:33:33.559,480.8983050847458,11.619903268194388,5.107110110871359,6.512793157323029
2463035.5,2463534.855932204,2031-06-18 00:00:00.000,2032-10-29 08:32:32.542,499.3559322033899,12.179900843178526,5.589397175048054,6.590503668130471
2463035.5,2463553.313559322,2031-06-18 00:00:00.000,2032-11-16 19:31:31.525,517.8135593220339,12.919020828815114,6.193440475659598,6.725580353155517
2463035.5,2463571.7711864407,2031-06-18 00:00:00.000,2032-12-05 06:30:30.508,536.271186440678,13.850656872636623,6.92027504143424,6.930381831202384
2463035.5,2463590.2288135597,2031-06-18 00:00:00.000,2032-12-23 17:29:29.492,554.7288135593221,15.004630998542048,7.781780997647873,7.222850000894176
2463036.5,2463258.991525424,2031-06-19 00:00:00.000,2032-01-27 11:47:47.797,222.49152542372883,19.95463601692822,10.967711709316106,8.986924307612115
2463036.5,2463277.4491525423,2031-06-19 00:00:00.000,2032-02-14 22:46:46.780,240.9491525423729,18.563436971490745,9.912722216870376,8.650714754620367
2463036.5,2463295.906779661,2031-06-19 00:00:00.000,2032-03-04 09:45:45.763,259.40677966101697,17.27382003776063,8.937353105716287,8.336466932044342
2463036.5,2463314.36440678,2031-06-19 00:00:00.000,2032-03-22 20:44:44.746,277.86440677966107,16.09468588235035,8.044011512672293,8.050674369678058
2463036.5,2463332.8220338984,2031-06-19 00:00:00.000,2032-04-10 07:43:43.729,296.3220338983051,15.064299385991108,7.252961632332898,7.81133775365821
2463036.5,2463351.279661017,2031-06-19 00:00:00.000,2032-04-28 18:42:42.712,314.77966101694915,14.410624805943776,6.706086126980248,7.704538678963528
2463036.5,2463369.737288136,2031-06-19 00:00:00.000,2032-05-17 05:41:41.695,333.23728813559325,18.269069947505663,9.08764934979489,9.181420597710774
2463036.5,2463388.194915254,2031-06-19 00:00:00.000,2032-06-04 16:40:40.678,351.69491525423734,18.32038499625883,9.58482816170978,8.73555683454905
2463036.5,2463406.6525423727,2031-06-19 00:00:00.000,2032-06-23 03:39:39.661,370.1525423728814,12.954137310897671,5.851880205477569,7.102257105420103
2463036.5,2463425.110169492,2031-06-19 00:00:00.000,2032-07-11 14:38:38.644,388.6101694915254,11.850808295665992,5.039898587241136,6.810909708424855
2463036.5,2463443.5677966103,2031-06-19 00:00:00.000,2032-07-30 01:37:37.627,407.0677966101695,11.31637230359715,4.663235257405056,6.653137046192095
2463036.5,2463462.025423729,2031-06-19 00:00:00.000,2032-08-17 12:36:36.610,425.5254237288136,11.064792214819873,4.513525412386194,6.551266802433676
2463036.5,2463480.4830508474,2031-06-19 00:00:00.000,2032-09-04 23:35:35.593,443.98305084745766,11.037285661627491,4.545412639912271,6.491873021715221
2463036.5,2463498.940677966,2031-06-19 00:00:00.000,2032-09-23 10:34:34.576,462.4406779661017,11.211581853839688,4.738295440165612,6.473286413674075
2463036.5,2463517.398305085,2031-06-19 00:00:00.000,2032-10-11 21:33:33.559,480.8983050847458,11.573506221837704,5.075464693185066,6.498041528652639
2463036.5,2463535.855932204,2031-06-19 00:00:00.000,2032-10-30 08:32:32.542,499.3559322033899,12.114621574222666,5.543157348355418,6.571464225867247
2463036.5,2463554.313559322,2031-06-19 00:00:00.000,2032-11-17 19:31:31.525,517.8135593220339,12.83524331711339,6.133428940663365,6.701814376450025
2463036.5,2463572.7711864407,2031-06-19 00:00:00.000,2032-12-06 06:30:30.508,536.271186440678,13.747997546672549,6.846786460736824,6.9012110859357225
2463036.5,2463591.2288135597,2031-06-19 00:00:00.000,2032-12-24 17:29:29.492,554.7288135593221,14.88169042677024,7.694419419021358,7.1872710077488815
2463037.5,2463278.4491525423,2031-06-20 00:00:00.000,2032-02-15 22:46:46.780,240.9491525423729,18.6859087393534,9.98983255838442,8.696076180968978
2463037.5,2463296.906779661,2031-06-20 00:00:00.000,2032-03-05 09:45:45.763,259.40677966101697,17.38553050763413,9.011051854296078,8.374478653338054
2463037.5,2463315.36440678,2031-06-20 00:00:00.000,2032-03-23 20:44:44.746,277.86440677966107,16.19716763580982,8.115015926306329,8.082151709503488
2463037.5,2463333.8220338984,2031-06-20 00:00:00.000,2032-04-11 07:43:43.729,296.3220338983051,15.158049183376182,7.321453292156769,7.836595891219414
2463037.5,2463352.279661017,2031-06-20 00:00:00.000,2032-04-29 18:42:42.712,314.77966101694915,14.483419237181504,6.764340355595555,7.719078881585951
2463037.5,2463370.737288136,2031-06-20 00:00:00.000,2032-05-18 05:41:41.695,333.23728813559325,17.673794280125822,8.72125784709877,8.952536433027053
2463037.5,2463389.194915254,2031-06-20 00:00:00.000,2032-06-05 16:40:40.678,351.69491525423734,19.521300417125133,10.378576269414838,9.142724147710291
2463037.5,2463407.6525423727,2031-06-20 00:00:00.000,2032-06-24 03:39:39.661,370.1525423728814,13.107903147179716,5.971902522142449,7.136000625037267
2463037.5,2463426.110169492,2031-06-20 00:00:00.000,2032-07-12 14:38:38.644,388.6101694915254,11.924136926919088,5.102426676379469,6.821710250539619
2463037.5,2463444.5677966103,2031-06-20 00:00:00.000,2032-07-31 01:37:37.627,407.0677966101695,11.358119397376193,4.70200754450947,6.656111852866723
2463037.5,2463463.025423729,2031-06-20 00:00:00.000,2032-08-18 12:36:36.610,425.5254237288136,11.082951858962424,4.533749871215097,6.549201987747328
2463037.5,2463481.4830508474,2031-06-20 00:00:00.000,2032-09-05 23:35:35.593,443.98305084745766,11.03370964119711,4.548118405097448,6.485591236099662
2463037.5,2463499.940677966,2031-06-20 00:00:00.000,2032-09-24 10:34:34.576,462.4406779661017,11.187193849397982,4.724165018939432,6.463028830458551
2463037.5,2463518.398305085,2031-06-20 00:00:00.000,2032-10-12 21:33:33.559,480.8983050847458,11.52926673569786,5.045490539032604,6.483776196665257
2463037.5,2463536.855932204,2031-06-20 00:00:00.000,2032-10-31 08:32:32.542,499.3559322033899,12.05139720264663,5.498435540122243,6.552961662524386
2463037.5,2463555.313559322,2031-06-20 00:00:00.000,2032-11-18 19:31:31.525,517.8135593220339,12.753460739123506,6.074810327091933,6.678650412031573
2463037.5,2463573.7711864407,2031-06-20 00:00:00.000,2032-12-07 06:30:30.508,536.271186440678,13.647344473098192,6.774619083767618,6.872725389330574
2463037.5,2463592.2288135597,2031-06-20 00:00:00.000,2032-12-25 17:29:29.492,554.7288135593221,14.760860020249853,7.608375391863569,7.152484628386284
2463038.5,2463279.4491525423,2031-06-21 00:00:00.000,2032-02-16 22:46:46.780,240.9491525423729,18.80884510568482,10.06743347769795,8.74141162798687
2463038.5,2463297.906779661,2031-06-21 00:00:00.000,2032-03-06 09:45:45.763,259.40677966101697,17.49779994375143,9.085307780962424,8.412492162789007
2463038.5,2463316.36440678,2031-06-21 00:00:00.000,2032-03-24 20:44:44.746,277.86440677966107,16.30027481375663,8.186625019145236,8.113649794611394
2463038.5,2463334.8220338984,2031-06-21 00:00:00.000,2032-04-12 07:43:43.729,296.3220338983051,15.252440950579135,7.390559032495478,7.861881918083656
2463038.5,2463353.279661017,2031-06-21 00:00:00.000,2032-04-30 18:42:42.712,314.77966101694915,14.557593054380902,6.823652940460821,7.73394011392008
2463038.5,2463371.737288136,2031-06-21 00:00:00.000,2032-05-19 05:41:41.695,333.23728813559325,17.207770544681942,8.436184449657686,8.771586095024258
2463038.5,2463408.6525423727,2031-06-21 00:00:00.000,2032-06-25 03:39:39.661,370.1525423728814,13.273524851952512,6.100148237057365,7.173376614895148
2463038.5,2463427.110169492,2031-06-21 00:00:00.000,2032-07-13 14:38:38.644,388.6101694915254,12.00102424149852,5.1676080939680284,6.833416147530492
2463038.5,2463445.5677966103,2031-06-21 00:00:00.000,2032-08-01 01:37:37.627,407.0677966101695,11.40234990035394,4.742741123033994,6.659608777319945
2463038.5,2463464.025423729,2031-06-21 00:00:00.000,2032-08-19 12:36:36.610,425.5254237288136,11.103454989951606,4.555879246110008,6.547575743841598
2463038.5,2463482.4830508474,2031-06-21 00:00:00.000,2032-09-06 23:35:35.593,443.98305084745766,11.032476928954582,4.552737714321798,6.479739214632784
2463038.5,2463500.940677966,2031-06-21 00:00:00.000,2032-09-25 10:34:34.576,462.4406779661017,11.165113079442149,4.711892086834836,6.45322099260731
2463038.5,2463519.398305085,2031-06-21 00:00:00.000,2032-10-13 21:33:33.559,480.8983050847458,11.487250017222507,5.017253205798302,6.469996811424206
2463038.5,2463537.855932204,2031-06-21 00:00:00.000,2032-11-01 08:32:32.542,499.3559322033899,11.990303344244886,5.455308785985277,6.534994558259608
2463038.5,2463556.313559322,2031-06-21 00:00:00.000,2032-11-19 19:31:31.525,517.8135593220339,12.673752175796247,6.0176663528350085,6.656085822961239
2463038.5,2463574.7711864407,2031-06-21 00:00:00.000,2032-12-08 06:30:30.508,536.271186440678,13.548775490074627,6.703854904513893,6.844920585560734
2463039.5,2463280.4491525423,2031-06-22 00:00:00.000,2032-02-17 22:46:46.780,240.9491525423729,18.93217324689544,10.145452390134276,8.786720856761162
2463039.5,2463298.906779661,2031-06-22 00:00:00.000,2032-03-07 09:45:45.763,259.40677966101697,17.61055377063996,9.160045772837227,8.450507997802735
2463039.5,2463317.36440678,2031-06-22 00:00:00.000,2032-03-25 20:44:44.746,277.86440677966107,16.40393178405131,8.258761569997798,8.145170214053513
2463039.5,2463335.8220338984,2031-06-22 00:00:00.000,2032-04-13 07:43:43.729,296.3220338983051,15.347403069225184,7.460203050500719,7.8872000187244655
2463039.5,2463354.279661017,2031-06-22 00:00:00.000,2032-05-01 18:42:42.712,314.77966101694915,14.63302640369144,6.883918774939716,7.749107628751724
2463039.5,2463372.737288136,2031-06-22 00:00:00.000,2032-05-20 05:41:41.695,333.23728813559325,16.839804128133803,8.213244780176932,8.62655934795687
2463039.5,2463409.6525423727,2031-06-22 00:00:00.000,2032-06-26 03:39:39.661,370.1525423728814,13.452467512907766,6.237551185481417,7.214916327426349
2463039.5,2463428.110169492,2031-06-22 00:00:00.000,2032-07-14 14:38:38.644,388.6101694915254,12.081584780037794,5.235497059779107,6.846087720258686
2463039.5,2463446.5677966103,2031-06-22 00:00:00.000,2032-08-02 01:37:37.627,407.0677966101695,11.44905232409456,4.785409695270842,6.663642628823716
2463039.5,2463465.025423729,2031-06-22 00:00:00.000,2032-08-20 12:36:36.610,425.5254237288136,11.12628327328384,4.579890102334443,6.546393170949395
2463039.5,2463483.4830508474,2031-06-22 00:00:00.000,2032-09-07 23:35:35.593,443.98305084745766,11.033589419808992,4.559270622466991,6.474318797342001
2463039.5,2463501.940677966,2031-06-22 00:00:00.000,2032-09-26 10:34:34.576,462.4406779661017,11.145366728814084,4.7015035926733,6.443863136140784
2463039.5,2463520.398305085,2031-06-22 00:00:00.000,2032-10-14 21:33:33.559,480.8983050847458,11.447503550204695,4.990801081872218,6.45670246833248
2463039.5,2463538.855932204,2031-06-22 00:00:00.000,2032-11-02 08:32:32.542,499.3559322033899,11.93139972229736,5.413838794382319,6.51756092791504
2463039.5,2463557.313559322,2031-06-22 00:00:00.000,2032-11-20 19:31:31.525,517.8135593220339,12.596182571401284,5.962065172922728,6.634117398478556
2463039.5,2463575.7711864407,2031-06-22 00:00:00.000,2032-12-09 06:30:30.508,536.271186440678,13.452355831652154,6.634563887055173,6.817791944596981
2463040.5,2463281.4491525423,2031-06-23 00:00:00.000,2032-02-18 22:46:46.780,240.9491525423729,19.055823062404784,10.223819694727853,8.832003367676931
2463040.5,2463299.906779661,2031-06-23 00:00:00.000,2032-03-08 09:45:45.763,259.40677966101697,17.72371929525721,9.235192877461367,8.488526417795844
2463040.5,2463318.36440678,2031-06-23 00:00:00.000,2032-03-26 20:44:44.746,277.86440677966107,16.508063901858147,8.331349643075189,8.176714258782958
2463040.5,2463336.8220338984,2031-06-23 00:00:00.000,2032-04-14 07:43:43.729,296.3220338983051,15.442863587475811,7.530309645409516,7.912553942066295
2463040.5,2463355.279661017,2031-06-23 00:00:00.000,2032-05-02 18:42:42.712,314.77966101694915,14.709602961004649,6.945034658646527,7.764568302358121
2463040.5,2463373.737288136,2031-06-23 00:00:00.000,2032-05-21 05:41:41.695,333.23728813559325,16.54762705722954,8.038619814347868,8.509007242881674
2463040.5,2463410.6525423727,2031-06-23 00:00:00.000,2032-06-27 03:39:39.661,370.1525423728814,13.646477208526818,6.385222351131179,7.26125485739564
2463040.5,2463429.110169492,2031-06-23 00:00:00.000,2032-07-15 14:38:38.644,388.6101694915254,12.165945575654012,5.306153723028574,6.859791852625438
2463040.5,2463447.5677966103,2031-06-23 00:00:00.000,2032-08-03 01:37:37.627,407.0677966101695,11.498206578928295,4.829977684114833,6.668228894813463
2463040.5,2463466.025423729,2031-06-23 00:00:00.000,2032-08-21 12:36:36.610,425.5254237288136,11.151403684427557,4.605744526572589,6.545659157854969
2463040.5,2463484.4830508474,2031-06-23 00:00:00.000,2032-09-08 23:35:35.593,443.98305084745766,11.03703148517165,4.567700080956178,6.469331404215471
2463040.5,2463502.940677966,2031-06-23 00:00:00.000,2032-09-27 10:34:34.576,462.4406779661017,11.127963799427633,4.693008790631266,6.434955008796367
2463040.5,2463521.398305085,2031-06-23 00:00:00.000,2032-10-15 21:33:33.559,480.8983050847458,11.410057461845431,4.966165714677117,6.443891747168316
2463040.5,2463539.855932204,2031-06-23 00:00:00.000,2032-11-03 08:32:32.542,499.3559322033899,11.874730153338849,5.374071895360927,6.500658257977923
2463040.5,2463558.313559322,2031-06-23 00:00:00.000,2032-11-21 19:31:31.525,517.8135593220339,12.52080246054854,5.908061071457238,6.612741389091303
2463040.5,2463576.7711864407,2031-06-23 00:00:00.000,2032-12-10 06:30:30.508,536.271186440678,13.35813766704769,6.56680347170403,6.79133419534366
2463041.5,2463282.4491525423,2031-06-24 00:00:00.000,2032-02-19 22:46:46.780,240.9491525423729,19.17972746762884,10.302468996768674,8.877258470860163
2463041.5,2463300.906779661,2031-06-24 00:00:00.000,2032-03-09 09:45:45.763,259.40677966101697,17.83722615490864,9.31067868546788,8.526547469440763
2463041.5,2463319.36440678,2031-06-24 00:00:00.000,2032-03-27 20:44:44.746,277.86440677966107,16.612598126109607,8.404315145324487,8.20828298078512
2463041.5,2463337.8220338984,2031-06-24 00:00:00.000,2032-04-15 07:43:43.729,296.3220338983051,15.538751039200196,7.600803977161333,7.937947062038863
2463041.5,2463356.279661017,2031-06-24 00:00:00.000,2032-05-03 18:42:42.712,314.77966101694915,14.787210233911075,7.006899827648964,7.780310406262111
2463041.5,2463374.737288136,2031-06-24 00:00:00.000,2032-05-22 05:41:41.695,333.23728813559325,16.31498542845992,7.902136755707701,8.412848672752219
2463041.5,2463411.6525423727,2031-06-24 00:00:00.000,2032-06-28 03:39:39.661,370.1525423728814,13.85764845747116,6.544492204876481,7.313156252594678
2463041.5,2463430.110169492,2031-06-24 00:00:00.000,2032-07-16 14:38:38.644,388.6101694915254,12.254251484549508,5.379648401572439,6.874603082977069
2463041.5,2463448.5677966103,2031-06-24 00:00:00.000,2032-08-04 01:37:37.627,407.0677966101695,11.549786869242023,4.876402952129514,6.673383917112511
2463041.5,2463467.025423729,2031-06-24 00:00:00.000,2032-08-22 12:36:36.610,425.5254237288136,11.178771075413664,4.633392620539264,6.545378454874401
2463041.5,2463485.4830508474,2031-06-24 00:00:00.000,2032-09-09 23:35:35.593,443.98305084745766,11.042772186992686,4.577994099470875,6.464778087521809
2463041.5,2463503.940677966,2031-06-24 00:00:00.000,2032-09-28 10:34:34.576,462.4406779661017,11.112896871984828,4.68640095568388,6.426495916300946
2463041.5,2463522.398305085,2031-06-24 00:00:00.000,2032-10-16 21:33:33.559,480.8983050847458,11.374925878616882,4.943363123054154,6.431562755562727
2463041.5,2463540.855932204,2031-06-24 00:00:00.000,2032-11-04 08:32:32.542,499.3559322033899,11.820323610664683,5.336040062140888,6.4842835485237975
2463041.5,2463559.313559322,2031-06-24 00:00:00.000,2032-11-22 19:31:31.525,517.8135593220339,12.44764883074008,5.855695283304052,6.591953547436028
2463041.5,2463577.7711864407,2031-06-24 00:00:00.000,2032-12-11 06:30:30.508,536.271186440678,13.2661608128491,6.500619247485756,6.765541565363345
2463042.5,2463283.4491525423,2031-06-25 00:00:00.000,2032-02-20 22:46:46.780,240.9491525423729,19.303821373043952,10.38133602743898,8.92248534560497
2463042.5,2463301.906779661,2031-06-25 00:00:00.000,2032-03-10 09:45:45.763,259.40677966101697,17.95100538780474,9.386434346252944,8.5645710415518
2463042.5,2463320.36440678,2031-06-25 00:00:00.000,2032-03-28 20:44:44.746,277.86440677966107,16.717462200700773,8.477584957955763,8.239877242745012
2463042.5,2463338.8220338984,2031-06-25 00:00:00.000,2032-04-16 07:43:43.729,296.3220338983051,15.634993781655783,7.6716113524651215,7.963382429190663
2463042.5,2463357.279661017,2031-06-25 00:00:00.000,2032-05-04 18:42:42.712,314.77966101694915,14.865738505369324,7.069415087860613,7.796323417508712
2463042.5,2463375.737288136,2031-06-25 00:00:00.000,2032-05-23 05:41:41.695,333.23728813559325,16.129779004370683,7.79616186454806,8.333617139822623
2463042.5,2463412.6525423727,2031-06-25 00:00:00.000,2032-06-29 03:39:39.661,370.1525423728814,14.088508301342117,6.716962539582418,7.371545761759696
2463042.5,2463431.110169492,2031-06-25 00:00:00.000,2032-07-17 14:38:38.644,388.6101694915254,12.346669709055153,5.456064837305092,6.890604871750061
2463042.5,2463449.5677966103,2031-06-25 00:00:00.000,2032-08-05 01:37:37.627,407.0677966101695,11.603763417241368,4.924638338615506,6.6791250786258605
2463042.5,2463468.025423729,2031-06-25 00:00:00.000,2032-08-23 12:36:36.610,425.5254237288136,11.208329744312856,4.662774000539832,6.545555743773023
2463042.5,2463486.4830508474,2031-06-25 00:00:00.000,2032-09-10 23:35:35.593,443.98305084745766,11.050766766481612,4.59010718739914,6.460659579082472
2463042.5,2463504.940677966,2031-06-25 00:00:00.000,2032-09-29 10:34:34.576,462.4406779661017,11.100143422097847,4.681658658735374,6.418484763362474
2463042.5,2463523.398305085,2031-06-25 00:00:00.000,2032-10-17 21:33:33.559,480.8983050847458,11.3421080900208,4.922394922729336,6.419713167291466
2463042.5,2463541.855932204,2031-06-25 00:00:00.000,2032-11-05 08:32:32.542,499.3559322033899,11.768195321300013,5.299761971188947,6.468433350111066
2463042.5,2463560.313559322,2031-06-25 00:00:00.000,2032-11-23 19:31:31.525,517.8135593220339,12.376746220395592,5.804997056004329,6.571749164391263
2463042.5,2463578.7711864407,2031-06-25 00:00:00.000,2032-12-12 06:30:30.508,536.271186440678,13.176453860822695,6.436046044738038,6.740407816084659
2463043.5,2463284.4491525423,2031-06-26 00:00:00.000,2032-02-21 22:46:46.780,240.9491525423729,19.428040240988835,10.460357151213152,8.967683089775681
2463043.5,2463302.906779661,2031-06-26 00:00:00.000,2032-03-11 09:45:45.763,259.40677966101697,18.06498793643193,9.46239102670464,8.602596909727286
2463043.5,2463321.36440678,2031-06-26 00:00:00.000,2032-03-29 20:44:44.746,277.86440677966107,16.822583118690027,8.551085361133286,8.271497757556741
2463043.5,2463339.8220338984,2031-06-26 00:00:00.000,2032-04-17 07:43:43.729,296.3220338983051,15.731518463232778,7.742655651456567,7.98886281177621
2463043.5,2463358.279661017,2031-06-26 00:00:00.000,2032-05-05 18:42:42.712,314.77966101694915,14.945078867907055,7.1324810122904285,7.812597855616628
2463043.5,2463376.737288136,2031-06-26 00:00:00.000,2032-05-24 05:41:41.695,333.23728813559325,15.982839007443832,7.71486681262012,8.267972194823713
2463043.5,2463413.6525423727,2031-06-26 00:00:00.000,2032-06-30 03:39:39.661,370.1525423728814,14.34212287663153,6.9045712869715565,7.437551589659973
2463043.5,2463432.110169492,2031-06-26 00:00:00.000,2032-07-18 14:38:38.644,388.6101694915254,12.443393390055835,5.535502310851167,6.907891079204667
2463043.5,2463450.5677966103,2031-06-26 00:00:00.000,2032-08-06 01:37:37.627,407.0677966101695,11.66010250489109,4.974631505959315,6.685470998931775
2463043.5,2463469.025423729,2031-06-26 00:00:00.000,2032-08-24 12:36:36.610,425.5254237288136,11.240013208954988,4.693817508606713,6.546195700348275
2463043.5,2463487.4830508474,2031-06-26 00:00:00.000,2032-09-11 23:35:35.593,443.98305084745766,11.060956360577856,4.603980033128737,6.456976327449119
2463043.5,2463505.940677966,2031-06-26 00:00:00.000,2032-09-30 10:34:34.576,462.4406779661017,11.089665454086482,4.678745370340934,6.410920083745549
2463043.5,2463524.398305085,2031-06-26 00:00:00.000,2032-10-18 21:33:33.559,480.8983050847458,11.311588157248806,4.903247908065897,6.408340249182911
2463043.5,2463542.855932204,2031-06-26 00:00:00.000,2032-11-06 08:32:32.542,499.3559322033899,11.718346463451562,5.265242674649771,6.453103788801791
2463043.5,2463561.313559322,2031-06-26 00:00:00.000,2032-11-24 19:31:31.525,517.8135593220339,12.308106593542613,5.755983500636711,6.552123092905899
2463043.5,2463579.7711864407,2031-06-26 00:00:00.000,2032-12-13 06:30:30.508,536.271186440678,13.08903426825989,6.373108003129265,6.715926265130625
2463044.5,2463285.4491525423,2031-06-27 00:00:00.000,2032-02-22 22:46:46.780,240.9491525423729,19.55231949551169,10.539468725536482,9.012850769975204
2463044.5,2463303.906779661,2031-06-27 00:00:00.000,2032-03-12 09:45:45.763,259.40677966101697,18.17910385801593,9.538479077423792,8.640624780592141
2463044.5,2463322.36440678,2031-06-27 00:00:00.000,2032-03-30 20:44:44.746,277.86440677966107,16.927886133333306,8.624741006782507,8.303145126550799
2463044.5,2463340.8220338984,2031-06-27 00:00:00.000,2032-04-18 07:43:43.729,296.3220338983051,15.82824885791432,7.813858123708146,8.014390734206176
2463044.5,2463359.279661017,2031-06-27 00:00:00.000,2032-05-06 18:42:42.712,314.77966101694915,15.025121490395964,7.195996344661314,7.82912514573465
2463044.5,2463377.737288136,2031-06-27 00:00:00.000,2032-05-25 05:41:41.695,333.23728813559325,15.867105367944918,7.653730672249333,8.213374695695585
2463044.5,2463414.6525423727,2031-06-27 00:00:00.000,2032-07-01 03:39:39.661,370.1525423728814,14.622235391387786,7.1096759448234055,7.512559446564381
2463044.5,2463433.110169492,2031-06-27 00:00:00.000,2032-07-19 14:38:38.644,388.6101694915254,12.544645243269752,5.618077537696373,6.92656770557338
2463044.5,2463451.5677966103,2031-06-27 00:00:00.000,2032-08-07 01:37:37.627,407.0677966101695,11.718765494692228,5.026323747794323,6.692441746897906
2463044.5,2463470.025423729,2031-06-27 00:00:00.000,2032-08-25 12:36:36.610,425.5254237288136,11.27374259251097,4.726439537914385,6.547303054596586
2463044.5,2463488.4830508474,2031-06-27 00:00:00.000,2032-09-12 23:35:35.593,443.98305084745766,11.073266076072157,4.619537546995855,6.453728529076301
2463044.5,2463506.940677966,2031-06-27 00:00:00.000,2032-10-01 10:34:34.576,462.4406779661017,11.081407303117988,4.677607240123802,6.403800062994187
2463044.5,2463525.398305085,2031-06-27 00:00:00.000,2032-10-19 21:33:33.559,480.8983050847458,11.283332560767214,4.885891681017181,6.397440879750032
2463044.5,2463543.855932204,2031-06-27 00:00:00.000,2032-11-07 08:32:32.542,499.3559322033899,11.670761839539232,5.232471257573661,6.43829058196557
2463044.5,2463562.313559322,2031-06-27 00:00:00.000,2032-11-25 19:31:31.525,517.8135593220339,12.241727189976382,5.708657428249562,6.5330697617268205
2463044.5,2463580.7711864407,2031-06-27 00:00:00.000,2032-12-14 06:30:30.508,536.271186440678,13.00390647261301,6.311816675158236,6.692089797454775
2463045.5,2463286.4491525423,2031-06-28 00:00:00.000,2032-02-23 22:46:46.780,240.9491525423729,19.67659557614319,10.618608088300622,9.057987487842569
2463045.5,2463304.906779661,2031-06-28 00:00:00.000,2032-03-13 09:45:45.763,259.40677966101697,18.293283081252184,9.614628730805928,8.678654350446259
2463045.5,2463323.36440678,2031-06-28 00:00:00.000,2032-03-31 20:44:44.746,277.86440677966107,17.03329520078289,8.698475310082276,8.334819890700615
2463045.5,2463341.8220338984,2031-06-28 00:00:00.000,2032-04-19 07:43:43.729,296.3220338983051,15.925105990035377,7.88513746339454,8.039968526640836
2463045.5,2463360.279661017,2031-06-28 00:00:00.000,2032-05-07 18:42:42.712,314.77966101694915,15.10575504082589,7.259857524764604,7.845897516061285
2463045.5,2463378.737288136,2031-06-28 00:00:00.000,2032-05-26 05:41:41.695,333.23728813559325,15.777061261744713,7.609195097802749,8.167866163941964
2463045.5,2463415.6525423727,2031-06-28 00:00:00.000,2032-07-02 03:39:39.661,370.1525423728814,14.93344754086422,7.335163052155494,7.598284488708726
2463045.5,2463434.110169492,2031-06-28 00:00:00.000,2032-07-20 14:38:38.644,388.6101694915254,12.650682466865632,5.7039275020517,6.946754964813933
2463045.5,2463452.5677966103,2031-06-28 00:00:00.000,2032-08-08 01:37:37.627,407.0677966101695,11.779707888423207,5.079648802311796,6.700059086111411
2463045.5,2463471.025423729,2031-06-28 00:00:00.000,2032-08-26 12:36:36.610,425.5254237288136,11.30942459572502,4.760541935185755,6.548882660539266
2463045.5,2463489.4830508474,2031-06-28 00:00:00.000,2032-09-13 23:35:35.593,443.98305084745766,11.087602265989384,4.636686101143355,6.450916164846029
2463045.5,2463507.940677966,2031-06-28 00:00:00.000,2032-10-02 10:34:34.576,462.4406779661017,11.075292279061888,4.678169714223428,6.397122564838459
2463045.5,2463526.398305085,2031-06-28 00:00:00.000,2032-10-20 21:33:33.559,480.8983050847458,11.25728636630648,4.870274795881845,6.387011570424634
2463045.5,2463544.855932204,2031-06-28 00:00:00.000,2032-11-08 08:32:32.542,499.3559322033899,11.625405808960762,5.20141675329585,6.423989055664912
2463045.5,2463563.313559322,2031-06-28 00:00:00.000,2032-11-26 19:31:31.525,517.8135593220339,12.17758645485063,5.663003265056192,6.514583189794439
2463045.5,2463581.7711864407,2031-06-28 00:00:00.000,2032-12-15 06:30:30.508,536.271186440678,12.92105797682654,6.252167100724953,6.668890876101587
2463046.5,2463287.4491525423,2031-06-29 00:00:00.000,2032-02-24 22:46:46.780,240.9491525423729,19.80080915902176,10.69771668058805,9.103092478433709
2463046.5,2463305.906779661,2031-06-29 00:00:00.000,2032-03-14 09:45:45.763,259.40677966101697,18.4074582672931,9.690772873179329,8.716685394113775
2463046.5,2463324.36440678,2031-06-29 00:00:00.000,2032-04-01 20:44:44.746,277.86440677966107,17.138735447554154,8.772212837130004,8.366522610424152
2463046.5,2463342.8220338984,2031-06-29 00:00:00.000,2032-04-20 07:43:43.729,296.3220338983051,16.022010178687996,7.9564117774084275,8.06559840127957
2463046.5,2463361.279661017,2031-06-29 00:00:00.000,2032-05-08 18:42:42.712,314.77966101694915,15.186867922926972,7.3239599818512415,7.862907941075731
2463046.5,2463379.737288136,2031-06-29 00:00:00.000,2032-05-27 05:41:41.695,333.23728813559325,15.708337859633646,7.578421975830048,8.129915883803598
2463046.5,2463416.6525423727,2031-06-29 00:00:00.000,2032-07-03 03:39:39.661,370.1525423728814,15.281460430233334,7.584593293143835,7.6968671370895
2463046.5,2463435.110169492,2031-06-29 00:00:00.000,2032-07-21 14:38:38.644,388.6101694915254,12.761803819891671,5.793214038560875,6.968589781330796
2463046.5,2463453.5677966103,2031-06-29 00:00:00.000,2032-08-09 01:37:37.627,407.0677966101695,11.842879169119056,5.134532396306535,6.708346772812521
2463046.5,2463472.025423729,2031-06-29 00:00:00.000,2032-08-27 12:36:36.610,425.5254237288136,11.346949781796829,4.796010190698743,6.550939591098086
2463046.5,2463490.4830508474,2031-06-29 00:00:00.000,2032-09-14 23:35:35.593,443.98305084745766,11.103849683187176,4.655310626519996,6.448539056667178
2463046.5,2463508.940677966,2031-06-29 00:00:00.000,2032-10-03 10:34:34.576,462.4406779661017,11.071218736969398,4.680333561091406,6.390885175877991
2463046.5,2463527.398305085,2031-06-29 00:00:00.000,2032-10-21 21:33:33.559,480.8983050847458,11.233368372673946,4.856319868624468,6.377048504049478
2463046.5,2463545.855932204,2031-06-29 00:00:00.000,2032-11-09 08:32:32.542,499.3559322033899,11.582216807104396,5.172022628644753,6.410194178459642
2463046.5,2463564.313559322,2031-06-29 00:00:00.000,2032-11-27 19:31:31.525,517.8135593220339,12.11563823943815,5.618981223005429,6.496657016432721
2463046.5,2463582.7711864407,2031-06-29 00:00:00.000,2032-12-16 06:30:30.508,536.271186440678,12.84045347573241,6.194131907581088,6.646321568151323
2463047.5,2463288.4491525423,2031-06-30 00:00:00.000,2032-02-25 22:46:46.780,240.9491525423729,19.92491172136856,10.776746462189047,9.148165259179512
2463047.5,2463306.906779661,2031-06-30 00:00:00.000,2032-03-15 09:45:45.763,259.40677966101697,18.521570994872395,9.766853092335085,8.75471790253731
2463047.5,2463325.36440678,2031-06-30 00:00:00.000,2032-04-02 20:44:44.746,277.86440677966107,17.244138925255626,8.845884932810335,8.398253992445293
2463047.5,2463343.8220338984,2031-06-30 00:00:00.000,2032-04-21 07:43:43.729,296.3220338983051,16.11888630728722,8.027603733668277,8.091282573618944
2463047.5,2463362.279661017,2031-06-30 00:00:00.000,2032-05-09 18:42:42.712,314.77966101694915,15.26835267055883,7.388202525603702,7.880150144955128
2463047.5,2463380.737288136,2031-06-30 00:00:00.000,2032-05-28 05:41:41.695,333.23728813559325,15.657435348985134,7.559122299236444,8.09831304974869
2463047.5,2463417.6525423727,2031-06-30 00:00:00.000,2032-07-04 03:39:39.661,370.1525423728814,15.673397645307304,7.862395616351692,7.811002028955612
2463047.5,2463436.110169492,2031-06-30 00:00:00.000,2032-07-22 14:38:38.644,388.6101694915254,12.87836004334915,5.886131222284515,6.992228821064635
2463047.5,2463454.5677966103,2031-06-30 00:00:00.000,2032-08-10 01:37:37.627,407.0677966101695,11.908224406813863,5.19089347612867,6.717330930685194
2463047.5,2463473.025423729,2031-06-30 00:00:00.000,2032-08-28 12:36:36.610,425.5254237288136,11.386192092661735,4.832712815008191,6.553479277653548
2463047.5,2463491.4830508474,2031-06-30 00:00:00.000,2032-09-15 23:35:35.593,443.98305084745766,11.121869314161485,4.67527235081394,6.446596963347542
2463047.5,2463509.940677966,2031-06-30 00:00:00.000,2032-10-04 10:34:34.576,462.4406779661017,11.0690562080383,4.683970920187177,6.385085287851124
2463047.5,2463528.398305085,2031-06-30 00:00:00.000,2032-10-22 21:33:33.559,480.8983050847458,11.211465665888753,4.843918055628813,6.36754761025994
2463047.5,2463546.855932204,2031-06-30 00:00:00.000,2032-11-10 08:32:32.542,499.3559322033899,11.541100647084503,5.144200015342517,6.396900631741988
2463047.5,2463565.313559322,2031-06-30 00:00:00.000,2032-11-28 19:31:31.525,517.8135593220339,12.055804246620148,5.576519678569485,6.479284568050664
2463047.5,2463583.7711864407,2031-06-30 00:00:00.000,2032-12-17 06:30:30.508,536.271186440678,12.762026795793346,6.13765318841667,6.624373607376677
2463048.5,2463307.906779661,2031-07-01 00:00:00.000,2032-03-16 09:45:45.763,259.40677966101697,18.63558313416344,9.842830842969528,8.792752291193908
2463048.5,2463326.36440678,2031-07-01 00:00:00.000,2032-04-03 20:44:44.746,277.86440677966107,17.349455690225216,8.919440604094984,8.430015086130233
2463048.5,2463344.8220338984,2031-07-01 00:00:00.000,2032-04-22 07:43:43.729,296.3220338983051,16.215674530741605,8.098651079774283,8.117023450967322
2463048.5,2463363.279661017,2031-07-01 00:00:00.000,2032-05-10 18:42:42.712,314.77966101694915,15.350115873815032,7.452497190477344,7.897618683337689
2463048.5,2463381.737288136,2031-07-01 00:00:00.000,2032-05-29 05:41:41.695,333.23728813559325,15.621526986388355,7.5494375148604975,8.07208947152786
2463048.5,2463418.6525423727,2031-07-01 00:00:00.000,2032-07-05 03:39:39.661,370.1525423728814,16.118243181639542,8.174129734580708,7.944113447058836
2463048.5,2463437.110169492,2031-07-01 00:00:00.000,2032-07-23 14:38:38.644,388.6101694915254,13.000769955666456,5.982917760895831,7.017852194770624
2463048.5,2463455.5677966103,2031-07-01 00:00:00.000,2032-08-11 01:37:37.627,407.0677966101695,11.975689990304604,5.248649456794177,6.727040533510427
2463048.5,2463474.025423729,2031-07-01 00:00:00.000,2032-08-29 12:36:36.610,425.5254237288136,11.427012049120131,4.870504327950065,6.556507721170069
2463048.5,2463492.4830508474,2031-07-01 00:00:00.000,2032-09-16 23:35:35.593,443.98305084745766,11.141499301042632,4.696409558012476,6.445089743030155
2463048.5,2463510.940677966,2031-07-01 00:00:00.000,2032-10-05 10:34:34.576,462.4406779661017,11.068643824033035,4.688923578377539,6.379720245655497
2463048.5,2463529.398305085,2031-07-01 00:00:00.000,2032-10-23 21:33:33.559,480.8983050847458,11.191429524807198,4.8329248178461,6.358504706961098
2463048.5,2463547.855932204,2031-07-01 00:00:00.000,2032-11-11 08:32:32.542,499.3559322033899,11.501924184058602,5.117821237044893,6.384102947013709
2463048.5,2463566.313559322,2031-07-01 00:00:00.000,2032-11-29 19:31:31.525,517.8135593220339,11.997965902626568,5.535506909447199,6.462458993179368
2463048.5,2463584.7711864407,2031-07-01 00:00:00.000,2032-12-18 06:30:30.508,536.271186440678,12.685671435287569,6.082632908129829,6.6030385271577385
2463049.5,2463308.906779661,2031-07-02 00:00:00.000,2032-03-17 09:45:45.763,259.40677966101697,18.749493805905324,9.91870411330328,8.83078969260204
2463049.5,2463327.36440678,2031-07-02 00:00:00.000,2032-04-04 20:44:44.746,277.86440677966107,17.454670981229974,8.992863416805823,8.461807564424149
2463049.5,2463345.8220338984,2031-07-02 00:00:00.000,2032-04-23 07:43:43.729,296.3220338983051,16.31234758948606,8.169523685010159,8.1428239044759
2463049.5,2463364.279661017,2031-07-02 00:00:00.000,2032-05-11 18:42:42.712,314.77966101694915,15.432095212354204,7.516786094986333,7.915309117367871
2463049.5,2463382.737288136,2031-07-02 00:00:00.000,2032-05-30 05:41:41.695,333.23728813559325,15.598324651683845,7.547861258542981,8.050463393140861
2463049.5,2463419.6525423727,2031-07-02 00:00:00.000,2032-07-06 03:39:39.661,370.1525423728814,16.627440684309537,8.526844009293828,8.100596675015709
2463049.5,2463438.110169492,2031-07-02 00:00:00.000,2032-07-24 14:38:38.644,388.6101694915254,13.129544997889871,6.083877006511109,7.045667991378762
2463049.5,2463456.5677966103,2031-07-02 00:00:00.000,2032-08-12 01:37:37.627,407.0677966101695,12.045236853100498,5.307728828166502,6.737508024933995
2463049.5,2463475.025423729,2031-07-02 00:00:00.000,2032-08-30 12:36:36.610,425.5254237288136,11.469267649775782,4.909235847767145,6.560031802008637
2463049.5,2463493.4830508474,2031-07-02 00:00:00.000,2032-09-17 23:35:35.593,443.98305084745766,11.16256344010234,4.718545828606142,6.444017611496198
2463049.5,2463511.940677966,2031-07-02 00:00:00.000,2032-10-06 10:34:34.576,462.4406779661017,11.069795795093182,4.695008202389095,6.374787592704087
2463049.5,2463530.398305085,2031-07-02 00:00:00.000,2032-10-24 21:33:33.559,480.8983050847458,11.173077487740017,4.823161745955552,6.349915741784463
2463049.5,2463548.855932204,2031-07-02 00:00:00.000,2032-11-12 08:32:32.542,499.3559322033899,11.464513995659203,5.0927182492114085,6.371795746447794
2463049.5,2463567.313559322,2031-07-02 00:00:00.000,2032-11-30 19:31:31.525,517.8135593220339,11.94195999977108,5.495786494880289,6.4461735048907896
2463049.5,2463585.7711864407,2031-07-02 00:00:00.000,2032-12-19 06:30:30.508,536.271186440678,12.61123365055705,6.02892574470682,6.582307905850231
2463050.5,2463309.906779661,2031-07-03 00:00:00.000,2032-03-18 09:45:45.763,259.40677966101697,18.86335804155649,9.99452573000561,8.868832311550882
2463050.5,2463328.36440678,2031-07-03 00:00:00.000,2032-04-05 20:44:44.746,277.86440677966107,17.559825033655045,9.0661909614216,8.493634072233442
2463050.5,2463346.8220338984,2031-07-03 00:00:00.000,2032-04-24 07:43:43.729,296.3220338983051,16.40893174029908,8.240244129083623,8.168687611215459
2463050.5,2463365.279661017,2031-07-03 00:00:00.000,2032-05-12 18:42:42.712,314.77966101694915,15.514281152768191,7.581062884164708,7.9332182686034844
2463050.5,2463383.737288136,2031-07-03 00:00:00.000,2032-05-31 05:41:41.695,333.23728813559325,15.585988536516124,7.553190394906566,8.032798141609558
2463050.5,2463420.6525423727,2031-07-03 00:00:00.000,2032-07-07 03:39:39.661,370.1525423728814,17.215719389247262,8.929565441617553,8.286153947629707
2463050.5,2463439.110169492,2031-07-03 00:00:00.000,2032-07-25 14:38:38.644,388.6101694915254,13.265322676899244,6.189404877065674,7.075917799833572
2463050.5,2463457.5677966103,2031-07-03 00:00:00.000,2032-08-13 01:37:37.627,407.0677966101695,12.116862653874982,5.368092574997838,6.748770078877145
2463050.5,2463476.025423729,2031-07-03 00:00:00.000,2032-08-31 12:36:36.610,425.5254237288136,11.512835720262611,4.948776027869058,6.5640596923935535
2463050.5,2463494.4830508474,2031-07-03 00:00:00.000,2032-09-18 23:35:35.593,443.98305084745766,11.184891266940737,4.741509762595262,6.443381504345474
2463050.5,2463512.940677966,2031-07-03 00:00:00.000,2032-10-07 10:34:34.576,462.4406779661017,11.072319092273506,4.702033667017502,6.370285425256004
2463050.5,2463531.398305085,2031-07-03 00:00:00.000,2032-10-25 21:33:33.559,480.8983050847458,11.156207649374275,4.814430500852051,6.341777148522224
2463050.5,2463549.855932204,2031-07-03 00:00:00.000,2032-11-13 08:32:32.542,499.3559322033899,11.42866677618993,5.068692671107198,6.359974105082732
2463050.5,2463568.313559322,2031-07-03 00:00:00.000,2032-12-01 19:31:31.525,517.8135593220339,11.887585150203908,5.457163397752407,6.430421752451501
2463050.5,2463586.7711864407,2031-07-03 00:00:00.000,2032-12-20 06:30:30.508,536.271186440678,12.538515238399434,5.976341488037303,6.562173750362131
2463051.5,2463310.906779661,2031-07-04 00:00:00.000,2032-03-19 09:45:45.763,259.40677966101697,18.97729865776843,10.070414890380103,8.906883767388322
2463051.5,2463329.36440678,2031-07-04 00:00:00.000,2032-04-06 20:44:44.746,277.86440677966107,17.665027147579853,9.139528575417716,8.525498572162137
2463051.5,2463347.8220338984,2031-07-04 00:00:00.000,2032-04-25 07:43:43.729,296.3220338983051,16.505523087265246,8.310903685186906,8.194619402078342
2463051.5,2463366.279661017,2031-07-04 00:00:00.000,2032-05-13 18:42:42.712,314.77966101694915,15.59673538879706,7.645390891663596,7.951344497133464
2463051.5,2463384.737288136,2031-07-04 00:00:00.000,2032-06-01 05:41:41.695,333.23728813559325,15.583063148411362,7.564491829423893,8.018571318987469
2463051.5,2463421.6525423727,2031-07-04 00:00:00.000,2032-07-08 03:39:39.661,370.1525423728814,17.902241906252062,9.393974085179671,8.50826782107239
2463051.5,2463440.110169492,2031-07-04 00:00:00.000,2032-07-26 14:38:38.644,388.6101694915254,13.40890445855498,6.300021094681651,7.108883363873328
2463051.5,2463458.5677966103,2031-07-04 00:00:00.000,2032-08-14 01:37:37.627,407.0677966101695,12.190628996291688,5.429760543415618,6.760868452876069
2463051.5,2463477.025423729,2031-07-04 00:00:00.000,2032-09-01 12:36:36.610,425.5254237288136,11.557641088666298,4.98903976364818,6.5686013250181166
2463051.5,2463495.4830508474,2031-07-04 00:00:00.000,2032-09-19 23:35:35.593,443.98305084745766,11.208348685939225,4.765165184974272,6.443183500964953
2463051.5,2463513.940677966,2031-07-04 00:00:00.000,2032-10-08 10:34:34.576,462.4406779661017,11.076044053890032,4.709831236758506,6.366212817131528
2463051.5,2463532.398305085,2031-07-04 00:00:00.000,2032-10-26 21:33:33.559,480.8983050847458,11.140627676203913,4.806541393361411,6.334086282842502
2463051.5,2463550.855932204,2031-07-04 00:00:00.000,2032-11-14 08:32:32.542,499.3559322033899,11.394175533201842,5.045541531683575,6.348634001518269
2463051.5,2463569.313559322,2031-07-04 00:00:00.000,2032-12-02 19:31:31.525,517.8135593220339,11.834624464424476,5.419426172967727,6.415198291456748
2463051.5,2463587.7711864407,2031-07-04 00:00:00.000,2032-12-21 06:30:30.508,536.271186440678,12.467292458711524,5.9246634691685145,6.542628989543008
2463052.5,2463311.906779661,2031-07-05 00:00:00.000,2032-03-20 09:45:45.763,259.40677966101697,19.091502255900934,10.146552949843477,8.944949306057463
2463052.5,2463330.36440678,2031-07-05 00:00:00.000,2032-04-07 20:44:44.746,277.86440677966107,17.770454417509203,9.21304784311852,8.557406574390685
2463052.5,2463348.8220338984,2031-07-05 00:00:00.000,2032-04-26 07:43:43.729,296.3220338983051,16.602289248139208,8.381663740626584,8.220625507512622
2463052.5,2463367.279661017,2031-07-05 00:00:00.000,2032-05-14 18:42:42.712,314.77966101694915,15.679595587826851,7.709907685449902,7.969687902376951
2463052.5,2463385.737288136,2031-07-05 00:00:00.000,2032-06-02 05:41:41.695,333.23728813559325,15.58842182399822,7.581070290855761,8.007351533142458
2463052.5,2463422.6525423727,2031-07-05 00:00:00.000,2032-07-09 03:39:39.661,370.1525423728814,18.712220090243207,9.935343228072837,8.776876862170372
2463052.5,2463441.110169492,2031-07-05 00:00:00.000,2032-07-27 14:38:38.644,388.6101694915254,13.561289593856063,6.4163950728356784,7.144894521020386
2463052.5,2463459.5677966103,2031-07-05 00:00:00.000,2032-08-15 01:37:37.627,407.0677966101695,12.266684072772282,5.492833237669077,6.773850835103206
2463052.5,2463478.025423729,2031-07-05 00:00:00.000,2032-09-02 12:36:36.610,425.5254237288136,11.603684163806417,5.030015347553731,6.573668816252685
2463052.5,2463496.4830508474,2031-07-05 00:00:00.000,2032-09-20 23:35:35.593,443.98305084745766,11.232870505353858,4.789443294666774,6.4434272106870845
2463052.5,2463514.940677966,2031-07-05 00:00:00.000,2032-10-09 10:34:34.576,462.4406779661017,11.080860593475991,4.718290377247132,6.362570216228861
2463052.5,2463533.398305085,2031-07-05 00:00:00.000,2032-10-27 21:33:33.559,480.8983050847458,11.126192932877984,4.7993510939875,6.326841838890485
2463052.5,2463551.855932204,2031-07-05 00:00:00.000,2032-11-15 08:32:32.542,499.3559322033899,11.360867876484283,5.023095118242641,6.337772758241642
2463052.5,2463570.313559322,2031-07-05 00:00:00.000,2032-12-03 19:31:31.525,517.8135593220339,11.782882616873511,5.38238356447339,6.400499052400123
2463052.5,2463588.7711864407,2031-07-05 00:00:00.000,2032-12-22 06:30:30.508,536.271186440678,12.39735097640352,5.873683000936665,6.523667975466855
2463053.5,2463312.906779661,2031-07-06 00:00:00.000,2032-03-21 09:45:45.763,259.40677966101697,19.20619595137768,10.22316017718352,8.983035774194157
2463053.5,2463331.36440678,2031-07-06 00:00:00.000,2032-04-08 20:44:44.746,277.86440677966107,17.876330719938004,9.286965577724304,8.589365142213701
2463053.5,2463349.8220338984,2031-07-06 00:00:00.000,2032-04-27 07:43:43.729,296.3220338983051,16.699450904518407,8.452737310917922,8.246713593600488
2463053.5,2463368.279661017,2031-07-06 00:00:00.000,2032-05-15 18:42:42.712,314.77966101694915,15.76305991833895,7.774809576478057,7.988250341860893
2463053.5,2463386.737288136,2031-07-06 00:00:00.000,2032-06-03 05:41:41.695,333.23728813559325,15.601206829437814,7.602426304813594,7.9987805246242205
2463053.5,2463423.6525423727,2031-07-06 00:00:00.000,2032-07-10 03:39:39.661,370.1525423728814,19.67923180083801,10.57387847108734,9.105353329750676
2463053.5,2463442.110169492,2031-07-06 00:00:00.000,2032-07-28 14:38:38.644,388.6101694915254,13.72369727901092,6.539358624311584,7.184338654699336
2463053.5,2463460.5677966103,2031-07-06 00:00:00.000,2032-08-16 01:37:37.627,407.0677966101695,12.34526998288409,5.557498408678657,6.787771574205433
2463053.5,2463479.025423729,2031-07-06 00:00:00.000,2032-09-03 12:36:36.610,425.5254237288136,11.651054601550369,5.071777878978175,6.579276722572193
2463053.5,2463497.4830508474,2031-07-06 00:00:00.000,2032-09-21 23:35:35.593,443.98305084745766,11.258481603687995,4.814363606953947,6.444117996734049
2463053.5,2463515.940677966,2031-07-06 00:00:00.000,2032-10-10 10:34:34.576,462.4406779661017,11.086746426595408,4.727386741365067,6.35935968523034
2463053.5,2463534.398305085,2031-07-06 00:00:00.000,2032-10-28 21:33:33.559,480.8983050847458,11.1128405048679,4.7927963895481565,6.320044115319744
2463053.5,2463552.855932204,2031-07-06 00:00:00.000,2032-11-16 08:32:32.542,499.3559322033899,11.328644118242462,5.001254782744112,6.327389335498349
2463053.5,2463571.313559322,2031-07-06 00:00:00.000,2032-12-04 19:31:31.525,517.8135593220339,11.73222631097356,5.345904645058093,6.386321665915467
2463053.5,2463589.7711864407,2031-07-06 00:00:00.000,2032-12-23 06:30:30.508,536.271186440678,12.328527290229122,5.823240446349179,6.505286843879944
2463054.5,2463313.906779661,2031-07-07 00:00:00.000,2032-03-22 09:45:45.763,259.40677966101697,19.321610883559934,10.30045956400918,9.021151319550755
2463054.5,2463332.36440678,2031-07-07 00:00:00.000,2032-04-09 20:44:44.746,277.86440677966107,17.982891019926015,9.361508389034991,8.621382630891025
2463054.5,2463350.8220338984,2031-07-07 00:00:00.000,2032-04-28 07:43:43.729,296.3220338983051,16.797247203259023,8.524354662143908,8.272892541115114
2463054.5,2463369.279661017,2031-07-07 00:00:00.000,2032-05-16 18:42:42.712,314.77966101694915,15.84735405620368,7.840318840905806,8.007035215297874
2463054.5,2463387.737288136,2031-07-07 00:00:00.000,2032-06-04 05:41:41.695,333.23728813559325,15.620762021080656,7.62820284582235,7.992559175258304
2463054.5,2463443.110169492,2031-07-07 00:00:00.000,2032-07-29 14:38:38.644,388.6101694915254,13.897576460230626,6.669904393673339,7.227672066557287
2463054.5,2463461.5677966103,2031-07-07 00:00:00.000,2032-08-17 01:37:37.627,407.0677966101695,12.426709724426429,5.624017491286828,6.8026922331396
2463054.5,2463480.025423729,2031-07-07 00:00:00.000,2032-09-04 12:36:36.610,425.5254237288136,11.699923250770995,5.114481200362513,6.585442050408484
2463054.5,2463498.4830508474,2031-07-07 00:00:00.000,2032-09-22 23:35:35.593,443.98305084745766,11.285296352117337,4.840033402109532,6.445262950007802
2463054.5,2463516.940677966,2031-07-07 00:00:00.000,2032-10-11 10:34:34.576,462.4406779661017,11.09377474604896,4.737189854416055,6.356584891632906
2463054.5,2463535.398305085,2031-07-07 00:00:00.000,2032-10-29 21:33:33.559,480.8983050847458,11.100604936557978,4.786909907621007,6.313695028936971
2463054.5,2463553.855932204,2031-07-07 00:00:00.000,2032-11-17 08:32:32.542,499.3559322033899,11.297500075958606,4.980015706518781,6.317484369439824
2463054.5,2463572.313559322,2031-07-07 00:00:00.000,2032-12-05 19:31:31.525,517.8135593220339,11.682612725988156,5.309947198939676,6.372665527048483
2463054.5,2463590.7711864407,2031-07-07 00:00:00.000,2032-12-24 06:30:30.508,536.271186440678,12.260741384706954,5.773257778258089,6.4874836064488655
2463055.5,2463314.906779661,2031-07-08 00:00:00.000,2032-03-23 09:45:45.763,259.40677966101697,19.437945643709376,10.378640759815235,9.05930488389414
2463055.5,2463333.36440678,2031-07-08 00:00:00.000,2032-04-10 20:44:44.746,277.86440677966107,18.09034377069556,9.43687555464808,8.653468216047482
2463055.5,2463351.8220338984,2031-07-08 00:00:00.000,2032-04-29 07:43:43.729,296.3220338983051,16.895897304974653,8.596725290445395,8.299172014529256
2463055.5,2463370.279661017,2031-07-08 00:00:00.000,2032-05-17 18:42:42.712,314.77966101694915,15.932692248916256,7.906645199988738,8.026047048927518
2463055.5,2463388.737288136,2031-07-08 00:00:00.000,2032-06-05 05:41:41.695,333.23728813559325,15.646565234235837,7.658128864094414,7.988436370141421
2463055.5,2463444.110169492,2031-07-08 00:00:00.000,2032-07-30 14:38:38.644,388.6101694915254,14.084611757019395,6.809177817679236,7.27543393934016
2463055.5,2463462.5677966103,2031-07-08 00:00:00.000,2032-08-18 01:37:37.627,407.0677966101695,12.51137855849975,5.692696552090544,6.8186820064092055
2463055.5,2463481.025423729,2031-07-08 00:00:00.000,2032-09-05 12:36:36.610,425.5254237288136,11.750514545889857,5.158330516393222,6.592184029496635
2463055.5,2463499.4830508474,2031-07-08 00:00:00.000,2032-09-23 23:35:35.593,443.98305084745766,11.313495618691732,4.866625006371077,6.446870612320656
2463055.5,2463517.940677966,2031-07-08 00:00:00.000,2032-10-12 10:34:34.576,462.4406779661017,11.102097652938536,4.747846814027994,6.354250838910542
2463055.5,2463536.398305085,2031-07-08 00:00:00.000,2032-10-30 21:33:33.559,480.8983050847458,11.08960909448678,4.7818112337663,6.30779786072048
2463055.5,2463554.855932204,2031-07-08 00:00:00.000,2032-11-18 08:32:32.542,499.3559322033899,11.267525490034217,4.959465557635286,6.30805993239893
2463055.5,2463573.313559322,2031-07-08 00:00:00.000,2032-12-06 19:31:31.525,517.8135593220339,11.634094897267108,5.274563328099076,6.359531569168033
2463055.5,2463591.7711864407,2031-07-08 00:00:00.000,2032-12-25 06:30:30.508,536.271186440678,12.194008121856124,5.7237501843682335,6.470257937487892
2463056.5,2463315.906779661,2031-07-09 00:00:00.000,2032-03-24 09:45:45.763,259.40677966101697,19.555342517770647,10.457836888944849,9.097505628825798
2463056.5,2463334.36440678,2031-07-09 00:00:00.000,2032-04-11 20:44:44.746,277.86440677966107,18.19884479771259,9.51321345420278,8.685631343509806
2463056.5,2463352.8220338984,2031-07-09 00:00:00.000,2032-04-30 07:43:43.729,296.3220338983051,16.995571909043797,8.67000996525542,8.325561943788378
2463056.5,2463371.279661017,2031-07-09 00:00:00.000,2032-05-18 18:42:42.712,314.77966101694915,16.019246543366627,7.973955553761157,8.04529098960547
2463056.5,2463389.737288136,2031-07-09 00:00:00.000,2032-06-06 05:41:41.695,333.23728813559325,15.678172103173974,7.691972055041484,7.986200048132491
2463056.5,2463445.110169492,2031-07-09 00:00:00.000,2032-07-31 14:38:38.644,388.6101694915254,14.286739546447908,6.958475685532111,7.328263860915796
2463056.5,2463463.5677966103,2031-07-09 00:00:00.000,2032-08-19 01:37:37.627,407.0677966101695,12.59967178238061,5.76385364965184,6.835818132728772
2463056.5,2463482.025423729,2031-07-09 00:00:00.000,2032-09-06 12:36:36.610,425.5254237288136,11.803070569349511,5.203546819971068,6.599523749378443
2463056.5,2463500.4830508474,2031-07-09 00:00:00.000,2032-09-24 23:35:35.593,443.98305084745766,11.34329109207212,4.89434055189431,6.44895054017781
2463056.5,2463518.940677966,2031-07-09 00:00:00.000,2032-10-13 10:34:34.576,462.4406779661017,11.11191295240562,4.759549527583542,6.3523634248220775
2463056.5,2463537.398305085,2031-07-09 00:00:00.000,2032-10-31 21:33:33.559,480.8983050847458,11.080035205979629,4.777678389568147,6.302356816411479
2463056.5,2463555.855932204,2031-07-09 00:00:00.000,2032-11-19 08:32:32.542,499.3559322033899,11.238880425940373,4.939761331522317,6.299119094418054
2463056.5,2463574.313559322,2031-07-09 00:00:00.000,2032-12-07 19:31:31.525,517.8135593220339,11.586803863838034,5.239882039805201,6.346921824032833
2463057.5,2463316.906779661,2031-07-10 00:00:00.000,2032-03-25 09:45:45.763,259.40677966101697,19.673882133621326,10.53811969311564,9.135762440505689
2463057.5,2463335.36440678,2031-07-10 00:00:00.000,2032-04-12 20:44:44.746,277.86440677966107,18.30848928571397,9.59060804256459,8.717881243149382
2463057.5,2463353.8220338984,2031-07-10 00:00:00.000,2032-05-01 07:43:43.729,296.3220338983051,17.096382433563846,8.744310377009374,8.352072056554473
2463057.5,2463372.279661017,2031-07-10 00:00:00.000,2032-05-19 18:42:42.712,314.77966101694915,16.107132917721266,8.042360580297482,8.064772337423786
2463057.5,2463390.737288136,2031-07-10 00:00:00.000,2032-06-07 05:41:41.695,333.23728813559325,15.715179596749,7.729509586149958,7.985670010599042
2463057.5,2463446.110169492,2031-07-10 00:00:00.000,2032-08-01 14:38:38.644,388.6101694915254,14.5061870124574,7.119262830972095,7.386924181485304
2463057.5,2463464.5677966103,2031-07-10 00:00:00.000,2032-08-20 01:37:37.627,407.0677966101695,12.691981176915238,5.837794704669877,6.854186472245361
2463057.5,2463483.025423729,2031-07-10 00:00:00.000,2032-09-07 12:36:36.610,425.5254237288136,11.857820277273545,5.2503364794310015,6.607483797842541
2463057.5,2463501.4830508474,2031-07-10 00:00:00.000,2032-09-25 23:35:35.593,443.98305084745766,11.374891020496952,4.923378176161938,6.451512844335015
2463057.5,2463519.940677966,2031-07-10 00:00:00.000,2032-10-14 10:34:34.576,462.4406779661017,11.123428285434528,4.772499323711306,6.350928961723223
2463057.5,2463538.398305085,2031-07-10 00:00:00.000,2032-11-01 21:33:33.559,480.8983050847458,11.072089211893026,4.774712674466274,6.297376537426752
2463057.5,2463556.855932204,2031-07-10 00:00:00.000,2032-11-20 08:32:32.542,499.3559322033899,11.211761425513709,4.921096001846792,6.290665423666914
2463057.5,2463575.313559322,2031-07-10 00:00:00.000,2032-12-08 19:31:31.525,517.8135593220339,11.54091767464169,5.206078766100024,6.334838908541666
2463058.5,2463317.906779661,2031-07-11 00:00:00.000,2032-03-26 09:45:45.763,259.40677966101697,19.79359297484674,10.619509374476612,9.174083600370126
2463058.5,2463336.36440678,2031-07-11 00:00:00.000,2032-04-13 20:44:44.746,277.86440677966107,18.419319267468133,9.669092671376148,8.750226596091983
2463058.5,2463354.8220338984,2031-07-11 00:00:00.000,2032-05-02 07:43:43.729,296.3220338983051,17.19838627600579,8.819674725097572,8.378711550908218
2463058.5,2463373.279661017,2031-07-11 00:00:00.000,2032-05-20 18:42:42.712,314.77966101694915,16.19641390902428,8.111917704204773,8.084496204819505
2463058.5,2463391.737288136,2031-07-11 00:00:00.000,2032-06-08 05:41:41.695,333.23728813559325,15.75720943865085,7.770517262840512,7.986692175810339
2463058.5,2463410.194915254,2031-07-11 00:00:00.000,2032-06-26 16:40:40.678,351.69491525423734,19.70723337296019,10.280239379165437,9.426993993794753
2463058.5,2463447.110169492,2031-07-11 00:00:00.000,2032-08-02 14:38:38.644,388.6101694915254,14.745540919653212,7.293212120307056,7.452328799346155
2463058.5,2463465.5677966103,2031-07-11 00:00:00.000,2032-08-21 01:37:37.627,407.0677966101695,12.788686122734706,5.914803735509302,6.873882387225403
2463058.5,2463484.025423729,2031-07-11 00:00:00.000,2032-09-08 12:36:36.610,425.5254237288136,11.914962143640478,5.298874130612486,6.616088013027992
2463058.5,2463502.4830508474,2031-07-11 00:00:00.000,2032-09-26 23:35:35.593,443.98305084745766,11.40847766606091,4.953909847695968,6.454567818364942
2463058.5,2463520.940677966,2031-07-11 00:00:00.000,2032-10-15 10:34:34.576,462.4406779661017,11.13683452906557,4.78688075325985,6.349953775805719
2463058.5,2463539.398305085,2031-07-11 00:00:00.000,2032-11-02 21:33:33.559,480.8983050847458,11.065971428933498,4.773109745498621,6.292861683434876
2463058.5,2463557.855932204,2031-07-11 00:00:00.000,2032-11-21 08:32:32.542,499.3559322033899,11.186370859334096,4.903668307018159,6.282702552315938
2463058.5,2463576.313559322,2031-07-11 00:00:00.000,2032-12-09 19:31:31.525,517.8135593220339,11.496630650238998,5.173345079289168,6.323285570949831
2463059.5,2463318.906779661,2031-07-12 00:00:00.000,2032-03-27 09:45:45.763,259.40677966101697,19.91446714831326,10.701990519474045,9.212476628839216
2463059.5,2463337.36440678,2031-07-12 00:00:00.000,2032-04-14 20:44:44.746,277.86440677966107,18.53133838569682,9.748663017985631,8.782675367711189
2463059.5,2463355.8220338984,2031-07-12 00:00:00.000,2032-05-03 07:43:43.729,296.3220338983051,17.301600397793642,8.896111472643824,8.40548892514982
2463059.5,2463374.279661017,2031-07-12 00:00:00.000,2032-05-21 18:42:42.712,314.77966101694915,16.287110619269942,8.182643297052657,8.104467322217285
2463059.5,2463392.737288136,2031-07-12 00:00:00.000,2032-06-09 05:41:41.695,333.23728813559325,15.80390477462271,7.814770764717345,7.989134009905365
2463059.5,2463411.194915254,2031-07-12 00:00:00.000,2032-06-27 16:40:40.678,351.69491525423734,19.11376894666543,9.916602363552173,9.19716658311326
2463059.5,2463448.110169492,2031-07-12 00:00:00.000,2032-08-03 14:38:38.644,388.6101694915254,15.00784734875111,7.482266947473778,7.525580401277332
2463059.5,2463466.5677966103,2031-07-12 00:00:00.000,2032-08-22 01:37:37.627,407.0677966101695,12.890157658005284,5.995145658414844,6.895011999590439
2463059.5,2463485.025423729,2031-07-12 00:00:00.000,2032-09-09 12:36:36.610,425.5254237288136,11.974660323058792,5.349298928325632,6.62536139473316
2463059.5,2463503.4830508474,2031-07-12 00:00:00.000,2032-09-27 23:35:35.593,443.98305084745766,11.444198650809811,4.986072945136634,6.45812570567318
2463059.5,2463521.940677966,2031-07-12 00:00:00.000,2032-10-16 10:34:34.576,462.4406779661017,11.152292754351688,4.802848814525638,6.349443939826049
2463059.5,2463540.398305085,2031-07-12 00:00:00.000,2032-11-03 21:33:33.559,480.8983050847458,11.061859749261956,4.773043102894547,6.288816646367409
2463059.5,2463558.855932204,2031-07-12 00:00:00.000,2032-11-22 08:32:32.542,499.3559322033899,11.162897302404328,4.88766342925699,6.275233873147338
2463059.5,2463577.313559322,2031-07-12 00:00:00.000,2032-12-10 19:31:31.525,517.8135593220339,11.454131911879475,5.141867543951259,6.312264367928217
2463060.5,2463338.36440678,2031-07-13 00:00:00.000,2032-04-15 20:44:44.746,277.86440677966107,18.64452611348617,9.829291349560098,8.815234763926073
2463060.5,2463356.8220338984,2031-07-13 00:00:00.000,2032-05-04 07:43:43.729,296.3220338983051,17.406015276349883,8.973603349322206,8.432411927027676
2463060.5,2463375.279661017,2031-07-13 00:00:00.000,2032-05-22 18:42:42.712,314.77966101694915,16.379216100657935,8.25452614273163,8.124689957926304
2463060.5,2463393.737288136,2031-07-13 00:00:00.000,2032-06-10 05:41:41.695,333.23728813559325,15.85493186146318,7.862050973479638,7.992880887983541
2463060.5,2463412.194915254,2031-07-13 00:00:00.000,2032-06-28 16:40:40.678,351.69491525423734,18.63158718121953,9.622938434210806,9.008648747008726
2463060.5,2463449.110169492,2031-07-13 00:00:00.000,2032-08-04 14:38:38.644,388.6101694915254,15.296742843656324,7.688723999890981,7.608018843765343
2463060.5,2463467.5677966103,2031-07-13 00:00:00.000,2032-08-23 01:37:37.627,407.0677966101695,12.996769634754122,6.079075789012722,6.9176938457414
2463060.5,2463486.025423729,2031-07-13 00:00:00.000,2032-09-10 12:36:36.610,425.5254237288136,12.037049044749736,5.401718884573032,6.635330160176704
2463060.5,2463504.4830508474,2031-07-13 00:00:00.000,2032-09-28 23:35:35.593,443.98305084745766,11.48216795356595,5.019971360449138,6.462196593116812
2463060.5,2463522.940677966,2031-07-13 00:00:00.000,2032-10-17 10:34:34.576,462.4406779661017,11.169931862862551,4.820526731506464,6.349405131356087
2463060.5,2463541.398305085,2031-07-13 00:00:00.000,2032-11-04 21:33:33.559,480.8983050847458,11.059904029195994,4.7746586377106,6.285245391485395
2463060.5,2463559.855932204,2031-07-13 00:00:00.000,2032-11-23 08:32:32.542,499.3559322033899,11.141507115092256,4.873244749096392,6.268262365995864
2463060.5,2463578.313559322,2031-07-13 00:00:00.000,2032-12-11 19:31:31.525,517.8135593220339,11.413594760449596,5.11181728533912,6.301777475110474
2463061.5,2463339.36440678,2031-07-14 00:00:00.000,2032-04-16 20:44:44.746,277.86440677966107,18.758847782699128,9.910936527833575,8.847911254865553
2463061.5,2463357.8220338984,2031-07-14 00:00:00.000,2032-05-05 07:43:43.729,296.3220338983051,17.511605145987204,9.05211757622074,8.45948756976646
2463061.5,2463376.279661017,2031-07-14 00:00:00.000,2032-05-23 18:42:42.712,314.77966101694915,16.472705621790883,8.327537717566512,8.14516790422437
2463061.5,2463394.737288136,2031-07-14 00:00:00.000,2032-06-11 05:41:41.695,333.23728813559325,15.909981486028386,7.91214831277586,7.997833173252526
2463061.5,2463413.194915254,2031-07-14 00:00:00.000,2032-06-29 16:40:40.678,351.69491525423734,18.23820391798146,9.385483323211911,8.852720594769547
2463061.5,2463450.110169492,2031-07-14 00:00:00.000,2032-08-05 14:38:38.644,388.6101694915254,15.61662162771086,7.915337251408723,7.701284376302137
2463061.5,2463468.5677966103,2031-07-14 00:00:00.000,2032-08-24 01:37:37.627,407.0677966101695,13.10891184237374,6.166850905498486,6.942060936875255
2463061.5,2463487.025423729,2031-07-14 00:00:00.000,2032-09-11 12:36:36.610,425.5254237288136,12.102239588968022,5.456217685405146,6.646021903562876
2463061.5,2463505.4830508474,2031-07-14 00:00:00.000,2032-09-29 23:35:35.593,443.98305084745766,11.522470846674592,5.055680456200762,6.46679039047383
2463061.5,2463523.940677966,2031-07-14 00:00:00.000,2032-10-18 10:34:34.576,462.4406779661017,11.189851448028891,4.840008870733622,6.349842577295269
2463061.5,2463542.398305085,2031-07-14 00:00:00.000,2032-11-05 21:33:33.559,480.8983050847458,11.060226744265709,4.778075356801258,6.282151387464449
2463061.5,2463560.855932204,2031-07-14 00:00:00.000,2032-11-24 08:32:32.542,499.3559322033899,11.122343023652617,4.860552506723477,6.261790516929137
2463061.5,2463579.313559322,2031-07-14 00:00:00.000,2032-12-12 19:31:31.525,517.8135593220339,11.37517350298817,5.08334690821457,6.2918265947736005
2463062.5,2463340.36440678,2031-07-15 00:00:00.000,2032-04-17 20:44:44.746,277.86440677966107,18.87426055485752,9.993549929737824,8.880710625119693
2463062.5,2463358.8220338984,2031-07-15 00:00:00.000,2032-05-06 07:43:43.729,296.3220338983051,17.618334312756296,9.131612137064131,8.486722175692167
2463062.5,2463377.279661017,2031-07-15 00:00:00.000,2032-05-24 18:42:42.712,314.77966101694915,16.567543213159148,8.401638719954821,8.165904493204328
2463062.5,2463395.737288136,2031-07-15 00:00:00.000,2032-06-12 05:41:41.695,333.23728813559325,15.96876865379694,7.964864804692268,8.00390384910467
2463062.5,2463414.194915254,2031-07-15 00:00:00.000,2032-06-30 16:40:40.678,351.69491525423734,17.916562470467227,9.193716579035843,8.722845891431382
2463062.5,2463451.110169492,2031-07-15 00:00:00.000,2032-08-06 14:38:38.644,388.6101694915254,15.972850118527802,8.165449210664013,7.80740090786379
2463062.5,2463469.5677966103,2031-07-15 00:00:00.000,2032-08-25 01:37:37.627,407.0677966101695,13.22700294670939,6.258739690619279,6.968263256090111
2463062.5,2463488.025423729,2031-07-15 00:00:00.000,2032-09-12 12:36:36.610,425.5254237288136,12.170326849682418,5.512861025192736,6.657465824489683
2463062.5,2463506.4830508474,2031-07-15 00:00:00.000,2032-09-30 23:35:35.593,443.98305084745766,11.565169233823628,5.093252376058998,6.47191685776463
2463062.5,2463524.940677966,2031-07-15 00:00:00.000,2032-10-19 10:34:34.576,462.4406779661017,11.212125968971602,4.861364922727047,6.350761046244556
2463062.5,2463543.398305085,2031-07-15 00:00:00.000,2032-11-06 21:33:33.559,480.8983050847458,11.062925810093011,4.783388223388005,6.2795375867050085
2463062.5,2463561.855932204,2031-07-15 00:00:00.000,2032-11-25 08:32:32.542,499.3559322033899,11.1055255852694,4.849705294501194,6.255820290768205
2463062.5,2463580.313559322,2031-07-15 00:00:00.000,2032-12-13 19:31:31.525,517.8135593220339,11.3390037327204,5.0565908123243215,6.2824129203960775
2463063.5,2463341.36440678,2031-07-16 00:00:00.000,2032-04-18 20:44:44.746,277.86440677966107,18.99071666100525,10.077078631767884,8.913638029237372
2463063.5,2463359.8220338984,2031-07-16 00:00:00.000,2032-05-07 07:43:43.729,296.3220338983051,17.72616072868495,9.21203930210798,8.51412142657697
2463063.5,2463378.279661017,2031-07-16 00:00:00.000,2032-05-25 18:42:42.712,314.77966101694915,16.663685505186788,8.476782882456375,8.186902622730413
2463063.5,2463396.737288136,2031-07-16 00:00:00.000,2032-06-13 05:41:41.695,333.23728813559325,16.031030975136364,8.02001439292675,8.011016582209614
2463063.5,2463415.194915254,2031-07-16 00:00:00.000,2032-07-01 16:40:40.678,351.69491525423734,17.653534616592545,9.039481112217295,8.614053504375248
2463063.5,2463452.110169492,2031-07-16 00:00:00.000,2032-08-07 14:38:38.644,388.6101694915254,16.372046753899937,8.443160069874832,7.928886684025106
2463063.5,2463470.5677966103,2031-07-16 00:00:00.000,2032-08-26 01:37:37.627,407.0677966101695,13.351503208300098,6.355032449144899,6.9964707591552
2463063.5,2463489.025423729,2031-07-16 00:00:00.000,2032-09-13 12:36:36.610,425.5254237288136,12.241394799648049,5.571701793235515,6.669693006412535
2463063.5,2463507.4830508474,2031-07-16 00:00:00.000,2032-10-01 23:35:35.593,443.98305084745766,11.610306273235604,5.132720616378507,6.477585656857098
2463063.5,2463525.940677966,2031-07-16 00:00:00.000,2032-10-20 10:34:34.576,462.4406779661017,11.23680873492317,4.884643870898438,6.35216486402473
2463063.5,2463544.398305085,2031-07-16 00:00:00.000,2032-11-07 21:33:33.559,480.8983050847458,11.068077750273185,4.790671320016577,6.277406430256607
2463063.5,2463562.855932204,2031-07-16 00:00:00.000,2032-11-26 08:32:32.542,499.3559322033899,11.091155485435449,4.840802355079055,6.250353130356394
2463063.5,2463581.313559322,2031-07-16 00:00:00.000,2032-12-14 19:31:31.525,517.8135593220339,11.305203857442075,5.031666727068026,6.273537130374051
2463064.5,2463342.36440678,2031-07-17 00:00:00.000,2032-04-19 20:44:44.746,277.86440677966107,19.108164664279727,10.161466622824983,8.946698041454743
2463064.5,2463360.8220338984,2031-07-17 00:00:00.000,2032-05-08 07:43:43.729,296.3220338983051,17.835037550629202,9.293347140983524,8.541690409645676
2463064.5,2463379.279661017,2031-07-17 00:00:00.000,2032-05-26 18:42:42.712,314.77966101694915,16.761083545724517,8.552918764149158,8.208164781575361
2463064.5,2463397.737288136,2031-07-17 00:00:00.000,2032-06-14 05:41:41.695,333.23728813559325,16.096526103644738,8.077421979895856,8.019104123748882
2463064.5,2463416.194915254,2031-07-17 00:00:00.000,2032-07-02 16:40:40.678,351.69491525423734,17.43888163308784,8.916369591682376,8.522512041405461
2463064.5,2463453.110169492,2031-07-17 00:00:00.000,2032-08-08 14:38:38.644,388.6101694915254,16.822452674668106,8.753549791746776,8.068902882921332
2463064.5,2463471.5677966103,2031-07-17 00:00:00.000,2032-08-27 01:37:37.627,407.0677966101695,13.482927298511768,6.4560503200606485,7.026876978451121
2463064.5,2463490.025423729,2031-07-17 00:00:00.000,2032-09-14 12:36:36.610,425.5254237288136,12.315520722346523,5.632783985467241,6.682736736879284
2463064.5,2463508.4830508474,2031-07-17 00:00:00.000,2032-10-02 23:35:35.593,443.98305084745766,11.65790994742952,5.174103533857264,6.483806413572257
2463064.5,2463526.940677966,2031-07-17 00:00:00.000,2032-10-21 10:34:34.576,462.4406779661017,11.263935173984544,4.909877236567625,6.354057937416919
2463064.5,2463545.398305085,2031-07-17 00:00:00.000,2032-11-08 21:33:33.559,480.8983050847458,11.07574052317161,4.799980661520412,6.2757598616512
2463064.5,2463563.855932204,2031-07-17 00:00:00.000,2032-11-27 08:32:32.542,499.3559322033899,11.079315852996755,4.833925886938629,6.245389966058126
2463064.5,2463582.313559322,2031-07-17 00:00:00.000,2032-12-15 19:31:31.525,517.8135593220339,11.273876970179412,5.008677576709793,6.265199393469618
2463065.5,2463343.36440678,2031-07-18 00:00:00.000,2032-04-20 20:44:44.746,277.86440677966107,19.226549114801465,10.246654421681512,8.97989469311995
2463065.5,2463361.8220338984,2031-07-18 00:00:00.000,2032-05-09 07:43:43.729,296.3220338983051,17.944913015064174,9.375479362850465,8.569433652213707
2463065.5,2463380.279661017,2031-07-18 00:00:00.000,2032-05-27 18:42:42.712,314.77966101694915,16.85968288419661,8.629989818201008,8.2296930659956
2463065.5,2463398.737288136,2031-07-18 00:00:00.000,2032-06-15 05:41:41.695,333.23728813559325,16.16502824990678,8.136921274973567,8.028106974933213
2463065.5,2463417.194915254,2031-07-18 00:00:00.000,2032-07-03 16:40:40.678,351.69491525423734,17.26452075464136,8.819288433419807,8.445232321221553
2463065.5,2463454.110169492,2031-07-18 00:00:00.000,2032-08-09 14:38:38.644,388.6101694915254,17.334429725195815,9.102974457546704,8.23145526764911
2463065.5,2463472.5677966103,2031-07-18 00:00:00.000,2032-08-28 01:37:37.627,407.0677966101695,13.621857375309194,6.562154013315977,7.0597033619932175
2463065.5,2463491.025423729,2031-07-18 00:00:00.000,2032-09-15 12:36:36.610,425.5254237288136,12.392777865231556,5.696144999405517,6.696632865826037
2463065.5,2463509.4830508474,2031-07-18 00:00:00.000,2032-10-03 23:35:35.593,443.98305084745766,11.707995067082996,5.217406286621004,6.490588780461994
2463065.5,2463527.940677966,2031-07-18 00:00:00.000,2032-10-22 10:34:34.576,462.4406779661017,11.293524730963142,4.937080955700144,6.356443775262999
2463065.5,2463546.398305085,2031-07-18 00:00:00.000,2032-11-09 21:33:33.559,480.8983050847458,11.085955236311252,4.811355898186577,6.274599338124674
2463065.5,2463564.855932204,2031-07-18 00:00:00.000,2032-11-28 08:32:32.542,499.3559322033899,11.070073740939591,4.829142517667399,6.240931223272192
2463065.5,2463583.313559322,2031-07-18 00:00:00.000,2032-12-16 19:31:31.525,517.8135593220339,11.245112165624024,4.987712792610834,6.257399373013192
2463066.5,2463344.36440678,2031-07-19 00:00:00.000,2032-04-21 20:44:44.746,277.86440677966107,19.34580945436648,10.332577956920945,9.013231497445538
2463066.5,2463362.8220338984,2031-07-19 00:00:00.000,2032-05-10 07:43:43.729,296.3220338983051,18.055729433015056,9.4583742892541,8.597355143760955
2463066.5,2463381.279661017,2031-07-19 00:00:00.000,2032-05-28 18:42:42.712,314.77966101694915,16.959422655989563,8.707933470639771,8.25148918534979
2463066.5,2463399.737288136,2031-07-19 00:00:00.000,2032-06-16 05:41:41.695,333.23728813559325,16.236324234419023,8.19835197308395,8.037972261335073
2463066.5,2463418.194915254,2031-07-19 00:00:00.000,2032-07-04 16:40:40.678,351.69491525423734,17.12399840363065,8.744142465731445,8.379855937899205
2463066.5,2463455.110169492,2031-07-19 00:00:00.000,2032-08-10 14:38:38.644,388.6101694915254,17.921139357981616,9.499468394406076,8.421670963575542
2463066.5,2463473.5677966103,2031-07-19 00:00:00.000,2032-08-29 01:37:37.627,407.0677966101695,13.768957130383434,6.673752607634005,7.095204522749429
2463066.5,2463492.025423729,2031-07-19 00:00:00.000,2032-09-16 12:36:36.610,425.5254237288136,12.473236580448852,5.761816376013695,6.711420204435159
2463066.5,2463510.4830508474,2031-07-19 00:00:00.000,2032-10-04 23:35:35.593,443.98305084745766,11.76056354577766,5.26262105019488,6.49794249558278
2463066.5,2463528.940677966,2031-07-19 00:00:00.000,2032-10-23 10:34:34.576,462.4406779661017,11.325581007510504,4.966255506350816,6.359325501159687
2463066.5,2463547.398305085,2031-07-19 00:00:00.000,2032-11-10 21:33:33.559,480.8983050847458,11.098746144615331,4.824820311786102,6.27392583282923
2463066.5,2463565.855932204,2031-07-19 00:00:00.000,2032-11-29 08:32:32.542,499.3559322033899,11.063479975120035,4.826503154202159,6.236976820917877
2463066.5,2463584.313559322,2031-07-19 00:00:00.000,2032-12-17 19:31:31.525,517.8135593220339,11.218984345513814,4.968848123387609,6.250136222126205
2463067.5,2463345.36440678,2031-07-20 00:00:00.000,2032-04-22 20:44:44.746,277.86440677966107,19.46587945255147,10.419167983440577,9.046711469110893
2463067.5,2463363.8220338984,2031-07-20 00:00:00.000,2032-05-11 07:43:43.729,296.3220338983051,18.1674225907128,9.541964238496393,8.625458352216407
2463067.5,2463382.279661017,2031-07-20 00:00:00.000,2032-05-29 18:42:42.712,314.77966101694915,17.060234935394107,8.786680472842098,8.273554462552006
2463067.5,2463400.737288136,2031-07-20 00:00:00.000,2032-06-17 05:41:41.695,333.23728813559325,16.31021015484672,8.261557374666811,8.04865278017991
2463067.5,2463419.194915254,2031-07-20 00:00:00.000,2032-07-05 16:40:40.678,351.69491525423734,17.012106537902348,8.68760374840202,8.324502789500327
2463067.5,2463456.110169492,2031-07-20 00:00:00.000,2032-08-11 14:38:38.644,388.6101694915254,18.599481854464475,9.953298935970816,8.64618291849366
2463067.5,2463474.5677966103,2031-07-20 00:00:00.000,2032-08-30 01:37:37.627,407.0677966101695,13.924988482502824,6.791313849615625,7.133674632887197
2463067.5,2463493.025423729,2031-07-20 00:00:00.000,2032-09-17 12:36:36.610,425.5254237288136,12.556964969560012,5.8298239925005495,6.727140977059463
2463067.5,2463511.4830508474,2031-07-20 00:00:00.000,2032-10-05 23:35:35.593,443.98305084745766,11.815603799257117,5.30972635811031,6.505877441146807
2463067.5,2463529.940677966,2031-07-20 00:00:00.000,2032-10-24 10:34:34.576,462.4406779661017,11.36009080652182,4.9973849460113975,6.362705860510424
2463067.5,2463548.398305085,2031-07-20 00:00:00.000,2032-11-11 21:33:33.559,480.8983050847458,11.114119365331812,4.840379535029356,6.273739830302455
2463067.5,2463566.855932204,2031-07-20 00:00:00.000,2032-11-30 08:32:32.542,499.3559322033899,11.059567550998814,4.826041388273668,6.233526162725146
2463067.5,2463585.313559322,2031-07-20 00:00:00.000,2032-12-18 19:31:31.525,517.8135593220339,11.195552435142226,4.952143863755065,6.243408571387159
2463068.5,2463346.36440678,2031-07-21 00:00:00.000,2032-04-23 20:44:44.746,277.86440677966107,19.5866878653666,10.506350716230626,9.08033714913597
2463068.5,2463364.8220338984,2031-07-21 00:00:00.000,2032-05-12 07:43:43.729,296.3220338983051,18.27992233032436,9.626176085595247,8.653746244729112
2463068.5,2463383.279661017,2031-07-21 00:00:00.000,2032-05-30 18:42:42.712,314.77966101694915,17.16204520791166,8.866155368503456,8.295889839408202
2463068.5,2463401.737288136,2031-07-21 00:00:00.000,2032-06-18 05:41:41.695,333.23728813559325,16.386489479706277,8.326383280908159,8.060106198798117
2463068.5,2463420.194915254,2031-07-21 00:00:00.000,2032-07-06 16:40:40.678,351.69491525423734,16.924600123963824,8.646940487931856,8.277659636031968
2463068.5,2463457.110169492,2031-07-21 00:00:00.000,2032-08-12 14:38:38.644,388.6101694915254,19.391413619909045,10.477743012512216,8.913670607396828
2463068.5,2463475.5677966103,2031-07-21 00:00:00.000,2032-08-31 01:37:37.627,407.0677966101695,14.090832845241174,6.915377575260537,7.175455269980636
2463068.5,2463494.025423729,2031-07-21 00:00:00.000,2032-09-18 12:36:36.610,425.5254237288136,12.644030354555833,5.90018900814759,6.743841346408242
2463068.5,2463512.4830508474,2031-07-21 00:00:00.000,2032-10-06 23:35:35.593,443.98305084745766,11.873090633792517,5.358686921719055,6.514403712073461
2463068.5,2463530.940677966,2031-07-21 00:00:00.000,2032-10-25 10:34:34.576,462.4406779661017,11.397023461427027,5.030436230457983,6.366587230969044
2463068.5,2463549.398305085,2031-07-21 00:00:00.000,2032-11-12 21:33:33.559,480.8983050847458,11.132061654313256,4.858020330268632,6.274041324044624
2463068.5,2463567.855932204,2031-07-21 00:00:00.000,2032-12-01 08:32:32.542,499.3559322033899,11.05834983063115,4.82777170049816,6.230578130132989
2463068.5,2463586.313559322,2031-07-21 00:00:00.000,2032-12-19 19:31:31.525,517.8135593220339,11.17485711863614,4.937642600832657,6.237214517803484
2463069.5,2463347.36440678,2031-07-22 00:00:00.000,2032-04-24 20:44:44.746,277.86440677966107,19.708159799063463,10.594049158877995,9.114110640185466
2463069.5,2463365.8220338984,2031-07-22 00:00:00.000,2032-05-13 07:43:43.729,296.3220338983051,18.393153881959822,9.71093256348668,8.682221318473143
2463069.5,2463384.279661017,2031-07-22 00:00:00.000,2032-05-31 18:42:42.712,314.77966101694915,17.26477363470496,8.946277741918312,8.318495892786645
2463069.5,2463402.737288136,2031-07-22 00:00:00.000,2032-06-19 05:41:41.695,333.23728813559325,16.4649722976702,8.39267791199236,8.07229438567784
2463069.5,2463421.194915254,2031-07-22 00:00:00.000,2032-07-07 16:40:40.678,351.69491525423734,16.857986817434593,8.619889187581379,8.238097629853215
2463069.5,2463476.5677966103,2031-07-22 00:00:00.000,2032-09-01 01:37:37.627,407.0677966101695,14.267518146818787,7.046573039976806,7.22094510684198
2463069.5,2463495.025423729,2031-07-22 00:00:00.000,2032-09-19 12:36:36.610,425.5254237288136,12.73450201351739,5.972929981579727,6.761572031937663
2463069.5,2463513.4830508474,2031-07-22 00:00:00.000,2032-10-07 23:35:35.593,443.98305084745766,11.932986232825517,5.409454530299352,6.523531702526163
2463069.5,2463531.940677966,2031-07-22 00:00:00.000,2032-10-26 10:34:34.576,462.4406779661017,11.436331256835864,5.065359613298988,6.370971643536877
2463069.5,2463550.398305085,2031-07-22 00:00:00.000,2032-11-13 21:33:33.559,480.8983050847458,11.152540235992449,4.877710412450067,6.274829823542379
2463069.5,2463568.855932204,2031-07-22 00:00:00.000,2032-12-02 08:32:32.542,499.3559322033899,11.059819686315336,4.831688601956457,6.228131084358879
2463069.5,2463587.313559322,2031-07-22 00:00:00.000,2032-12-20 19:31:31.525,517.8135593220339,11.156919343229864,4.925367720243597,6.231551622986267
2463070.5,2463348.36440678,2031-07-23 00:00:00.000,2032-04-25 20:44:44.746,277.86440677966107,19.83021770038484,10.68218405091503,9.148033649469808
2463070.5,2463366.8220338984,2031-07-23 00:00:00.000,2032-05-14 07:43:43.729,296.3220338983051,18.5070388768495,9.79615323776593,8.710885639083568
2463070.5,2463385.279661017,2031-07-23 00:00:00.000,2032-06-01 18:42:42.712,314.77966101694915,17.368336065241714,9.026963205693194,8.341372859548517
2463070.5,2463403.737288136,2031-07-23 00:00:00.000,2032-06-20 05:41:41.695,333.23728813559325,16.545474689618203,8.460291837636394,8.085182851981811
2463070.5,2463422.194915254,2031-07-23 00:00:00.000,2032-07-08 16:40:40.678,351.69491525423734,16.809368221071214,8.604557644172246,8.204810576898968
2463070.5,2463477.5677966103,2031-07-23 00:00:00.000,2032-09-02 01:37:37.627,407.0677966101695,14.45625204097496,7.18564009647055,7.2706119445044095
2463070.5,2463496.025423729,2031-07-23 00:00:00.000,2032-09-20 12:36:36.610,425.5254237288136,12.828454442466036,6.0480654064040245,6.780389036062012
2463070.5,2463514.4830508474,2031-07-23 00:00:00.000,2032-10-08 23:35:35.593,443.98305084745766,11.995241577594824,5.461969366586347,6.5332722110084775
2463070.5,2463532.940677966,2031-07-23 00:00:00.000,2032-10-27 10:34:34.576,462.4406779661017,11.47795043075072,5.102089616738597,6.375860814012124
2463070.5,2463551.398305085,2031-07-23 00:00:00.000,2032-11-14 21:33:33.559,480.8983050847458,11.175503373353752,4.899399002865444,6.276104370488308
2463070.5,2463569.855932204,2031-07-23 00:00:00.000,2032-12-03 08:32:32.542,499.3559322033899,11.063949498539706,4.837766620999726,6.226182877539981
2463070.5,2463588.313559322,2031-07-23 00:00:00.000,2032-12-21 19:31:31.525,517.8135593220339,11.141739722473162,4.915322801846684,6.226416920626477
2463071.5,2463349.36440678,2031-07-24 00:00:00.000,2032-04-26 20:44:44.746,277.86440677966107,19.952781542310504,10.770674008154035,9.182107534156469
2463071.5,2463367.8220338984,2031-07-24 00:00:00.000,2032-05-15 07:43:43.729,296.3220338983051,18.62149554064323,9.881754659098862,8.739740881544371
2463071.5,2463386.279661017,2031-07-24 00:00:00.000,2032-06-02 18:42:42.712,314.77966101694915,17.472644231041023,9.10812356626445,8.364520664776572
2463071.5,2463404.737288136,2031-07-24 00:00:00.000,2032-06-21 05:41:41.695,333.23728813559325,16.627817556282658,8.529077275623907,8.09874028065875
2463071.5,2463423.194915254,2031-07-24 00:00:00.000,2032-07-09 16:40:40.678,351.69491525423734,16.776318221589086,8.599350011674659,8.176968209914426
2463071.5,2463478.5677966103,2031-07-24 00:00:00.000,2032-09-03 01:37:37.627,407.0677966101695,14.658462141873631,7.333454401883802,7.325007739989828
2463071.5,2463497.025423729,2031-07-24 00:00:00.000,2032-09-21 12:36:36.610,425.5254237288136,12.9259702009857,6.125615709755035,6.8003544912306655
2463071.5,2463515.4830508474,2031-07-24 00:00:00.000,2032-10-09 23:35:35.593,443.98305084745766,12.059797221642768,5.516160661718237,6.54363655992453
2463071.5,2463533.940677966,2031-07-24 00:00:00.000,2032-10-28 10:34:34.576,462.4406779661017,11.521801626172936,5.140545446690458,6.381256179482478
2463071.5,2463552.398305085,2031-07-24 00:00:00.000,2032-11-15 21:33:33.559,480.8983050847458,11.200880542897146,4.923016984193783,6.277863558703364
2463071.5,2463570.855932204,2031-07-24 00:00:00.000,2032-12-04 08:32:32.542,499.3559322033899,11.070690920846308,4.845960053543068,6.224730867303238
2463071.5,2463589.313559322,2031-07-24 00:00:00.000,2032-12-22 19:31:31.525,517.8135593220339,11.129297841005767,4.90749091353166,6.221806927474107
2463072.5,2463368.8220338984,2031-07-25 00:00:00.000,2032-05-16 07:43:43.729,296.3220338983051,18.73643862366122,9.967650250323432,8.768788373337786
2463072.5,2463387.279661017,2031-07-25 00:00:00.000,2032-06-03 18:42:42.712,314.77966101694915,17.577605596242236,9.18966664394025,8.387938952301988
2463072.5,2463405.737288136,2031-07-25 00:00:00.000,2032-06-22 05:41:41.695,333.23728813559325,16.71182523274291,8.598887105583978,8.112938127158934
2463072.5,2463424.194915254,2031-07-25 00:00:00.000,2032-07-10 16:40:40.678,351.69491525423734,16.756788762655688,8.602908303668475,8.153880458987214
2463072.5,2463479.5677966103,2031-07-25 00:00:00.000,2032-09-04 01:37:37.627,407.0677966101695,14.875845569144833,7.491058070767497,7.384787498377336
2463072.5,2463498.025423729,2031-07-25 00:00:00.000,2032-09-22 12:36:36.610,425.5254237288136,13.027142281039326,6.20560463288977,6.821537648149556
2463072.5,2463516.4830508474,2031-07-25 00:00:00.000,2032-10-10 23:35:35.593,443.98305084745766,12.126583118453052,5.571946389877306,6.554636728575745
2463072.5,2463534.940677966,2031-07-25 00:00:00.000,2032-10-29 10:34:34.576,462.4406779661017,11.567789304064371,5.180630366854294,6.387158937210078
2463072.5,2463553.398305085,2031-07-25 00:00:00.000,2032-11-16 21:33:33.559,480.8983050847458,11.228581549402008,4.948475994695474,6.280105554706536
2463072.5,2463571.855932204,2031-07-25 00:00:00.000,2032-12-05 08:32:32.542,499.3559322033899,11.079973590684144,4.856201659292056,6.223771931392089
2463072.5,2463590.313559322,2031-07-25 00:00:00.000,2032-12-23 19:31:31.525,517.8135593220339,11.11955051501228,4.9018328609056905,6.21771765410659
2463073.5,2463369.8220338984,2031-07-26 00:00:00.000,2032-05-17 07:43:43.729,296.3220338983051,18.85178004315981,10.053750896289069,8.798029146870736
2463073.5,2463388.279661017,2031-07-26 00:00:00.000,2032-06-04 18:42:42.712,314.77966101694915,17.683123816351795,9.271496692453557,8.41162712389824
2463073.5,2463406.737288136,2031-07-26 00:00:00.000,2032-06-23 05:41:41.695,333.23728813559325,16.797324753473855,8.669574467396778,8.127750286077077
2463073.5,2463425.194915254,2031-07-26 00:00:00.000,2032-07-11 16:40:40.678,351.69491525423734,16.749036748754204,8.614066873806648,8.134969874947556
2463073.5,2463480.5677966103,2031-07-26 00:00:00.000,2032-09-05 01:37:37.627,407.0677966101695,15.110431566726678,7.659698365199874,7.450733201526805
2463073.5,2463499.025423729,2031-07-26 00:00:00.000,2032-09-23 12:36:36.610,425.5254237288136,13.13207682186009,6.288060783720466,6.844016038139625
2463073.5,2463517.4830508474,2031-07-26 00:00:00.000,2032-10-11 23:35:35.593,443.98305084745766,12.195518154442649,5.629232648410157,6.566285506032492
2463073.5,2463535.940677966,2031-07-26 00:00:00.000,2032-10-30 10:34:34.576,462.4406779661017,11.615800633888844,5.2222305435141285,6.393570090374715
2463073.5,2463554.398305085,2031-07-26 00:00:00.000,2032-11-17 21:33:33.559,480.8983050847458,11.258494935822984,4.975666812830943,6.28282812299204
2463073.5,2463572.855932204,2031-07-26 00:00:00.000,2032-12-06 08:32:32.542,499.3559322033899,11.091702960928728,4.868400474759399,6.223302486169329
2463073.5,2463591.313559322,2031-07-26 00:00:00.000,2032-12-24 19:31:31.525,517.8135593220339,11.112428992504851,4.8982843733889725,6.21414461911588
2463074.5,2463370.8220338984,2031-07-27 00:00:00.000,2032-05-18 07:43:43.729,296.3220338983051,18.96743090421458,10.139966892187903,8.827464012026677
2463074.5,2463389.279661017,2031-07-27 00:00:00.000,2032-06-05 18:42:42.712,314.77966101694915,17.789100495988894,9.353516098232012,8.435584397756882
2463074.5,2463407.737288136,2031-07-27 00:00:00.000,2032-06-24 05:41:41.695,333.23728813559325,16.884146445831632,8.740993620650293,8.143152825181339
2463074.5,2463426.194915254,2031-07-27 00:00:00.000,2032-07-12 16:40:40.678,351.69491525423734,16.75156766564284,8.63181749595218,8.119750169690658
2463074.5,2463481.5677966103,2031-07-27 00:00:00.000,2032-09-06 01:37:37.627,407.0677966101695,15.364661902940004,7.840877543269955,7.523784359670047
2463074.5,2463500.025423729,2031-07-27 00:00:00.000,2032-09-24 12:36:36.610,425.5254237288136,13.240897061496783,6.373020206758135,6.86787685473865
2463074.5,2463518.4830508474,2031-07-27 00:00:00.000,2032-10-12 23:35:35.593,443.98305084745766,12.266510201933592,5.68791352597049,6.578596675963103
2463074.5,2463536.940677966,2031-07-27 00:00:00.000,2032-10-31 10:34:34.576,462.4406779661017,11.66570465431869,5.265214143816963,6.400490510501727
2463074.5,2463555.398305085,2031-07-27 00:00:00.000,2032-11-18 21:33:33.559,480.8983050847458,11.290486433992442,5.004457768442167,6.286028665550274
2463074.5,2463573.855932204,2031-07-27 00:00:00.000,2032-12-07 08:32:32.542,499.3559322033899,11.105757921244372,4.882439402740853,6.223318518503518
2463074.5,2463592.313559322,2031-07-27 00:00:00.000,2032-12-25 19:31:31.525,517.8135593220339,11.10783565664081,4.896752780347145,6.211082876293665
2463075.5,2463371.8220338984,2031-07-28 00:00:00.000,2032-05-19 07:43:43.729,296.3220338983051,19.083305522776968,10.226211861776116,8.857093661000853
2463075.5,2463390.279661017,2031-07-28 00:00:00.000,2032-06-06 18:42:42.712,314.77966101694915,17.895438894599344,9.435628996243745,8.459809898355601
2463075.5,2463408.737288136,2031-07-28 00:00:00.000,2032-06-25 05:41:41.695,333.23728813559325,16.972126509701404,8.813002718265434,8.159123791435968
2463075.5,2463427.194915254,2031-07-28 00:00:00.000,2032-07-13 16:40:40.678,351.69491525423734,16.763092912683145,8.655283514892767,8.107809397790378
2463075.5,2463482.5677966103,2031-07-28 00:00:00.000,2032-09-07 01:37:37.627,407.0677966101695,15.64149486929067,8.036417526272126,7.605077343018543
2463075.5,2463501.025423729,2031-07-28 00:00:00.000,2032-09-25 12:36:36.610,425.5254237288136,13.353749189754293,6.46053057962926,6.893218610125032
2463075.5,2463519.4830508474,2031-07-28 00:00:00.000,2032-10-13 23:35:35.593,443.98305084745766,12.339457283873417,5.747872035560499,6.591585248312917
2463075.5,2463537.940677966,2031-07-28 00:00:00.000,2032-11-01 10:34:34.576,462.4406779661017,11.717352294777587,5.3094312657221625,6.407921029055425
2463075.5,2463556.398305085,2031-07-28 00:00:00.000,2032-11-19 21:33:33.559,480.8983050847458,11.324398026179814,5.034693738189811,6.289704287990003
2463075.5,2463574.855932204,2031-07-28 00:00:00.000,2032-12-08 08:32:32.542,499.3559322033899,11.121988734590634,4.898173091004543,6.223815643586091
2463076.5,2463372.8220338984,2031-07-29 00:00:00.000,2032-05-20 07:43:43.729,296.3220338983051,19.19932882585518,10.31241000523483,8.88691882062035
2463076.5,2463391.279661017,2031-07-29 00:00:00.000,2032-06-07 18:42:42.712,314.77966101694915,18.002051000497275,9.517748207748724,8.484302792748553
2463076.5,2463409.737288136,2031-07-29 00:00:00.000,2032-06-26 05:41:41.695,333.23728813559325,17.061113028539047,8.885469931240863,8.175643097298185
2463076.5,2463428.194915254,2031-07-29 00:00:00.000,2032-07-14 16:40:40.678,351.69491525423734,16.782499578823874,8.683702880019418,8.098796698804454
2463076.5,2463483.5677966103,2031-07-29 00:00:00.000,2032-09-08 01:37:37.627,407.0677966101695,15.944541002756583,8.248544552005848,7.695996450750735
2463076.5,2463502.025423729,2031-07-29 00:00:00.000,2032-09-26 12:36:36.610,425.5254237288136,13.470811319216873,6.550658184851031,6.920153134365841
2463076.5,2463520.4830508474,2031-07-29 00:00:00.000,2032-10-14 23:35:35.593,443.98305084745766,12.414251017649512,5.808983261046427,6.605267756603086
2463076.5,2463538.940677966,2031-07-29 00:00:00.000,2032-11-02 10:34:34.576,462.4406779661017,11.770578418895209,5.35471584400055,6.415862574894659
2463076.5,2463557.398305085,2031-07-29 00:00:00.000,2032-11-20 21:33:33.559,480.8983050847458,11.360048721303578,5.0661968119739615,6.293851909329616
2463076.5,2463575.855932204,2031-07-29 00:00:00.000,2032-12-09 08:32:32.542,499.3559322033899,11.1402162854492,4.915427079089728,6.224789206359472
2463077.5,2463373.8220338984,2031-07-30 00:00:00.000,2032-05-21 07:43:43.729,296.3220338983051,19.31544890078245,10.398508430934635,8.91694046984781
2463077.5,2463392.279661017,2031-07-30 00:00:00.000,2032-06-08 18:42:42.712,314.77966101694915,18.108869906517853,9.599807415254444,8.50906249126341
2463077.5,2463410.737288136,2031-07-30 00:00:00.000,2032-06-27 05:41:41.695,333.23728813559325,17.150977477754253,8.958284977979197,8.192692499775058
2463077.5,2463429.194915254,2031-07-30 00:00:00.000,2032-07-15 16:40:40.678,351.69491525423734,16.808832774997406,8.716420969751058,8.09241180524635
2463077.5,2463484.5677966103,2031-07-30 00:00:00.000,2032-09-09 01:37:37.627,407.0677966101695,16.278242034936447,8.480001230588895,7.798240804347554
2463077.5,2463503.025423729,2031-07-30 00:00:00.000,2032-09-27 12:36:36.610,425.5254237288136,13.59230795306621,6.643499953985643,6.948807999080567
2463077.5,2463521.4830508474,2031-07-30 00:00:00.000,2032-10-15 23:35:35.593,443.98305084745766,12.49078491400136,5.871122269634204,6.619662644367156
2463077.5,2463539.940677966,2031-07-30 00:00:00.000,2032-11-03 10:34:34.576,462.4406779661017,11.825208657688467,5.400892277390543,6.424316380297926
2463077.5,2463558.398305085,2031-07-30 00:00:00.000,2032-11-21 21:33:33.559,480.8983050847458,11.397239908953186,5.09877146930093,6.298468439652257
2463077.5,2463576.855932204,2031-07-30 00:00:00.000,2032-12-10 08:32:32.542,499.3559322033899,11.16023549998042,4.934001047676553,6.226234452303866
2463078.5,2463374.8220338984,2031-07-31 00:00:00.000,2032-05-22 07:43:43.729,296.3220338983051,19.43165459933468,10.484494469258731,8.947160130075945
2463078.5,2463393.279661017,2031-07-31 00:00:00.000,2032-06-09 18:42:42.712,314.77966101694915,18.215867712203035,9.681778789956718,8.534088922246317
2463078.5,2463411.737288136,2031-07-31 00:00:00.000,2032-06-28 05:41:41.695,333.23728813559325,17.241632267953754,9.031376588413211,8.210255679540543
2463078.5,2463430.194915254,2031-07-31 00:00:00.000,2032-07-16 16:40:40.678,351.69491525423734,16.84128984955365,8.752893125147267,8.088396724406383
2463078.5,2463448.6525423727,2031-07-31 00:00:00.000,2032-08-04 03:39:39.661,370.1525423728814,19.784333502522244,10.645252228908785,9.13908127361346
2463078.5,2463485.5677966103,2031-07-31 00:00:00.000,2032-09-10 01:37:37.627,407.0677966101695,16.64810776600229,8.734195012370316,7.913912753631973
2463078.5,2463504.025423729,2031-07-31 00:00:00.000,2032-09-28 12:36:36.610,425.5254237288136,13.71853223862352,6.739202786648533,6.979329451974986
2463078.5,2463522.4830508474,2031-07-31 00:00:00.000,2032-10-16 23:35:35.593,443.98305084745766,12.568970424856476,5.934179665386557,6.634790759469921
2463078.5,2463540.940677966,2031-07-31 00:00:00.000,2032-11-04 10:34:34.576,462.4406779661017,11.88107456120768,5.447790285656849,6.433284275550832
2463078.5,2463559.398305085,2031-07-31 00:00:00.000,2032-11-22 21:33:33.559,480.8983050847458,11.435769386927284,5.132218338258423,6.3035510486688615
2463078.5,2463577.855932204,2031-07-31 00:00:00.000,2032-12-11 08:32:32.542,499.3559322033899,11.181827518040627,4.953680724601292,6.228146793439335
2463079.5,2463375.8220338984,2031-08-01 00:00:00.000,2032-05-23 07:43:43.729,296.3220338983051,19.54799375721174,10.570413553922606,8.977580203289133
2463079.5,2463394.279661017,2031-08-01 00:00:00.000,2032-06-10 18:42:42.712,314.77966101694915,18.32307483997384,9.76369197958623,8.55938286038761
2463079.5,2463412.737288136,2031-08-01 00:00:00.000,2032-06-29 05:41:41.695,333.23728813559325,17.33305058470024,9.104732183092224,8.228318401608016
2463079.5,2463431.194915254,2031-08-01 00:00:00.000,2032-07-17 16:40:40.678,351.69491525423734,16.879222123228594,8.792692991233512,8.086529131995082
2463079.5,2463449.6525423727,2031-08-01 00:00:00.000,2032-08-05 03:39:39.661,370.1525423728814,19.329817375878967,10.369567170706832,8.960250205172136
2463079.5,2463486.5677966103,2031-08-01 00:00:00.000,2032-09-11 01:37:37.627,407.0677966101695,17.061028182129355,9.015392396054263,8.045635786075088
2463079.5,2463505.025423729,2031-08-01 00:00:00.000,2032-09-29 12:36:36.610,425.5254237288136,13.849875283332466,6.837989348104994,7.011885935227472
2463079.5,2463523.4830508474,2031-08-01 00:00:00.000,2032-10-17 23:35:35.593,443.98305084745766,12.648760744349213,5.998084795798502,6.650675948550711
2463079.5,2463541.940677966,2031-08-01 00:00:00.000,2032-11-05 10:34:34.576,462.4406779661017,11.93803803329374,5.495268966283719,6.44276906701002
2463079.5,2463560.398305085,2031-08-01 00:00:00.000,2032-11-23 21:33:33.559,480.8983050847458,11.47545607707842,5.166358553015394,6.309097524063025
2463079.5,2463578.855932204,2031-08-01 00:00:00.000,2032-12-12 08:32:32.542,499.3559322033899,11.204783750672732,4.974261578906927,6.230522171765806
2463080.5,2463376.8220338984,2031-08-02 00:00:00.000,2032-05-24 07:43:43.729,296.3220338983051,19.664583544882355,10.656379258138244,9.008204286744109
2463080.5,2463395.279661017,2031-08-02 00:00:00.000,2032-06-11 18:42:42.712,314.77966101694915,18.430592316006624,9.845646073096384,8.584946242910238
2463080.5,2463413.737288136,2031-08-02 00:00:00.000,2032-06-30 05:41:41.695,333.23728813559325,17.425280198846522,9.178411502415418,8.246868696431106
2463080.5,2463432.194915254,2031-08-02 00:00:00.000,2032-07-18 16:40:40.678,351.69491525423734,16.9221353258395,8.835518241026083,8.086617084813414
2463080.5,2463450.6525423727,2031-08-02 00:00:00.000,2032-08-06 03:39:39.661,370.1525423728814,18.95642981644982,10.14501329393635,8.81141652251347
2463080.5,2463487.5677966103,2031-08-02 00:00:00.000,2032-09-12 01:37:37.627,407.0677966101695,17.52568262898505,9.328969308805965,8.196713320179084
2463080.5,2463506.025423729,2031-08-02 00:00:00.000,2032-09-30 12:36:36.610,425.5254237288136,13.986856838550436,6.940184601779204,7.046672236771233
2463080.5,2463524.4830508474,2031-08-02 00:00:00.000,2032-10-18 23:35:35.593,443.98305084745766,12.730176765480184,6.062831067289396,6.667345698190788
2463080.5,2463542.940677966,2031-08-02 00:00:00.000,2032-11-06 10:34:34.576,462.4406779661017,11.996020109671155,5.543245162960131,6.452774946711024
2463080.5,2463561.398305085,2031-08-02 00:00:00.000,2032-11-24 21:33:33.559,480.8983050847458,11.516171452892223,5.201064782402144,6.315106670490081
2463080.5,2463579.855932204,2031-08-02 00:00:00.000,2032-12-13 08:32:32.542,499.3559322033899,11.228939109221598,4.99558163619832,6.233357473023277
2463081.5,2463377.8220338984,2031-08-03 00:00:00.000,2032-05-25 07:43:43.729,296.3220338983051,19.78160472131937,10.742567359368875,9.039037361950491
2463081.5,2463396.279661017,2031-08-03 00:00:00.000,2032-06-12 18:42:42.712,314.77966101694915,18.53858832228465,9.927805947281662,8.610782375002987
2463081.5,2463414.737288136,2031-08-03 00:00:00.000,2032-07-01 05:41:41.695,333.23728813559325,17.518442156023426,9.252545190323984,8.26589696569944
2463081.5,2463433.194915254,2031-08-03 00:00:00.000,2032-07-19 16:40:40.678,351.69491525423734,16.969678756690534,8.881184057153405,8.08849469953713
2463081.5,2463451.6525423727,2031-08-03 00:00:00.000,2032-08-07 03:39:39.661,370.1525423728814,18.649440017800597,9.962490816345849,8.686949201454745
2463081.5,2463488.5677966103,2031-08-03 00:00:00.000,2032-09-13 01:37:37.627,407.0677966101695,18.053079101806148,9.681734227438197,8.371344874367951
2463081.5,2463507.025423729,2031-08-03 00:00:00.000,2032-10-01 12:36:36.610,425.5254237288136,14.13014845558856,7.046234135599345,7.083914319989215
2463081.5,2463525.4830508474,2031-08-03 00:00:00.000,2032-10-19 23:35:35.593,443.98305084745766,12.81332507021743,6.128493340344758,6.684831729872672
2463081.5,2463543.940677966,2031-08-03 00:00:00.000,2032-11-07 10:34:34.576,462.4406779661017,12.055023573113797,5.591715736102376,6.4633078370114205
2463081.5,2463562.398305085,2031-08-03 00:00:00.000,2032-11-25 21:33:33.559,480.8983050847458,11.557867197205372,5.236288545348962,6.321578651856411
2463081.5,2463580.855932204,2031-08-03 00:00:00.000,2032-12-14 08:32:32.542,499.3559322033899,11.254204379418944,5.017553487447709,6.236650891971234
2463082.5,2463378.8220338984,2031-08-04 00:00:00.000,2032-05-26 07:43:43.729,296.3220338983051,19.899277657072,10.82919188604282,9.070085771029175
2463082.5,2463397.279661017,2031-08-04 00:00:00.000,2032-06-13 18:42:42.712,314.77966101694915,18.647276046112005,10.010380109974516,8.636895936137487
2463082.5,2463415.737288136,2031-08-04 00:00:00.000,2032-07-02 05:41:41.695,333.23728813559325,17.612710510031125,9.327314588744834,8.285395921286291
2463082.5,2463434.194915254,2031-08-04 00:00:00.000,2032-07-20 16:40:40.678,351.69491525423734,17.021617874330353,8.929599378674288,8.092018495656067
2463082.5,2463452.6525423727,2031-08-04 00:00:00.000,2032-08-08 03:39:39.661,370.1525423728814,18.39736977818341,9.814894304342722,8.582475473840686
2463082.5,2463489.5677966103,2031-08-04 00:00:00.000,2032-09-14 01:37:37.627,407.0677966101695,18.657279324091554,10.082355409819668,8.574923914271887
2463082.5,2463508.025423729,2031-08-04 00:00:00.000,2032-10-02 12:36:36.610,425.5254237288136,14.280582351628096,7.15670742065707,7.123874930971026
2463082.5,2463526.4830508474,2031-08-04 00:00:00.000,2032-10-20 23:35:35.593,443.98305084745766,12.898398683462576,6.195228227676485,6.703170455786093
2463082.5,2463544.940677966,2031-08-04 00:00:00.000,2032-11-08 10:34:34.576,462.4406779661017,12.115138534828803,5.640762968859907,6.474375565968897
2463082.5,2463563.398305085,2031-08-04 00:00:00.000,2032-11-26 21:33:33.559,480.8983050847458,11.600586889879375,5.272071722997552,6.328515166881823
2463082.5,2463581.855932204,2031-08-04 00:00:00.000,2032-12-15 08:32:32.542,499.3559322033899,11.280584517338788,5.040182383614208,6.240402133724579
2463083.5,2463398.279661017,2031-08-05 00:00:00.000,2032-06-14 18:42:42.712,314.77966101694915,18.75687882070789,10.09358606146445,8.663292759243436
2463083.5,2463416.737288136,2031-08-05 00:00:00.000,2032-07-03 05:41:41.695,333.23728813559325,17.708278203293872,9.40291788423464,8.305360319059234
2463083.5,2463435.194915254,2031-08-05 00:00:00.000,2032-07-21 16:40:40.678,351.69491525423734,17.077793769313864,8.980729583089362,8.0970641862245
2463083.5,2463453.6525423727,2031-08-05 00:00:00.000,2032-08-09 03:39:39.661,370.1525423728814,18.19118752863273,9.696623987382914,8.494563541249818
2463083.5,2463490.5677966103,2031-08-05 00:00:00.000,2032-09-15 01:37:37.627,407.0677966101695,19.356401448508564,10.541947766050455,8.814453682458108
2463083.5,2463509.025423729,2031-08-05 00:00:00.000,2032-10-03 12:36:36.610,425.5254237288136,14.439146600976454,7.2722863944030145,7.16686020657344
2463083.5,2463527.4830508474,2031-08-05 00:00:00.000,2032-10-21 23:35:35.593,443.98305084745766,12.985658365497065,6.263255109506066,6.722403255990998
2463083.5,2463545.940677966,2031-08-05 00:00:00.000,2032-11-09 10:34:34.576,462.4406779661017,12.17652664694516,5.690538831569757,6.4859878153754025
2463083.5,2463564.398305085,2031-08-05 00:00:00.000,2032-11-27 21:33:33.559,480.8983050847458,11.644455219362284,5.30853582855277,6.335919390809515
2463083.5,2463582.855932204,2031-08-05 00:00:00.000,2032-12-16 08:32:32.542,499.3559322033899,11.30817414376524,5.063561767500451,6.24461237626479
2463084.5,2463399.279661017,2031-08-06 00:00:00.000,2032-06-15 18:42:42.712,314.77966101694915,18.86759499527797,10.17761555824097,8.689979437037003
2463084.5,2463417.737288136,2031-08-06 00:00:00.000,2032-07-04 05:41:41.695,333.23728813559325,17.805321143036018,9.479534615185976,8.325786527850042
2463084.5,2463436.194915254,2031-08-06 00:00:00.000,2032-07-22 16:40:40.678,351.69491525423734,17.138080414314434,9.034556605869769,8.103523808444665
2463084.5,2463454.6525423727,2031-08-06 00:00:00.000,2032-08-10 03:39:39.661,370.1525423728814,18.02370795110317,9.603214488474649,8.420493462628523
2463084.5,2463510.025423729,2031-08-06 00:00:00.000,2032-10-04 12:36:36.610,425.5254237288136,14.606975563909078,7.393747887522174,7.213227676386904
2463084.5,2463528.4830508474,2031-08-06 00:00:00.000,2032-10-22 23:35:35.593,443.98305084745766,13.075401420635606,6.332824798292333,6.742576622343273
2463084.5,2463546.940677966,2031-08-06 00:00:00.000,2032-11-10 10:34:34.576,462.4406779661017,12.239389490315606,5.7412336252803735,6.498155865035232
2463084.5,2463565.398305085,2031-08-06 00:00:00.000,2032-11-28 21:33:33.559,480.8983050847458,11.689648442733631,5.345852744646666,6.343795698086964
2463084.5,2463583.855932204,2031-08-06 00:00:00.000,2032-12-17 08:32:32.542,499.3559322033899,11.337131727256445,5.087847724875612,6.249284002380832
2463085.5,2463400.279661017,2031-08-07 00:00:00.000,2032-06-16 18:42:42.712,314.77966101694915,18.979574521821668,10.26261165377904,8.716962868042629
2463085.5,2463418.737288136,2031-08-07 00:00:00.000,2032-07-05 05:41:41.695,333.23728813559325,17.903972799459666,9.557300765447366,8.3466720340123
2463085.5,2463437.194915254,2031-08-07 00:00:00.000,2032-07-23 16:40:40.678,351.69491525423734,17.20235181444122,9.091048635684391,8.111303178756827
2463085.5,2463455.6525423727,2031-08-07 00:00:00.000,2032-08-11 03:39:39.661,370.1525423728814,17.8891451469642,9.53105560238284,8.358089544581361
2463085.5,2463511.025423729,2031-08-07 00:00:00.000,2032-10-05 12:36:36.610,425.5254237288136,14.78534833722281,7.521952115120307,7.263396222102504
2463085.5,2463529.4830508474,2031-08-07 00:00:00.000,2032-10-23 23:35:35.593,443.98305084745766,13.167930361890903,6.404188076928145,6.763742284962758
2463085.5,2463547.940677966,2031-08-07 00:00:00.000,2032-11-11 10:34:34.576,462.4406779661017,12.303933525642956,5.793041296414146,6.510892229228811
2463085.5,2463566.398305085,2031-08-07 00:00:00.000,2032-11-29 21:33:33.559,480.8983050847458,11.736358042829034,5.3842087856391565,6.352149257189877
2463085.5,2463584.855932204,2031-08-07 00:00:00.000,2032-12-18 08:32:32.542,499.3559322033899,11.367643408843668,5.1132232190549765,6.254420189788691
2463086.5,2463401.279661017,2031-08-08 00:00:00.000,2032-06-17 18:42:42.712,314.77966101694915,19.092912436212742,10.348662578269938,8.744249857942808
2463086.5,2463419.737288136,2031-08-08 00:00:00.000,2032-07-06 05:41:41.695,333.23728813559325,18.004315327284253,9.636300335977005,8.368014991307248
2463086.5,2463438.194915254,2031-08-08 00:00:00.000,2032-07-24 16:40:40.678,351.69491525423734,17.270465679568588,9.150145980119664,8.120319699448926
2463086.5,2463456.6525423727,2031-08-08 00:00:00.000,2032-08-12 03:39:39.661,370.1525423728814,17.78278436897214,9.477188082884918,8.305596286087223
2463086.5,2463512.025423729,2031-08-08 00:00:00.000,2032-10-06 12:36:36.610,425.5254237288136,14.975705377570662,7.657846676701141,7.317858700869523
2463086.5,2463530.4830508474,2031-08-08 00:00:00.000,2032-10-24 23:35:35.593,443.98305084745766,13.263532062494848,6.477574606791369,6.785957455703479
2463086.5,2463548.940677966,2031-08-08 00:00:00.000,2032-11-12 10:34:34.576,462.4406779661017,12.370343605992607,5.846133301007315,6.524210304985294
2463086.5,2463567.398305085,2031-08-08 00:00:00.000,2032-11-30 21:33:33.559,480.8983050847458,11.784760641377543,5.423775023480867,6.360985617896679
2463086.5,2463585.855932204,2031-08-08 00:00:00.000,2032-12-19 08:32:32.542,499.3559322033899,11.399890198057877,5.139865715906448,6.260024482151426
2463087.5,2463402.279661017,2031-08-09 00:00:00.000,2032-06-18 18:42:42.712,314.77966101694915,19.207656135008477,10.43580928971511,8.771846845293364
2463087.5,2463420.737288136,2031-08-09 00:00:00.000,2032-07-07 05:41:41.695,333.23728813559325,18.1063849063654,9.716571020292466,8.389813886072933
2463087.5,2463439.194915254,2031-08-09 00:00:00.000,2032-07-25 16:40:40.678,351.69491525423734,17.342262173116026,9.21176164135924,8.130500531756784
2463087.5,2463457.6525423727,2031-08-09 00:00:00.000,2032-08-13 03:39:39.661,370.1525423728814,17.700743724849488,9.439158116404371,8.261585608445115
2463087.5,2463513.025423729,2031-08-09 00:00:00.000,2032-10-07 12:36:36.610,425.5254237288136,15.179687014436102,7.802488941380422,7.37719807305568
2463087.5,2463531.4830508474,2031-08-09 00:00:00.000,2032-10-25 23:35:35.593,443.98305084745766,13.362471182892731,6.553185894829855,6.809285288062877
2463087.5,2463549.940677966,2031-08-09 00:00:00.000,2032-11-13 10:34:34.576,462.4406779661017,12.43877056871171,5.900646448157026,6.538124120554683
2463087.5,2463568.398305085,2031-08-09 00:00:00.000,2032-12-01 21:33:33.559,480.8983050847458,11.835001436867104,5.464691052870306,6.370310383996796
2463087.5,2463586.855932204,2031-08-09 00:00:00.000,2032-12-20 08:32:32.542,499.3559322033899,11.434027506257063,5.167927066908178,6.266100439348884
2463088.5,2463403.279661017,2031-08-10 00:00:00.000,2032-06-19 18:42:42.712,314.77966101694915,19.32381879779061,10.52405903904546,8.79975975874515
2463088.5,2463421.737288136,2031-08-10 00:00:00.000,2032-07-08 05:41:41.695,333.23728813559325,18.210184020247738,9.798116690382267,8.412067329865469
2463088.5,2463440.194915254,2031-08-10 00:00:00.000,2032-07-26 16:40:40.678,351.69491525423734,17.417570972272657,9.275789861370702,8.141781110901954
2463088.5,2463458.6525423727,2031-08-10 00:00:00.000,2032-08-14 03:39:39.661,370.1525423728814,17.63980049182843,9.414913663317105,8.224886828511329
2463088.5,2463514.025423729,2031-08-10 00:00:00.000,2032-10-08 12:36:36.610,425.5254237288136,15.399192326692468,7.957084267172221,7.442108059520246
2463088.5,2463532.4830508474,2031-08-10 00:00:00.000,2032-10-26 23:35:35.593,443.98305084745766,13.46499482179196,6.631199226225935,6.833795595566025
2463088.5,2463550.940677966,2031-08-10 00:00:00.000,2032-11-14 10:34:34.576,462.4406779661017,12.509330956226853,5.956682742101105,6.552648214125748
2463088.5,2463569.398305085,2031-08-10 00:00:00.000,2032-12-02 21:33:33.559,480.8983050847458,11.887190598105589,5.507061591407831,6.380129006697756
2463088.5,2463587.855932204,2031-08-10 00:00:00.000,2032-12-21 08:32:32.542,499.3559322033899,11.470178050964734,5.197526643381838,6.272651407582894
2463089.5,2463404.279661017,2031-08-11 00:00:00.000,2032-06-20 18:42:42.712,314.77966101694915,19.44139209982624,10.613398128794527,8.827993971031713
2463089.5,2463422.737288136,2031-08-11 00:00:00.000,2032-07-09 05:41:41.695,333.23728813559325,18.315693725912205,9.880919775541429,8.43477395037078
2463089.5,2463441.194915254,2031-08-11 00:00:00.000,2032-07-27 16:40:40.678,351.69491525423734,17.496219674865618,9.342115728744716,8.154103946120902
2463089.5,2463459.6525423727,2031-08-11 00:00:00.000,2032-08-15 03:39:39.661,370.1525423728814,17.597261358842573,9.402728033649936,8.194533325192639
2463089.5,2463515.025423729,2031-08-11 00:00:00.000,2032-10-09 12:36:36.610,425.5254237288136,15.636456034841917,8.12303637334763,7.513419661494287
2463089.5,2463533.4830508474,2031-08-11 00:00:00.000,2032-10-27 23:35:35.593,443.98305084745766,13.571342507576912,6.711776678656758,6.859565828920156
2463089.5,2463551.940677966,2031-08-11 00:00:00.000,2032-11-15 10:34:34.576,462.4406779661017,12.582113101993496,6.014315477295889,6.567797624697606
2463089.5,2463570.398305085,2031-08-11 00:00:00.000,2032-12-03 21:33:33.559,480.8983050847458,11.941407316643794,5.550960632974324,6.39044668366947
2463089.5,2463588.855932204,2031-08-11 00:00:00.000,2032-12-22 08:32:32.542,499.3559322033899,11.508433594017584,5.228753196618227,6.27968039739936
2463090.5,2463405.279661017,2031-08-12 00:00:00.000,2032-06-21 18:42:42.712,314.77966101694915,19.56035511776584,10.703800812154489,8.856554305611352
2463090.5,2463423.737288136,2031-08-12 00:00:00.000,2032-07-10 05:41:41.695,333.23728813559325,18.422882514218177,9.964950174000768,8.45793234021741
2463090.5,2463442.194915254,2031-08-12 00:00:00.000,2032-07-28 16:40:40.678,351.69491525423734,17.578039807412225,9.410622166624774,8.16741764078745
2463090.5,2463460.6525423727,2031-08-12 00:00:00.000,2032-08-16 03:39:39.661,370.1525423728814,17.570862270858804,9.401140710129912,8.169721560728892
2463090.5,2463516.025423729,2031-08-12 00:00:00.000,2032-10-10 12:36:36.610,425.5254237288136,15.894144189387928,8.302008822840644,7.592135366547284
2463090.5,2463534.4830508474,2031-08-12 00:00:00.000,2032-10-28 23:35:35.593,443.98305084745766,13.681756980957749,6.795074677091162,6.886682303866585
2463090.5,2463552.940677966,2031-08-12 00:00:00.000,2032-11-16 10:34:34.576,462.4406779661017,12.657184512735368,6.073596553975308,6.58358795876006
2463090.5,2463571.398305085,2031-08-12 00:00:00.000,2032-12-04 21:33:33.559,480.8983050847458,11.997706187542242,5.596437860220401,6.4012683273218425
2463090.5,2463589.855932204,2031-08-12 00:00:00.000,2032-12-23 08:32:32.542,499.3559322033899,11.548860116600938,5.261670082743279,6.287190033857659
2463091.5,2463406.279661017,2031-08-13 00:00:00.000,2032-06-22 18:42:42.712,314.77966101694915,19.68067949879666,10.795234435359191,8.885445063437468
2463091.5,2463424.737288136,2031-08-13 00:00:00.000,2032-07-11 05:41:41.695,333.23728813559325,18.531711581720103,10.050170549029367,8.481541032690737
2463091.5,2463443.194915254,2031-08-13 00:00:00.000,2032-07-29 16:40:40.678,351.69491525423734,17.662869900254034,9.481193821751766,8.181676078502267
2463091.5,2463461.6525423727,2031-08-13 00:00:00.000,2032-08-17 03:39:39.661,370.1525423728814,17.558689266230424,9.4089099448265,8.149779321403921
2463091.5,2463517.025423729,2031-08-13 00:00:00.000,2032-10-11 12:36:36.610,425.5254237288136,16.1754738509191,8.496000264900083,7.679473586019018
2463091.5,2463535.4830508474,2031-08-13 00:00:00.000,2032-10-29 23:35:35.593,443.98305084745766,13.7964939908745,6.881252302593629,6.915241688280869
2463091.5,2463553.940677966,2031-08-13 00:00:00.000,2032-11-17 10:34:34.576,462.4406779661017,12.734598163760031,6.134562661541681,6.600035502218352
2463091.5,2463572.398305085,2031-08-13 00:00:00.000,2032-12-05 21:33:33.559,480.8983050847458,12.056123074520103,5.643524505016574,6.412598569503532
2463091.5,2463590.855932204,2031-08-13 00:00:00.000,2032-12-24 08:32:32.542,499.3559322033899,11.591503189978608,5.296320644811526,6.295182545167082
2463092.5,2463407.279661017,2031-08-14 00:00:00.000,2032-06-23 18:42:42.712,314.77966101694915,19.802331896733293,10.887661845446027,8.914670051287263
2463092.5,2463425.737288136,2031-08-14 00:00:00.000,2032-07-12 05:41:41.695,333.23728813559325,18.64213740805237,10.136538922268832,8.505598485783542
2463092.5,2463444.194915254,2031-08-14 00:00:00.000,2032-07-30 16:40:40.678,351.69491525423734,17.750556311482,9.5537185763717,8.196837735110298
2463092.5,2463462.6525423727,2031-08-14 00:00:00.000,2032-08-18 03:39:39.661,370.1525423728814,17.55911503921081,9.424974143488102,8.134140895722709
2463092.5,2463518.025423729,2031-08-14 00:00:00.000,2032-10-12 12:36:36.610,425.5254237288136,16.484365782008073,8.707438887412563,7.776926894595509
2463092.5,2463536.4830508474,2031-08-14 00:00:00.000,2032-10-30 23:35:35.593,443.98305084745766,13.915830991309896,6.970478211323361,6.945352779986534
2463092.5,2463554.940677966,2031-08-14 00:00:00.000,2032-11-18 10:34:34.576,462.4406779661017,12.814397183776082,6.197239824617429,6.617157359158653
2463092.5,2463573.398305085,2031-08-14 00:00:00.000,2032-12-06 21:33:33.559,480.8983050847458,12.11667962786566,5.69223784673996,6.424441781125702
2463092.5,2463591.855932204,2031-08-14 00:00:00.000,2032-12-25 08:32:32.542,499.3559322033899,11.636392398493292,5.332732631391162,6.303659767102131
2463093.5,2463408.279661017,2031-08-15 00:00:00.000,2032-06-24 18:42:42.712,314.77966101694915,19.92527424958525,10.98104164887043,8.944232600714821
2463093.5,2463426.737288136,2031-08-15 00:00:00.000,2032-07-13 05:41:41.695,333.23728813559325,18.754112172669792,10.224009109841756,8.530103062828035
2463093.5,2463445.194915254,2031-08-15 00:00:00.000,2032-07-31 16:40:40.678,351.69491525423734,17.84095221511006,9.628087129439328,8.212865085670733
2463093.5,2463463.6525423727,2031-08-15 00:00:00.000,2032-08-19 03:39:39.661,370.1525423728814,17.570747313147418,9.44841979911928,8.12232751402814
2463093.5,2463519.025423729,2031-08-15 00:00:00.000,2032-10-13 12:36:36.610,425.5254237288136,16.82564281967804,8.939303711690215,7.886339107987827
2463093.5,2463537.4830508474,2031-08-15 00:00:00.000,2032-10-31 23:35:35.593,443.98305084745766,14.040074833295764,7.06293620720597,6.977138626089796
2463093.5,2463555.940677966,2031-08-15 00:00:00.000,2032-11-19 10:34:34.576,462.4406779661017,12.89661772939487,6.261646122949776,6.634971606445094
2463093.5,2463574.398305085,2031-08-15 00:00:00.000,2032-12-07 21:33:33.559,480.8983050847458,12.17938609818332,5.742584005657829,6.436802092525491
2463094.5,2463427.737288136,2031-08-16 00:00:00.000,2032-07-14 05:41:41.695,333.23728813559325,18.8675823446368,10.312529342718308,8.555053001918491
2463094.5,2463446.194915254,2031-08-16 00:00:00.000,2032-08-01 16:40:40.678,351.69491525423734,17.933914968605315,9.704190886759308,8.229724081846008
2463094.5,2463464.6525423727,2031-08-16 00:00:00.000,2032-08-20 03:39:39.661,370.1525423728814,17.59238599949733,9.478454191507646,8.113931807989683
2463094.5,2463520.025423729,2031-08-16 00:00:00.000,2032-10-14 12:36:36.610,425.5254237288136,17.20529187190553,9.19528349683988,8.010008375065647
2463094.5,2463538.4830508474,2031-08-16 00:00:00.000,2032-11-01 23:35:35.593,443.98305084745766,14.1695685150873,7.158829460903982,7.010739054183316
2463094.5,2463556.940677966,2031-08-16 00:00:00.000,2032-11-20 10:34:34.576,462.4406779661017,12.981289766262949,6.327792309120119,6.6534974571428265
2463094.5,2463575.398305085,2031-08-16 00:00:00.000,2032-12-08 21:33:33.559,480.8983050847458,12.244242009095007,5.794558604931543,6.449683404163464
2463095.5,2463428.737288136,2031-08-17 00:00:00.000,2032-07-15 05:41:41.695,333.23728813559325,18.982486282919385,10.402039910174418,8.580446372744968
2463095.5,2463447.194915254,2031-08-17 00:00:00.000,2032-08-02 16:40:40.678,351.69491525423734,18.02930257145257,9.781918887322986,8.247383684129584
2463095.5,2463465.6525423727,2031-08-17 00:00:00.000,2032-08-21 03:39:39.661,370.1525423728814,17.622987366923173,9.514381999751242,8.108605367171931
2463095.5,2463521.025423729,2031-08-17 00:00:00.000,2032-10-15 12:36:36.610,425.5254237288136,17.63081588361537,9.479989239484436,8.150826644130934
2463095.5,2463539.4830508474,2031-08-17 00:00:00.000,2032-11-02 23:35:35.593,443.98305084745766,14.304697654713642,7.258383941337515,7.046313713376128
2463095.5,2463557.940677966,2031-08-17 00:00:00.000,2032-11-21 10:34:34.576,462.4406779661017,13.06843600235148,6.39568057011063,6.672755432240851
2463095.5,2463576.398305085,2031-08-17 00:00:00.000,2032-12-09 21:33:33.559,480.8983050847458,12.31123475039862,5.84814536727302,6.463089383125598
2463096.5,2463429.737288136,2031-08-18 00:00:00.000,2032-07-16 05:41:41.695,333.23728813559325,19.09875214613555,10.492471118568105,8.606281027567446
2463096.5,2463448.194915254,2031-08-18 00:00:00.000,2032-08-03 16:40:40.678,351.69491525423734,18.126970445948164,9.861155001849104,8.26581544409906
2463096.5,2463466.6525423727,2031-08-18 00:00:00.000,2032-08-22 03:39:39.661,370.1525423728814,17.66163459202184,9.555585884823511,8.106048707198331
2463096.5,2463485.110169492,2031-08-18 00:00:00.000,2032-09-09 14:38:38.644,388.6101694915254,19.68100920246634,10.862028744764745,8.818980457701596
2463096.5,2463522.025423729,2031-08-18 00:00:00.000,2032-10-16 12:36:36.610,425.5254237288136,18.111714473272187,9.79924381842416,8.312470654848026
2463096.5,2463540.4830508474,2031-08-18 00:00:00.000,2032-11-03 23:35:35.593,443.98305084745766,14.445898167931157,7.361852407411837,7.084045760519319
2463096.5,2463558.940677966,2031-08-18 00:00:00.000,2032-11-22 10:34:34.576,462.4406779661017,13.158070066895323,6.465302517289728,6.6927675496055965
2463096.5,2463577.398305085,2031-08-18 00:00:00.000,2032-12-10 21:33:33.559,480.8983050847458,12.380337077238789,5.903313627602184,6.477023449636604
2463097.5,2463430.737288136,2031-08-19 00:00:00.000,2032-07-17 05:41:41.695,333.23728813559325,19.2162970626826,10.583742505210775,8.632554557471819
2463097.5,2463449.194915254,2031-08-19 00:00:00.000,2032-08-04 16:40:40.678,351.69491525423734,18.22676951460742,9.941776375806274,8.284993138801147
2463097.5,2463467.6525423727,2031-08-19 00:00:00.000,2032-08-23 03:39:39.661,370.1525423728814,17.7075143596073,9.601511222071036,8.106003137536263
2463097.5,2463486.110169492,2031-08-19 00:00:00.000,2032-09-10 14:38:38.644,388.6101694915254,19.34532653173087,10.662090092713822,8.683236439017046
2463097.5,2463523.025423729,2031-08-19 00:00:00.000,2032-10-17 12:36:36.610,425.5254237288136,18.66014970658467,10.160482801960846,8.499666904623824
2463097.5,2463541.4830508474,2031-08-19 00:00:00.000,2032-11-04 23:35:35.593,443.98305084745766,14.59366678038769,7.469520410534171,7.124146369853519
2463097.5,2463559.940677966,2031-08-19 00:00:00.000,2032-11-23 10:34:34.576,462.4406779661017,13.250195238940703,6.536637692933108,6.713557546007596
2463097.5,2463578.398305085,2031-08-19 00:00:00.000,2032-12-11 21:33:33.559,480.8983050847458,12.451504865378324,5.960016101183812,6.4914887641945125
2463098.5,2463431.737288136,2031-08-20 00:00:00.000,2032-07-18 05:41:41.695,333.23728813559325,19.33502759944112,10.675763336550247,8.65926426289087
2463098.5,2463450.194915254,2031-08-20 00:00:00.000,2032-08-05 16:40:40.678,351.69491525423734,18.32854567812501,10.02365321892214,8.30489245920287
2463098.5,2463468.6525423727,2031-08-20 00:00:00.000,2032-08-24 03:39:39.661,370.1525423728814,17.759898710827812,9.651654571543716,8.108244139284096
2463098.5,2463487.110169492,2031-08-20 00:00:00.000,2032-09-11 14:38:38.644,388.6101694915254,19.07353223724252,10.502844782104322,8.570687455138199
2463098.5,2463524.025423729,2031-08-20 00:00:00.000,2032-10-18 12:36:36.610,425.5254237288136,19.291880361278107,10.573316055160952,8.718564306117155
2463098.5,2463542.4830508474,2031-08-20 00:00:00.000,2032-11-05 23:35:35.593,443.98305084745766,14.748575369971904,7.581715078888122,7.166860291083782
2463098.5,2463560.940677966,2031-08-20 00:00:00.000,2032-11-24 10:34:34.576,462.4406779661017,13.34480433859083,6.609653190378367,6.735151148212464
2463098.5,2463579.398305085,2031-08-20 00:00:00.000,2032-12-12 21:33:33.559,480.8983050847458,12.52467587018857,6.01818764451495,6.506488225673621
2463099.5,2463432.737288136,2031-08-21 00:00:00.000,2032-07-19 05:41:41.695,333.23728813559325,19.454840991997216,10.768433849957216,8.686407142039997
2463099.5,2463451.194915254,2031-08-21 00:00:00.000,2032-08-06 16:40:40.678,351.69491525423734,18.432140188479565,10.10664943791206,8.325490750567507
2463099.5,2463469.6525423727,2031-08-21 00:00:00.000,2032-08-25 03:39:39.661,370.1525423728814,17.818130934911455,9.705554985372396,8.112575949539059
2463099.5,2463488.110169492,2031-08-21 00:00:00.000,2032-09-12 14:38:38.644,388.6101694915254,18.854614850034157,10.377374817755676,8.477240032278477
2463099.5,2463543.4830508474,2031-08-21 00:00:00.000,2032-11-06 23:35:35.593,443.98305084745766,14.911289540537876,7.698816801763098,7.212472738774778
2463099.5,2463561.940677966,2031-08-21 00:00:00.000,2032-11-25 10:34:34.576,462.4406779661017,13.441880562512878,6.684304157677419,6.757576404835459
2463099.5,2463580.398305085,2031-08-21 00:00:00.000,2032-12-13 21:33:33.559,480.8983050847458,12.599769357524297,6.077744871712851,6.522024485811443
2463100.5,2463433.737288136,2031-08-22 00:00:00.000,2032-07-20 05:41:41.695,333.23728813559325,19.575626801023887,10.86164690299542,8.713979898028466
2463100.5,2463452.194915254,2031-08-22 00:00:00.000,2032-08-07 16:40:40.678,351.69491525423734,18.53739055663185,10.190623756106884,8.346766800524962
2463100.5,2463470.6525423727,2031-08-22 00:00:00.000,2032-08-26 03:39:39.661,370.1525423728814,17.88161453401503,9.76278741972175,8.118827114293278
2463100.5,2463489.110169492,2031-08-22 00:00:00.000,2032-09-13 14:38:38.644,388.6101694915254,18.67977436480525,10.280112087173404,8.399662277631847
2463100.5,2463544.4830508474,2031-08-22 00:00:00.000,2032-11-07 23:35:35.593,443.98305084745766,15.08259200117855,7.821274022951926,7.261317978226624
2463100.5,2463562.940677966,2031-08-22 00:00:00.000,2032-11-26 10:34:34.576,462.4406779661017,13.541398891034582,6.760534802896008,6.780864088138575
2463100.5,2463581.398305085,2031-08-22 00:00:00.000,2032-12-14 21:33:33.559,480.8983050847458,12.676686214400853,6.138586232666542,6.53809998173431
2463101.5,2463434.737288136,2031-08-23 00:00:00.000,2032-07-21 05:41:41.695,333.23728813559325,19.697269177328234,10.955290210638047,8.741978966690185
2463101.5,2463453.194915254,2031-08-23 00:00:00.000,2032-08-08 16:40:40.678,351.69491525423734,18.64413213556193,10.275431462870587,8.368700672691341
2463101.5,2463471.6525423727,2031-08-23 00:00:00.000,2032-08-27 03:39:39.661,370.1525423728814,17.949804878327882,9.822958052879148,8.126846825448734
2463101.5,2463490.110169492,2031-08-23 00:00:00.000,2032-09-14 14:38:38.644,388.6101694915254,18.54191034824388,10.20653180615694,8.335378542086943
2463101.5,2463545.4830508474,2031-08-23 00:00:00.000,2032-11-08 23:35:35.593,443.98305084745766,15.2634121044756,7.9496220125465555,7.313790091929043
2463101.5,2463563.940677966,2031-08-23 00:00:00.000,2032-11-27 10:34:34.576,462.4406779661017,13.643328146620794,6.838279969228191,6.805048177392603
2463101.5,2463582.398305085,2031-08-23 00:00:00.000,2032-12-15 21:33:33.559,480.8983050847458,12.755309552047136,6.20059256328849,6.554716988758647
2463102.5,2463435.737288136,2031-08-24 00:00:00.000,2032-07-22 05:41:41.695,333.23728813559325,19.81965010889037,11.049249539200446,8.77040056968993
2463102.5,2463454.194915254,2031-08-24 00:00:00.000,2032-08-09 16:40:40.678,351.69491525423734,18.752200735430392,10.36092714830478,8.39127358712561
2463102.5,2463472.6525423727,2031-08-24 00:00:00.000,2032-08-28 03:39:39.661,370.1525423728814,18.022203507614737,9.88570160680114,8.136501900813597
2463102.5,2463491.110169492,2031-08-24 00:00:00.000,2032-09-15 14:38:38.644,388.6101694915254,18.435242735174533,10.152924646630044,8.282318088544487
2463102.5,2463546.4830508474,2031-08-24 00:00:00.000,2032-11-09 23:35:35.593,443.98305084745766,15.454863611332172,8.084507035076438,7.370356576255734
2463102.5,2463564.940677966,2031-08-24 00:00:00.000,2032-11-28 10:34:34.576,462.4406779661017,13.747634134181888,6.917467693558426,6.830166440623462
2463102.5,2463583.398305085,2031-08-24 00:00:00.000,2032-12-16 21:33:33.559,480.8983050847458,12.835506190918178,6.263628492386128,6.571877698532051
2463103.5,2463436.737288136,2031-08-25 00:00:00.000,2032-07-23 05:41:41.695,333.23728813559325,19.942653927916083,11.143413129428714,8.799240798487372
2463103.5,2463455.194915254,2031-08-25 00:00:00.000,2032-08-10 16:40:40.678,351.69491525423734,18.86143655492817,10.446968704281597,8.414467850646574
2463103.5,2463473.6525423727,2031-08-25 00:00:00.000,2032-08-29 03:39:39.661,370.1525423728814,18.09835507581353,9.950680777715933,8.147674298097597
2463103.5,2463492.110169492,2031-08-25 00:00:00.000,2032-09-16 14:38:38.644,388.6101694915254,18.35502867594365,10.116226296815029,8.238802379128625
2463103.5,2463547.4830508474,2031-08-25 00:00:00.000,2032-11-10 23:35:35.593,443.98305084745766,15.65829321514963,8.226717571087313,7.431575644062316
2463103.5,2463565.940677966,2031-08-25 00:00:00.000,2032-11-29 10:34:34.576,462.4406779661017,13.8542842372626,6.998023101203406,6.856261136059192
2463103.5,2463584.398305085,2031-08-25 00:00:00.000,2032-12-17 21:33:33.559,480.8983050847458,12.91712938843881,6.327545059077637,6.589584329361172
2463104.5,2463456.194915254,2031-08-26 00:00:00.000,2032-08-11 16:40:40.678,351.69491525423734,18.971689897045916,10.533423056128314,8.438266840917597
2463104.5,2463474.6525423727,2031-08-26 00:00:00.000,2032-08-30 03:39:39.661,370.1525423728814,18.177847185107023,10.01758810751348,8.160259077593548
2463104.5,2463493.110169492,2031-08-26 00:00:00.000,2032-09-17 14:38:38.644,388.6101694915254,18.297350189090466,10.09388989484582,8.203460294244644
2463104.5,2463548.4830508474,2031-08-26 00:00:00.000,2032-11-11 23:35:35.593,443.98305084745766,15.87534314966893,8.377224728376335,7.498118421292595
2463104.5,2463566.940677966,2031-08-26 00:00:00.000,2032-11-30 10:34:34.576,462.4406779661017,13.963253889224438,7.079874030752735,6.883379858471703
2463104.5,2463585.398305085,2031-08-26 00:00:00.000,2032-12-18 21:33:33.559,480.8983050847458,13.00002321350918,6.392183936966838,6.607839276542343
2463105.5,2463457.194915254,2031-08-27 00:00:00.000,2032-08-12 16:40:40.678,351.69491525423734,19.08282967010685,10.620174619854533,8.462655050252323
2463105.5,2463475.6525423727,2031-08-27 00:00:00.000,2032-08-31 03:39:39.661,370.1525423728814,18.26031394468001,10.086151196662351,8.174162748017665
2463105.5,2463494.110169492,2031-08-27 00:00:00.000,2032-09-18 14:38:38.644,388.6101694915254,18.258955456185817,10.083791679683156,8.17516377650266
2463105.5,2463549.4830508474,2031-08-27 00:00:00.000,2032-11-12 23:35:35.593,443.98305084745766,16.10803279877754,8.537235133649565,7.570797665127976
2463105.5,2463567.940677966,2031-08-27 00:00:00.000,2032-12-01 10:34:34.576,462.4406779661017,14.074535966223412,7.162959405364624,6.911576560858788
2463105.5,2463586.398305085,2031-08-27 00:00:00.000,2032-12-19 21:33:33.559,480.8983050847458,13.084029641855055,6.45738432902471,6.6266453128303455
2463106.5,2463458.194915254,2031-08-28 00:00:00.000,2032-08-13 16:40:40.678,351.69491525423734,19.194755611317788,10.707137415578025,8.487618195739765
2463106.5,2463476.6525423727,2031-08-28 00:00:00.000,2032-09-01 03:39:39.661,370.1525423728814,18.34544413305748,10.156142187389582,8.189301945667896
2463106.5,2463495.110169492,2031-08-28 00:00:00.000,2032-09-19 14:38:38.644,388.6101694915254,18.237141855058063,10.0841632826426,8.152978572415465
2463106.5,2463550.4830508474,2031-08-28 00:00:00.000,2032-11-13 23:35:35.593,443.98305084745766,16.358866129124166,8.708260874772208,7.650605254351958
2463106.5,2463568.940677966,2031-08-28 00:00:00.000,2032-12-02 10:34:34.576,462.4406779661017,14.188154757720294,7.247241970789205,6.94091278693109
2463106.5,2463587.398305085,2031-08-28 00:00:00.000,2032-12-20 21:33:33.559,480.8983050847458,13.169000208304286,6.522994357245771,6.646005851058515
2463107.5,2463459.194915254,2031-08-29 00:00:00.000,2032-08-14 16:40:40.678,351.69491525423734,19.307413376613475,10.79426998323192,8.513143393381554
2463107.5,2463477.6525423727,2031-08-29 00:00:00.000,2032-09-02 03:39:39.661,370.1525423728814,18.432993185301957,10.227390783664084,8.20560240163787
2463107.5,2463496.110169492,2031-08-29 00:00:00.000,2032-09-20 14:38:38.644,388.6101694915254,18.22967093065276,10.093544681171284,8.136126249481478
2463107.5,2463551.4830508474,2031-08-29 00:00:00.000,2032-11-14 23:35:35.593,443.98305084745766,16.630972949937416,8.892211357796443,7.738761592140972
2463107.5,2463569.940677966,2031-08-29 00:00:00.000,2032-12-03 10:34:34.576,462.4406779661017,14.304185314026508,7.33272616653096,6.971459147495548
2463107.5,2463588.398305085,2031-08-29 00:00:00.000,2032-12-21 21:33:33.559,480.8983050847458,13.254813362345327,6.588888088067882,6.665925274277447
2463108.5,2463460.194915254,2031-08-30 00:00:00.000,2032-08-15 16:40:40.678,351.69491525423734,19.420808398872527,10.881589028635712,8.539219370236815
2463108.5,2463478.6525423727,2031-08-30 00:00:00.000,2032-09-03 03:39:39.661,370.1525423728814,18.522795024232995,10.299796885229792,8.222998139003202
2463108.5,2463497.110169492,2031-08-30 00:00:00.000,2032-09-21 14:38:38.644,388.6101694915254,18.2347049422411,10.110750241102917,8.123954701138183
2463108.5,2463552.4830508474,2031-08-30 00:00:00.000,2032-11-15 23:35:35.593,443.98305084745766,16.928292508128216,9.09151115389862,7.836781354229597
2463108.5,2463570.940677966,2031-08-30 00:00:00.000,2032-12-04 10:34:34.576,462.4406779661017,14.422775990416548,7.4194789313861245,7.003297059030423
2463108.5,2463589.398305085,2031-08-30 00:00:00.000,2032-12-22 21:33:33.559,480.8983050847458,13.341395627306756,6.65498631066547,6.686409316641286
2463109.5,2463461.194915254,2031-08-31 00:00:00.000,2032-08-16 16:40:40.678,351.69491525423734,19.535011956207583,10.969175298660812,8.565836657546773
2463109.5,2463479.6525423727,2031-08-31 00:00:00.000,2032-09-04 03:39:39.661,370.1525423728814,18.614767129373227,10.373336312045575,8.241430817327654
2463109.5,2463498.110169492,2031-08-31 00:00:00.000,2032-09-22 14:38:38.644,388.6101694915254,18.25075362929684,10.134838568567748,8.115915060729089
2463109.5,2463553.4830508474,2031-08-31 00:00:00.000,2032-11-16 23:35:35.593,443.98305084745766,17.25580994950301,9.30924800498757,7.946561944515439
2463109.5,2463571.940677966,2031-08-31 00:00:00.000,2032-12-05 10:34:34.576,462.4406779661017,14.54416838531981,7.507647642587778,7.036520742732032
2463109.5,2463590.398305085,2031-08-31 00:00:00.000,2032-12-23 21:33:33.559,480.8983050847458,13.428740579517669,6.7212751339698,6.70746544554787
2463110.5,2463462.194915254,2031-09-01 00:00:00.000,2032-08-17 16:40:40.678,351.69491525423734,19.65015385642108,11.057166166765825,8.592987689655256
2463110.5,2463480.6525423727,2031-09-01 00:00:00.000,2032-09-05 03:39:39.661,370.1525423728814,18.70890288231988,10.44805375720818,8.260849125111699
2463110.5,2463499.110169492,2031-09-01 00:00:00.000,2032-09-23 14:38:38.644,388.6101694915254,18.276621304234205,10.16507786106754,8.111543443166662
2463110.5,2463554.4830508474,2031-09-01 00:00:00.000,2032-11-17 23:35:35.593,443.98305084745766,17.61986326676225,9.549359298801567,8.070503967960681
2463110.5,2463572.940677966,2031-09-01 00:00:00.000,2032-12-06 10:34:34.576,462.4406779661017,14.6687075731533,7.597468095414139,7.071239477739161
2463110.5,2463591.398305085,2031-09-01 00:00:00.000,2032-12-24 21:33:33.559,480.8983050847458,13.516917660109032,6.7878144886670535,6.729103171441978
2463111.5,2463463.194915254,2031-09-02 00:00:00.000,2032-08-18 16:40:40.678,351.69491525423734,19.76640111726981,11.145734369954656,8.620666747315159
2463111.5,2463481.6525423727,2031-09-02 00:00:00.000,2032-09-06 03:39:39.661,370.1525423728814,18.805249943325027,10.524041810440794,8.281208132884233
2463111.5,2463500.110169492,2031-09-02 00:00:00.000,2032-09-24 14:38:38.644,388.6101694915254,18.311349536053616,10.20090322531808,8.110446310735536
2463111.5,2463555.4830508474,2031-09-02 00:00:00.000,2032-11-18 23:35:35.593,443.98305084745766,18.028553267385234,9.816875667268764,8.21167760011647
2463111.5,2463573.940677966,2031-09-02 00:00:00.000,2032-12-07 10:34:34.576,462.4406779661017,14.79683855457045,7.689258420443292,7.107580134127158
2463111.5,2463592.398305085,2031-09-02 00:00:00.000,2032-12-25 21:33:33.559,480.8983050847458,13.606065336803464,6.854731119067714,6.751334217735751
2463112.5,2463464.194915254,2031-09-03 00:00:00.000,2032-08-19 16:40:40.678,351.69491525423734,19.883928465869605,11.235058735076729,8.648869730792876
2463112.5,2463482.6525423727,2031-09-03 00:00:00.000,2032-09-07 03:39:39.661,370.1525423728814,18.90387988246897,10.601411317163176,8.302468565305796
2463112.5,2463501.110169492,2031-09-03 00:00:00.000,2032-09-25 14:38:38.644,388.6101694915254,18.354157686359287,10.241869112719073,8.112288573640214
2463112.5,2463519.5677966103,2031-09-03 00:00:00.000,2032-10-14 01:37:37.627,407.0677966101695,19.78087141969038,11.160841878167336,8.620029541523046
2463112.5,2463556.4830508474,2031-09-03 00:00:00.000,2032-11-19 23:35:35.593,443.98305084745766,18.492312583102876,10.118256702809148,8.374055880293724
2463112.5,2463574.940677966,2031-09-03 00:00:00.000,2032-12-08 10:34:34.576,462.4406779661017,14.929091134751369,7.783401051244319,7.1456900835070485
2463113.5,2463483.6525423727,2031-09-04 00:00:00.000,2032-09-08 03:39:39.661,370.1525423728814,19.004858484963236,10.680262473719926,8.324596011243306
2463113.5,2463502.110169492,2031-09-04 00:00:00.000,2032-09-26 14:38:38.644,388.6101694915254,18.40438859090181,10.287604789071509,8.116783801830303
2463113.5,2463520.5677966103,2031-09-04 00:00:00.000,2032-10-15 01:37:37.627,407.0677966101695,19.508129092189428,10.998279091586918,8.509850000602512
2463113.5,2463557.4830508474,2031-09-04 00:00:00.000,2032-11-20 23:35:35.593,443.98305084745766,19.02472210810792,10.461874852220683,8.562847255887231
2463113.5,2463575.940677966,2031-09-04 00:00:00.000,2032-12-09 10:34:34.576,462.4406779661017,15.066061289762466,7.8803206114025715,7.185740678359895
2463114.5,2463484.6525423727,2031-09-05 00:00:00.000,2032-09-09 03:39:39.661,370.1525423728814,19.108225384264337,10.760665248285532,8.347560135978807
2463114.5,2463503.110169492,2031-09-05 00:00:00.000,2032-09-27 14:38:38.644,388.6101694915254,18.46146689998386,10.337780769523652,8.123686130460209
2463114.5,2463521.5677966103,2031-09-05 00:00:00.000,2032-10-16 01:37:37.627,407.0677966101695,19.29213395558582,10.87185470977169,8.420279245814129
2463114.5,2463558.4830508474,2031-09-05 00:00:00.000,2032-11-21 23:35:35.593,443.98305084745766,19.64370832878431,10.8587304713311,8.78497785745321
2463114.5,2463576.940677966,2031-09-05 00:00:00.000,2032-12-10 10:34:34.576,462.4406779661017,15.208398883118551,7.980467306602943,7.22793157651561
2463115.5,2463485.6525423727,2031-09-06 00:00:00.000,2032-09-10 03:39:39.661,370.1525423728814,19.21398666325736,10.8426526946883,8.37133396856906
2463115.5,2463504.110169492,2031-09-06 00:00:00.000,2032-09-28 14:38:38.644,388.6101694915254,18.524873357875144,10.392089783757546,8.132783574117598
2463115.5,2463522.5677966103,2031-09-06 00:00:00.000,2032-10-17 01:37:37.627,407.0677966101695,19.123143626156363,10.775486709750943,8.347656916405418
2463115.5,2463577.940677966,2031-09-06 00:00:00.000,2032-12-11 10:34:34.576,462.4406779661017,15.356808597359407,8.084312348983755,7.272496248375653
2463116.5,2463486.6525423727,2031-09-07 00:00:00.000,2032-09-11 03:39:39.661,370.1525423728814,19.322118238761757,10.926224926734283,8.395893312027471
2463116.5,2463505.110169492,2031-09-07 00:00:00.000,2032-09-29 14:38:38.644,388.6101694915254,18.59413280525278,10.450240274263306,8.143892530989474
2463116.5,2463523.5677966103,2031-09-07 00:00:00.000,2032-10-18 01:37:37.627,407.0677966101695,18.99341200510818,10.704313559435908,8.289098445672272
2463116.5,2463578.940677966,2031-09-07 00:00:00.000,2032-12-12 10:34:34.576,462.4406779661017,15.512065657278482,8.192356604400404,7.319709052878078
2463117.5,2463487.6525423727,2031-09-08 00:00:00.000,2032-09-12 03:39:39.661,370.1525423728814,19.43257461351553,11.011358328271102,8.421216285244434
2463117.5,2463506.110169492,2031-09-08 00:00:00.000,2032-09-30 14:38:38.644,388.6101694915254,18.668810379472152,10.51195709633051,8.156853283141642
2463117.5,2463524.5677966103,2031-09-08 00:00:00.000,2032-10-19 01:37:37.627,407.0677966101695,18.89672316305453,10.654413459207824,8.242309703846706
2463117.5,2463579.940677966,2031-09-08 00:00:00.000,2032-12-13 10:34:34.576,462.4406779661017,15.675043937077394,8.305149599826867,7.369894337250526
2463118.5,2463488.6525423727,2031-09-09 00:00:00.000,2032-09-13 03:39:39.661,370.1525423728814,19.5452979357239,11.098014959825528,8.447282975898371
2463118.5,2463507.110169492,2031-09-09 00:00:00.000,2032-10-01 14:38:38.644,388.6101694915254,18.748510513979703,10.57698420128263,8.171526312697075
2463118.5,2463525.5677966103,2031-09-09 00:00:00.000,2032-10-20 01:37:37.627,407.0677966101695,18.82804805600751,10.622597663631222,8.205450392376289
2463118.5,2463580.940677966,2031-09-09 00:00:00.000,2032-12-14 10:34:34.576,462.4406779661017,15.846753335876702,8.423315193067568,7.423438142809133
2463119.5,2463489.6525423727,2031-09-10 00:00:00.000,2032-09-14 03:39:39.661,370.1525423728814,19.660224699268348,11.186149526622444,8.474075172645902
2463119.5,2463508.110169492,2031-09-10 00:00:00.000,2032-10-02 14:38:38.644,388.6101694915254,18.832875591856165,10.645086318777407,8.187789273078756
2463119.5,2463526.5677966103,2031-09-10 00:00:00.000,2032-10-21 01:37:37.627,407.0677966101695,18.783287506896976,10.606255180945876,8.177032325951098
2463119.5,2463581.940677966,2031-09-10 00:00:00.000,2032-12-15 10:34:34.576,462.4406779661017,16.028385274427087,8.547581961921944,7.480803312505144
2463120.5,2463490.6525423727,2031-09-11 00:00:00.000,2032-09-15 03:39:39.661,370.1525423728814,19.777289583622483,11.275713435687834,8.501576147934648
2463120.5,2463509.110169492,2031-09-11 00:00:00.000,2032-10-03 14:38:38.644,388.6101694915254,18.921583295329523,10.71604881463354,8.205534480695983
2463120.5,2463527.5677966103,2031-09-11 00:00:00.000,2032-10-22 01:37:37.627,407.0677966101695,18.75907682219084,10.603233885133363,8.155842937057475
2463120.5,2463582.940677966,2031-09-11 00:00:00.000,2032-12-16 10:34:34.576,462.4406779661017,16.22136789648816,8.678818779139046,7.542549117349115
2463121.5,2463491.6525423727,2031-09-12 00:00:00.000,2032-09-16 03:39:39.661,370.1525423728814,19.8964267717946,11.366656301947591,8.529770469847007
2463121.5,2463510.110169492,2031-09-12 00:00:00.000,2032-10-04 14:38:38.644,388.6101694915254,19.014342634101546,10.78967581544658,8.224666818654965
2463121.5,2463528.5677966103,2031-09-12 00:00:00.000,2032-10-23 01:37:37.627,407.0677966101695,18.75263520717077,10.611748011354065,8.140887195816704
2463121.5,2463583.940677966,2031-09-12 00:00:00.000,2032-12-17 10:34:34.576,462.4406779661017,16.42743476895384,8.81807778784475,7.60935698110909
2463122.5,2463511.110169492,2031-09-13 00:00:00.000,2032-10-05 14:38:38.644,388.6101694915254,19.110888666291917,10.865786700514706,8.245101965777208
2463122.5,2463529.5677966103,2031-09-13 00:00:00.000,2032-10-24 01:37:37.627,407.0677966101695,18.76164797398693,10.630304871427663,8.131343102559269
2463122.5,2463584.940677966,2031-09-13 00:00:00.000,2032-12-18 10:34:34.576,462.4406779661017,16.64871276269306,8.966648211831826,7.682064550861234
2463123.5,2463512.110169492,2031-09-14 00:00:00.000,2032-10-06 14:38:38.644,388.6101694915254,19.210975966314408,10.944211083916487,8.26676488239792
2463123.5,2463530.5677966103,2031-09-14 00:00:00.000,2032-10-25 01:37:37.627,407.0677966101695,18.78417290306051,10.65764562790232,8.12652727515819
2463123.5,2463585.940677966,2031-09-14 00:00:00.000,2032-12-19 10:34:34.576,462.4406779661017,16.887837410557673,9.126126061635414,7.761711348922257
2463124.5,2463513.110169492,2031-09-15 00:00:00.000,2032-10-07 14:38:38.644,388.6101694915254,19.314371340809075,11.024782839019624,8.289588501789451
2463124.5,2463531.5677966103,2031-09-15 00:00:00.000,2032-10-26 01:37:37.627,407.0677966101695,18.818564898203668,10.692696785613174,8.125868112590492
2463124.5,2463586.940677966,2031-09-15 00:00:00.000,2032-12-20 10:34:34.576,462.4406779661017,17.148108259288506,9.298507527825173,7.849600731463335
2463125.5,2463514.110169492,2031-09-16 00:00:00.000,2032-10-08 14:38:38.644,388.6101694915254,19.420846813485888,11.1073342205858,8.313512592900086
2463125.5,2463532.5677966103,2031-09-16 00:00:00.000,2032-10-27 01:37:37.627,407.0677966101695,18.863415291576764,10.734530592987204,8.128884698589562
2463125.5,2463587.940677966,2031-09-16 00:00:00.000,2032-12-21 10:34:34.576,462.4406779661017,17.43370303131879,9.486317871535183,7.947385159783605
2463126.5,2463515.110169492,2031-09-17 00:00:00.000,2032-10-09 14:38:38.644,388.6101694915254,19.53017403139129,11.191691257389786,8.338482774001506
2463126.5,2463533.5677966103,2031-09-17 00:00:00.000,2032-10-28 01:37:37.627,407.0677966101695,18.917503546252107,10.782333448407863,8.135170097844242
2463126.5,2463588.940677966,2031-09-17 00:00:00.000,2032-12-22 10:34:34.576,462.4406779661017,17.749978553832463,9.692793215598916,8.057185338233548
2463127.5,2463516.110169492,2031-09-18 00:00:00.000,2032-10-10 14:38:38.644,388.6101694915254,19.64212094416699,11.277671278206856,8.364449665960136
2463127.5,2463534.5677966103,2031-09-18 00:00:00.000,2032-10-29 01:37:37.627,407.0677966101695,18.979759721589545,10.835381673722631,8.144378047866912
2463127.5,2463553.025423729,2031-09-18 00:00:00.000,2032-11-16 12:36:36.610,425.5254237288136,19.870112399691024,11.396309569206856,8.473802830484171
2463127.5,2463589.940677966,2031-09-18 00:00:00.000,2032-12-23 10:34:34.576,462.4406779661017,18.103900363023264,9.922140961045896,8.18175940197737
2463128.5,2463517.110169492,2031-09-19 00:00:00.000,2032-10-11 14:38:38.644,388.6101694915254,19.75645116799943,11.365082989491658,8.391368178507774
2463128.5,2463535.5677966103,2031-09-19 00:00:00.000,2032-10-30 01:37:37.627,407.0677966101695,19.049236273711315,10.893023971440526,8.15621230227079
2463128.5,2463554.025423729,2031-09-19 00:00:00.000,2032-11-17 12:36:36.610,425.5254237288136,19.665034401053678,11.276112551798008,8.388921849255667
2463128.5,2463590.940677966,2031-09-19 00:00:00.000,2032-12-24 10:34:34.576,462.4406779661017,18.50466546010428,10.179917991350996,8.324747468753284
2463129.5,2463518.110169492,2031-09-20 00:00:00.000,2032-10-12 14:38:38.644,388.6101694915254,19.872926076531275,11.453729151912768,8.419196924618507
2463129.5,2463536.5677966103,2031-09-20 00:00:00.000,2032-10-31 01:37:37.627,407.0677966101695,19.125087849926103,10.954669785457206,8.170418064468898
2463129.5,2463555.025423729,2031-09-20 00:00:00.000,2032-11-18 12:36:36.610,425.5254237288136,19.51137856161435,11.188616831548435,8.322761730065913
2463129.5,2463591.940677966,2031-09-20 00:00:00.000,2032-12-25 10:34:34.576,462.4406779661017,18.96462036679207,10.473588334997212,8.491032031794857
2463130.5,2463519.110169492,2031-09-21 00:00:00.000,2032-10-13 14:38:38.644,388.6101694915254,19.99130932811817,11.543411570459066,8.447897757659106
2463130.5,2463537.5677966103,2031-09-21 00:00:00.000,2032-11-01 01:37:37.627,407.0677966101695,19.20655773715157,11.019782652894596,8.186775084256974
2463130.5,2463556.025423729,2031-09-21 00:00:00.000,2032-11-19 12:36:36.610,425.5254237288136,19.399657208929117,11.127804920145705,8.271852288783412
2463131.5,2463538.5677966103,2031-09-22 00:00:00.000,2032-11-02 01:37:37.627,407.0677966101695,19.2929695451337,11.08787745869791,8.205092086435789
2463131.5,2463557.025423729,2031-09-22 00:00:00.000,2032-11-20 12:36:36.610,425.5254237288136,19.322380871352813,11.088895836135707,8.233485035217104
2463132.5,2463539.5677966103,2031-09-23 00:00:00.000,2032-11-03 01:37:37.627,407.0677966101695,19.38372274836383,11.158520477505402,8.225202270858428
2463132.5,2463558.025423729,2031-09-23 00:00:00.000,2032-11-21 12:36:36.610,425.5254237288136,19.27358389125451,11.06805883529253,8.205525055961981
2463133.5,2463540.5677966103,2031-09-24 00:00:00.000,2032-11-04 01:37:37.627,407.0677966101695,19.478291095213528,11.231331418867711,8.246959676345817
2463133.5,2463559.025423729,2031-09-24 00:00:00.000,2032-11-22 12:36:36.610,425.5254237288136,19.24847892055451,11.062204892722193,8.186274027832319
2463134.5,2463541.5677966103,2031-09-25 00:00:00.000,2032-11-05 01:37:37.627,407.0677966101695,19.576223436900072,11.305987193701146,8.270236243198928
2463134.5,2463560.025423729,2031-09-25 00:00:00.000,2032-11-23 12:36:36.610,425.5254237288136,19.243203405262243,11.068834034404324,8.174369370857919
2463135.5,2463542.5677966103,2031-09-26 00:00:00.000,2032-11-06 01:37:37.627,407.0677966101695,19.677146599203283,11.382227157370307,8.294919441832976
2463135.5,2463561.025423729,2031-09-26 00:00:00.000,2032-11-24 12:36:36.610,425.5254237288136,19.254632538815294,11.085923294040072,8.16870924477522
2463136.5,2463543.5677966103,2031-09-27 00:00:00.000,2032-11-07 01:37:37.627,407.0677966101695,19.780769022455463,11.459858666725736,8.32091035572973
2463136.5,2463562.025423729,2031-09-27 00:00:00.000,2032-11-25 12:36:36.610,425.5254237288136,19.280239913757143,11.111843685716703,8.168396228040438
2463137.5,2463544.5677966103,2031-09-28 00:00:00.000,2032-11-08 01:37:37.627,407.0677966101695,19.88688240252361,11.538760287962004,8.348122114561606
2463137.5,2463563.025423729,2031-09-28 00:00:00.000,2032-11-26 12:36:36.610,425.5254237288136,19.3179907794217,11.145296149798115,8.172694629623583
2463138.5,2463545.5677966103,2031-09-29 00:00:00.000,2032-11-09 01:37:37.627,407.0677966101695,19.995357740375876,11.618879166254546,8.376478574121327
2463138.5,2463564.025423729,2031-09-29 00:00:00.000,2032-11-27 12:36:36.610,425.5254237288136,19.366255424310733,11.185257604606983,8.18099781970375
2463139.5,2463565.025423729,2031-09-30 00:00:00.000,2032-11-28 12:36:36.610,425.5254237288136,19.423733534648008,11.230930573731763,8.192802960916246
2463140.5,2463566.025423729,2031-10-01 00:00:00.000,2032-11-29 12:36:36.610,425.5254237288136,19.489384941331245,11.28169370648374,8.207691234847507
2463141.5,2463567.025423729,2031-10-02 00:00:00.000,2032-11-30 12:36:36.610,425.5254237288136,19.56236683632217,11.337054649446353,8.225312186875815
2463142.5,2463568.025423729,2031-10-03 00:00:00.000,2032-12-01 12:36:36.610,425.5254237288136,19.64198045799969,11.396609249903422,8.245371208096268
2463142.5,2463586.4830508474,2031-10-03 00:00:00.000,2032-12-19 23:35:35.593,443.98305084745766,19.874169236611795,11.514876000522923,8.35929323608887
2463143.5,2463569.025423729,2031-10-04 00:00:00.000,2032-12-02 12:36:36.610,425.5254237288136,19.72763030663881,11.460010846307505,8.267619460331314
2463143.5,2463587.4830508474,2031-10-04 00:00:00.000,2032-12-20 23:35:35.593,443.98305084745766,19.760681678180923,11.448189631465006,8.312492046715917
2463144.5,2463570.025423729,2031-10-05 00:00:00.000,2032-12-03 12:36:36.610,425.5254237288136,19.818796684174124,11.526950939060413,8.291845745113712
2463144.5,2463588.4830508474,2031-10-05 00:00:00.000,2032-12-21 23:35:35.593,443.98305084745766,19.687250992422182,11.40708246390385,8.280168528518333
2463145.5,2463571.025423729,2031-10-06 00:00:00.000,2032-12-04 12:36:36.610,425.5254237288136,19.915019509065267,11.597149569060292,8.317869940004975
2463145.5,2463589.4830508474,2031-10-06 00:00:00.000,2032-12-22 23:35:35.593,443.98305084745766,19.646305400709814,11.386795261782186,8.259510138927627
2463146.5,2463590.4830508474,2031-10-07 00:00:00.000,2032-12-23 23:35:35.593,443.98305084745766,19.631980931240317,11.383625811052728,8.248355120187586
2463147.5,2463591.4830508474,2031-10-08 00:00:00.000,2032-12-24 23:35:35.593,443.98305084745766,19.63968791656523,11.394664160336358,8.245023756228873
2463148.5,2463592.4830508474,2031-10-09 00:00:00.000,2032-12-25 23:35:35.593,443.98305084745766,19.665799654704045,11.417602009065476,8.248197645638568
